[0.046s] Invoking command in '/root/AGV/build/bumperbot_description': CMAKE_PREFIX_PATH=/opt/ros/humble /usr/bin/cmake --build /root/AGV/build/bumperbot_description -- -j8 -l8
[0.383s] Invoked command in '/root/AGV/build/bumperbot_description' returned '0': CMAKE_PREFIX_PATH=/opt/ros/humble /usr/bin/cmake --build /root/AGV/build/bumperbot_description -- -j8 -l8
[0.466s] Invoking command in '/root/AGV/build/bumperbot_description': CMAKE_PREFIX_PATH=/opt/ros/humble /usr/bin/cmake --install /root/AGV/build/bumperbot_description
[0.487s] -- Install configuration: ""
[0.488s] -- Up-to-date: /root/AGV/install/bumperbot_description/share/bumperbot_description/meshes
[0.488s] -- Up-to-date: /root/AGV/install/bumperbot_description/share/bumperbot_description/meshes/wheel_left_link.STL
[0.488s] -- Up-to-date: /root/AGV/install/bumperbot_description/share/bumperbot_description/meshes/wheel_right_link.STL
[0.488s] -- Up-to-date: /root/AGV/install/bumperbot_description/share/bumperbot_description/meshes/caster_rear_link.STL
[0.488s] -- Up-to-date: /root/AGV/install/bumperbot_description/share/bumperbot_description/meshes/caster_front_link.STL
[0.488s] -- Up-to-date: /root/AGV/install/bumperbot_description/share/bumperbot_description/meshes/imu_link.STL
[0.488s] -- Up-to-date: /root/AGV/install/bumperbot_description/share/bumperbot_description/meshes/laser_link.STL
[0.488s] -- Up-to-date: /root/AGV/install/bumperbot_description/share/bumperbot_description/meshes/base_link.STL
[0.491s] -- Up-to-date: /root/AGV/install/bumperbot_description/share/bumperbot_description/urdf
[0.491s] -- Up-to-date: /root/AGV/install/bumperbot_description/share/bumperbot_description/urdf/bumperbot.gazebo.xacro
[0.491s] -- Up-to-date: /root/AGV/install/bumperbot_description/share/bumperbot_description/urdf/bumperbot_ros2_control.xacro
[0.491s] -- Up-to-date: /root/AGV/install/bumperbot_description/share/bumperbot_description/urdf/bumperbot.urdf.xacro
[0.491s] -- Up-to-date: /root/AGV/install/bumperbot_description/share/bumperbot_description/launch
[0.491s] -- Up-to-date: /root/AGV/install/bumperbot_description/share/bumperbot_description/launch/display.launch.py
[0.491s] -- Up-to-date: /root/AGV/install/bumperbot_description/share/bumperbot_description/launch/gazebo.launch.py
[0.491s] -- Up-to-date: /root/AGV/install/bumperbot_description/share/bumperbot_description/rviz
[0.491s] -- Up-to-date: /root/AGV/install/bumperbot_description/share/bumperbot_description/rviz/display.rviz
[0.491s] -- Up-to-date: /root/AGV/install/bumperbot_description/share/bumperbot_description/models
[0.492s] -- Up-to-date: /root/AGV/install/bumperbot_description/share/bumperbot_description/models/aws_robomaker_residential_Tablet_01
[0.492s] -- Up-to-date: /root/AGV/install/bumperbot_description/share/bumperbot_description/models/aws_robomaker_residential_Tablet_01/model.config:Zone.Identifier
[0.492s] -- Up-to-date: /root/AGV/install/bumperbot_description/share/bumperbot_description/models/aws_robomaker_residential_Tablet_01/.DS_Store:Zone.Identifier
[0.492s] -- Up-to-date: /root/AGV/install/bumperbot_description/share/bumperbot_description/models/aws_robomaker_residential_Tablet_01/model.sdf:Zone.Identifier
[0.492s] -- Up-to-date: /root/AGV/install/bumperbot_description/share/bumperbot_description/models/aws_robomaker_residential_Tablet_01/model.config
[0.492s] -- Up-to-date: /root/AGV/install/bumperbot_description/share/bumperbot_description/models/aws_robomaker_residential_Tablet_01/meshes
[0.492s] -- Up-to-date: /root/AGV/install/bumperbot_description/share/bumperbot_description/models/aws_robomaker_residential_Tablet_01/meshes/aws_Tablet_01_visual.DAE:Zone.Identifier
[0.492s] -- Up-to-date: /root/AGV/install/bumperbot_description/share/bumperbot_description/models/aws_robomaker_residential_Tablet_01/meshes/aws_Tablet_01_collision.DAE
[0.492s] -- Up-to-date: /root/AGV/install/bumperbot_description/share/bumperbot_description/models/aws_robomaker_residential_Tablet_01/meshes/aws_Tablet_01_collision.DAE:Zone.Identifier
[0.492s] -- Up-to-date: /root/AGV/install/bumperbot_description/share/bumperbot_description/models/aws_robomaker_residential_Tablet_01/meshes/aws_Tablet_01_visual.DAE
[0.492s] -- Up-to-date: /root/AGV/install/bumperbot_description/share/bumperbot_description/models/aws_robomaker_residential_Tablet_01/model.sdf
[0.492s] -- Up-to-date: /root/AGV/install/bumperbot_description/share/bumperbot_description/models/aws_robomaker_residential_Tablet_01/materials
[0.493s] -- Up-to-date: /root/AGV/install/bumperbot_description/share/bumperbot_description/models/aws_robomaker_residential_Tablet_01/materials/.DS_Store:Zone.Identifier
[0.493s] -- Up-to-date: /root/AGV/install/bumperbot_description/share/bumperbot_description/models/aws_robomaker_residential_Tablet_01/materials/.DS_Store
[0.493s] -- Up-to-date: /root/AGV/install/bumperbot_description/share/bumperbot_description/models/aws_robomaker_residential_Tablet_01/materials/textures
[0.493s] -- Up-to-date: /root/AGV/install/bumperbot_description/share/bumperbot_description/models/aws_robomaker_residential_Tablet_01/materials/textures/aws_Tablet_01_nologo.png:Zone.Identifier
[0.494s] -- Up-to-date: /root/AGV/install/bumperbot_description/share/bumperbot_description/models/aws_robomaker_residential_Tablet_01/materials/textures/aws_Tablet_01_nologo.png
[0.494s] -- Up-to-date: /root/AGV/install/bumperbot_description/share/bumperbot_description/models/aws_robomaker_residential_Tablet_01/.DS_Store
[0.494s] -- Up-to-date: /root/AGV/install/bumperbot_description/share/bumperbot_description/models/aws_robomaker_residential_ChairA_01
[0.494s] -- Up-to-date: /root/AGV/install/bumperbot_description/share/bumperbot_description/models/aws_robomaker_residential_ChairA_01/model.config:Zone.Identifier
[0.494s] -- Up-to-date: /root/AGV/install/bumperbot_description/share/bumperbot_description/models/aws_robomaker_residential_ChairA_01/model.sdf:Zone.Identifier
[0.494s] -- Up-to-date: /root/AGV/install/bumperbot_description/share/bumperbot_description/models/aws_robomaker_residential_ChairA_01/model.config
[0.494s] -- Up-to-date: /root/AGV/install/bumperbot_description/share/bumperbot_description/models/aws_robomaker_residential_ChairA_01/meshes
[0.494s] -- Up-to-date: /root/AGV/install/bumperbot_description/share/bumperbot_description/models/aws_robomaker_residential_ChairA_01/meshes/aws_ChairA_01_visual.DAE
[0.494s] -- Up-to-date: /root/AGV/install/bumperbot_description/share/bumperbot_description/models/aws_robomaker_residential_ChairA_01/meshes/aws_ChairA_01_collision.DAE
[0.494s] -- Up-to-date: /root/AGV/install/bumperbot_description/share/bumperbot_description/models/aws_robomaker_residential_ChairA_01/meshes/aws_ChairA_01_collision.DAE:Zone.Identifier
[0.494s] -- Up-to-date: /root/AGV/install/bumperbot_description/share/bumperbot_description/models/aws_robomaker_residential_ChairA_01/meshes/aws_ChairA_01_visual.DAE:Zone.Identifier
[0.494s] -- Up-to-date: /root/AGV/install/bumperbot_description/share/bumperbot_description/models/aws_robomaker_residential_ChairA_01/model.sdf
[0.495s] -- Up-to-date: /root/AGV/install/bumperbot_description/share/bumperbot_description/models/aws_robomaker_residential_ChairA_01/materials
[0.495s] -- Up-to-date: /root/AGV/install/bumperbot_description/share/bumperbot_description/models/aws_robomaker_residential_ChairA_01/materials/textures
[0.495s] -- Up-to-date: /root/AGV/install/bumperbot_description/share/bumperbot_description/models/aws_robomaker_residential_ChairA_01/materials/textures/aws_ChairA_01.png
[0.495s] -- Up-to-date: /root/AGV/install/bumperbot_description/share/bumperbot_description/models/aws_robomaker_residential_ChairA_01/materials/textures/aws_ChairA_01.png:Zone.Identifier
[0.495s] -- Up-to-date: /root/AGV/install/bumperbot_description/share/bumperbot_description/models/aws_robomaker_residential_FoldingDoor_02
[0.496s] -- Up-to-date: /root/AGV/install/bumperbot_description/share/bumperbot_description/models/aws_robomaker_residential_FoldingDoor_02/model.config:Zone.Identifier
[0.496s] -- Up-to-date: /root/AGV/install/bumperbot_description/share/bumperbot_description/models/aws_robomaker_residential_FoldingDoor_02/model.sdf:Zone.Identifier
[0.496s] -- Up-to-date: /root/AGV/install/bumperbot_description/share/bumperbot_description/models/aws_robomaker_residential_FoldingDoor_02/model.config
[0.496s] -- Up-to-date: /root/AGV/install/bumperbot_description/share/bumperbot_description/models/aws_robomaker_residential_FoldingDoor_02/meshes
[0.496s] -- Up-to-date: /root/AGV/install/bumperbot_description/share/bumperbot_description/models/aws_robomaker_residential_FoldingDoor_02/meshes/aws_FoldingDoor_02_collision.DAE
[0.496s] -- Up-to-date: /root/AGV/install/bumperbot_description/share/bumperbot_description/models/aws_robomaker_residential_FoldingDoor_02/meshes/aws_FoldingDoor_02_visual.DAE:Zone.Identifier
[0.496s] -- Up-to-date: /root/AGV/install/bumperbot_description/share/bumperbot_description/models/aws_robomaker_residential_FoldingDoor_02/meshes/aws_FoldingDoor_02_collision.DAE:Zone.Identifier
[0.496s] -- Up-to-date: /root/AGV/install/bumperbot_description/share/bumperbot_description/models/aws_robomaker_residential_FoldingDoor_02/meshes/aws_FoldingDoor_02_visual.DAE
[0.496s] -- Up-to-date: /root/AGV/install/bumperbot_description/share/bumperbot_description/models/aws_robomaker_residential_FoldingDoor_02/model.sdf
[0.496s] -- Up-to-date: /root/AGV/install/bumperbot_description/share/bumperbot_description/models/aws_robomaker_residential_FoldingDoor_02/materials
[0.496s] -- Up-to-date: /root/AGV/install/bumperbot_description/share/bumperbot_description/models/aws_robomaker_residential_FoldingDoor_02/materials/textures
[0.496s] -- Up-to-date: /root/AGV/install/bumperbot_description/share/bumperbot_description/models/aws_robomaker_residential_FoldingDoor_02/materials/textures/aws_FoldingDoor_02.png
[0.497s] -- Up-to-date: /root/AGV/install/bumperbot_description/share/bumperbot_description/models/aws_robomaker_residential_FoldingDoor_02/materials/textures/aws_FoldingDoor_02.png:Zone.Identifier
[0.497s] -- Up-to-date: /root/AGV/install/bumperbot_description/share/bumperbot_description/models/aws_robomaker_residential_DeskPortraitD_03
[0.497s] -- Up-to-date: /root/AGV/install/bumperbot_description/share/bumperbot_description/models/aws_robomaker_residential_DeskPortraitD_03/model.config:Zone.Identifier
[0.497s] -- Up-to-date: /root/AGV/install/bumperbot_description/share/bumperbot_description/models/aws_robomaker_residential_DeskPortraitD_03/model.sdf:Zone.Identifier
[0.497s] -- Up-to-date: /root/AGV/install/bumperbot_description/share/bumperbot_description/models/aws_robomaker_residential_DeskPortraitD_03/model.config
[0.497s] -- Up-to-date: /root/AGV/install/bumperbot_description/share/bumperbot_description/models/aws_robomaker_residential_DeskPortraitD_03/meshes
[0.497s] -- Up-to-date: /root/AGV/install/bumperbot_description/share/bumperbot_description/models/aws_robomaker_residential_DeskPortraitD_03/meshes/aws_DeskPortraitD_01_collision.DAE:Zone.Identifier
[0.497s] -- Up-to-date: /root/AGV/install/bumperbot_description/share/bumperbot_description/models/aws_robomaker_residential_DeskPortraitD_03/meshes/aws_DeskPortraitD_01_visual.DAE:Zone.Identifier
[0.497s] -- Up-to-date: /root/AGV/install/bumperbot_description/share/bumperbot_description/models/aws_robomaker_residential_DeskPortraitD_03/meshes/aws_DeskPortraitD_01_collision.DAE
[0.497s] -- Up-to-date: /root/AGV/install/bumperbot_description/share/bumperbot_description/models/aws_robomaker_residential_DeskPortraitD_03/meshes/aws_DeskPortraitD_01_visual.DAE
[0.497s] -- Up-to-date: /root/AGV/install/bumperbot_description/share/bumperbot_description/models/aws_robomaker_residential_DeskPortraitD_03/model.sdf
[0.502s] -- Up-to-date: /root/AGV/install/bumperbot_description/share/bumperbot_description/models/aws_robomaker_residential_DeskPortraitD_03/materials
[0.503s] -- Up-to-date: /root/AGV/install/bumperbot_description/share/bumperbot_description/models/aws_robomaker_residential_DeskPortraitD_03/materials/textures
[0.503s] -- Up-to-date: /root/AGV/install/bumperbot_description/share/bumperbot_description/models/aws_robomaker_residential_DeskPortraitD_03/materials/textures/DeskPortraitD_03.jpg
[0.503s] -- Up-to-date: /root/AGV/install/bumperbot_description/share/bumperbot_description/models/aws_robomaker_residential_DeskPortraitD_03/materials/textures/aws_DeskPortraitD_02.png:Zone.Identifier
[0.503s] -- Up-to-date: /root/AGV/install/bumperbot_description/share/bumperbot_description/models/aws_robomaker_residential_DeskPortraitD_03/materials/textures/aws_DeskPortraitD_01.png:Zone.Identifier
[0.503s] -- Up-to-date: /root/AGV/install/bumperbot_description/share/bumperbot_description/models/aws_robomaker_residential_DeskPortraitD_03/materials/textures/aws_DeskPortraitD_02.png
[0.503s] -- Up-to-date: /root/AGV/install/bumperbot_description/share/bumperbot_description/models/aws_robomaker_residential_DeskPortraitD_03/materials/textures/DeskPortraitD_03.jpg:Zone.Identifier
[0.503s] -- Up-to-date: /root/AGV/install/bumperbot_description/share/bumperbot_description/models/aws_robomaker_residential_DeskPortraitD_03/materials/textures/aws_DeskPortraitD_01.png
[0.503s] -- Up-to-date: /root/AGV/install/bumperbot_description/share/bumperbot_description/models/aws_robomaker_residential_TV_01
[0.503s] -- Up-to-date: /root/AGV/install/bumperbot_description/share/bumperbot_description/models/aws_robomaker_residential_TV_01/model.config:Zone.Identifier
[0.503s] -- Up-to-date: /root/AGV/install/bumperbot_description/share/bumperbot_description/models/aws_robomaker_residential_TV_01/model.sdf:Zone.Identifier
[0.503s] -- Up-to-date: /root/AGV/install/bumperbot_description/share/bumperbot_description/models/aws_robomaker_residential_TV_01/model.config
[0.503s] -- Up-to-date: /root/AGV/install/bumperbot_description/share/bumperbot_description/models/aws_robomaker_residential_TV_01/meshes
[0.504s] -- Up-to-date: /root/AGV/install/bumperbot_description/share/bumperbot_description/models/aws_robomaker_residential_TV_01/meshes/aws_TV_01_visual.DAE:Zone.Identifier
[0.504s] -- Up-to-date: /root/AGV/install/bumperbot_description/share/bumperbot_description/models/aws_robomaker_residential_TV_01/meshes/aws_TV_01_collision.DAE:Zone.Identifier
[0.504s] -- Up-to-date: /root/AGV/install/bumperbot_description/share/bumperbot_description/models/aws_robomaker_residential_TV_01/meshes/aws_TV_01_visual.DAE
[0.504s] -- Up-to-date: /root/AGV/install/bumperbot_description/share/bumperbot_description/models/aws_robomaker_residential_TV_01/meshes/aws_TV_01_collision.DAE
[0.504s] -- Up-to-date: /root/AGV/install/bumperbot_description/share/bumperbot_description/models/aws_robomaker_residential_TV_01/model.sdf
[0.504s] -- Up-to-date: /root/AGV/install/bumperbot_description/share/bumperbot_description/models/aws_robomaker_residential_TV_01/materials
[0.504s] -- Up-to-date: /root/AGV/install/bumperbot_description/share/bumperbot_description/models/aws_robomaker_residential_TV_01/materials/textures
[0.504s] -- Up-to-date: /root/AGV/install/bumperbot_description/share/bumperbot_description/models/aws_robomaker_residential_TV_01/materials/textures/aws_TV_01.png:Zone.Identifier
[0.504s] -- Up-to-date: /root/AGV/install/bumperbot_description/share/bumperbot_description/models/aws_robomaker_residential_TV_01/materials/textures/aws_TV_01.png
[0.504s] -- Up-to-date: /root/AGV/install/bumperbot_description/share/bumperbot_description/models/aws_robomaker_residential_DeskPortraitD_02
[0.504s] -- Up-to-date: /root/AGV/install/bumperbot_description/share/bumperbot_description/models/aws_robomaker_residential_DeskPortraitD_02/model.config:Zone.Identifier
[0.504s] -- Up-to-date: /root/AGV/install/bumperbot_description/share/bumperbot_description/models/aws_robomaker_residential_DeskPortraitD_02/model.sdf:Zone.Identifier
[0.504s] -- Up-to-date: /root/AGV/install/bumperbot_description/share/bumperbot_description/models/aws_robomaker_residential_DeskPortraitD_02/model.config
[0.504s] -- Up-to-date: /root/AGV/install/bumperbot_description/share/bumperbot_description/models/aws_robomaker_residential_DeskPortraitD_02/meshes
[0.504s] -- Up-to-date: /root/AGV/install/bumperbot_description/share/bumperbot_description/models/aws_robomaker_residential_DeskPortraitD_02/meshes/aws_DeskPortraitD_01_collision.DAE:Zone.Identifier
[0.504s] -- Up-to-date: /root/AGV/install/bumperbot_description/share/bumperbot_description/models/aws_robomaker_residential_DeskPortraitD_02/meshes/aws_DeskPortraitD_01_visual.DAE:Zone.Identifier
[0.505s] -- Up-to-date: /root/AGV/install/bumperbot_description/share/bumperbot_description/models/aws_robomaker_residential_DeskPortraitD_02/meshes/aws_DeskPortraitD_01_collision.DAE
[0.505s] -- Up-to-date: /root/AGV/install/bumperbot_description/share/bumperbot_description/models/aws_robomaker_residential_DeskPortraitD_02/meshes/aws_DeskPortraitD_01_visual.DAE
[0.505s] -- Up-to-date: /root/AGV/install/bumperbot_description/share/bumperbot_description/models/aws_robomaker_residential_DeskPortraitD_02/model.sdf
[0.505s] -- Up-to-date: /root/AGV/install/bumperbot_description/share/bumperbot_description/models/aws_robomaker_residential_DeskPortraitD_02/materials
[0.505s] -- Up-to-date: /root/AGV/install/bumperbot_description/share/bumperbot_description/models/aws_robomaker_residential_DeskPortraitD_02/materials/textures
[0.505s] -- Up-to-date: /root/AGV/install/bumperbot_description/share/bumperbot_description/models/aws_robomaker_residential_DeskPortraitD_02/materials/textures/DeskPortraitD_02.jpg
[0.505s] -- Up-to-date: /root/AGV/install/bumperbot_description/share/bumperbot_description/models/aws_robomaker_residential_DeskPortraitD_02/materials/textures/aws_DeskPortraitD_02.png:Zone.Identifier
[0.505s] -- Up-to-date: /root/AGV/install/bumperbot_description/share/bumperbot_description/models/aws_robomaker_residential_DeskPortraitD_02/materials/textures/aws_DeskPortraitD_01.png:Zone.Identifier
[0.505s] -- Up-to-date: /root/AGV/install/bumperbot_description/share/bumperbot_description/models/aws_robomaker_residential_DeskPortraitD_02/materials/textures/aws_DeskPortraitD_02.png
[0.505s] -- Up-to-date: /root/AGV/install/bumperbot_description/share/bumperbot_description/models/aws_robomaker_residential_DeskPortraitD_02/materials/textures/DeskPortraitD_02.jpg:Zone.Identifier
[0.505s] -- Up-to-date: /root/AGV/install/bumperbot_description/share/bumperbot_description/models/aws_robomaker_residential_DeskPortraitD_02/materials/textures/aws_DeskPortraitD_01.png
[0.505s] -- Up-to-date: /root/AGV/install/bumperbot_description/share/bumperbot_description/models/aws_robomaker_residential_HouseWallB_01
[0.505s] -- Up-to-date: /root/AGV/install/bumperbot_description/share/bumperbot_description/models/aws_robomaker_residential_HouseWallB_01/model.config:Zone.Identifier
[0.506s] -- Up-to-date: /root/AGV/install/bumperbot_description/share/bumperbot_description/models/aws_robomaker_residential_HouseWallB_01/model.sdf:Zone.Identifier
[0.506s] -- Up-to-date: /root/AGV/install/bumperbot_description/share/bumperbot_description/models/aws_robomaker_residential_HouseWallB_01/model.config
[0.506s] -- Up-to-date: /root/AGV/install/bumperbot_description/share/bumperbot_description/models/aws_robomaker_residential_HouseWallB_01/meshes
[0.506s] -- Up-to-date: /root/AGV/install/bumperbot_description/share/bumperbot_description/models/aws_robomaker_residential_HouseWallB_01/meshes/aws_HouseWallB_01_visual.DAE
[0.506s] -- Up-to-date: /root/AGV/install/bumperbot_description/share/bumperbot_description/models/aws_robomaker_residential_HouseWallB_01/meshes/aws_HouseWallB_01_collision.DAE
[0.506s] -- Up-to-date: /root/AGV/install/bumperbot_description/share/bumperbot_description/models/aws_robomaker_residential_HouseWallB_01/meshes/aws_HouseWallB_01_collision.DAE:Zone.Identifier
[0.506s] -- Up-to-date: /root/AGV/install/bumperbot_description/share/bumperbot_description/models/aws_robomaker_residential_HouseWallB_01/meshes/aws_HouseWallB_01_visual.DAE:Zone.Identifier
[0.506s] -- Up-to-date: /root/AGV/install/bumperbot_description/share/bumperbot_description/models/aws_robomaker_residential_HouseWallB_01/model.sdf
[0.506s] -- Up-to-date: /root/AGV/install/bumperbot_description/share/bumperbot_description/models/aws_robomaker_residential_HouseWallB_01/materials
[0.506s] -- Up-to-date: /root/AGV/install/bumperbot_description/share/bumperbot_description/models/aws_robomaker_residential_HouseWallB_01/materials/textures
[0.506s] -- Up-to-date: /root/AGV/install/bumperbot_description/share/bumperbot_description/models/aws_robomaker_residential_HouseWallB_01/materials/textures/aws_HouseWallB_01.png:Zone.Identifier
[0.506s] -- Up-to-date: /root/AGV/install/bumperbot_description/share/bumperbot_description/models/aws_robomaker_residential_HouseWallB_01/materials/textures/aws_HouseWallB_01.png
[0.507s] -- Up-to-date: /root/AGV/install/bumperbot_description/share/bumperbot_description/models/aws_robomaker_residential_ChairD_01
[0.507s] -- Up-to-date: /root/AGV/install/bumperbot_description/share/bumperbot_description/models/aws_robomaker_residential_ChairD_01/model.config:Zone.Identifier
[0.507s] -- Up-to-date: /root/AGV/install/bumperbot_description/share/bumperbot_description/models/aws_robomaker_residential_ChairD_01/model.sdf:Zone.Identifier
[0.507s] -- Up-to-date: /root/AGV/install/bumperbot_description/share/bumperbot_description/models/aws_robomaker_residential_ChairD_01/model.config
[0.507s] -- Up-to-date: /root/AGV/install/bumperbot_description/share/bumperbot_description/models/aws_robomaker_residential_ChairD_01/meshes
[0.510s] -- Up-to-date: /root/AGV/install/bumperbot_description/share/bumperbot_description/models/aws_robomaker_residential_ChairD_01/meshes/aws_ChairD_01_collision.DAE
[0.510s] -- Up-to-date: /root/AGV/install/bumperbot_description/share/bumperbot_description/models/aws_robomaker_residential_ChairD_01/meshes/aws_ChairD_01_visual.DAE
[0.511s] -- Up-to-date: /root/AGV/install/bumperbot_description/share/bumperbot_description/models/aws_robomaker_residential_ChairD_01/meshes/aws_ChairD_01_collision.DAE:Zone.Identifier
[0.511s] -- Up-to-date: /root/AGV/install/bumperbot_description/share/bumperbot_description/models/aws_robomaker_residential_ChairD_01/meshes/aws_ChairD_01_visual.DAE:Zone.Identifier
[0.511s] -- Up-to-date: /root/AGV/install/bumperbot_description/share/bumperbot_description/models/aws_robomaker_residential_ChairD_01/model.sdf
[0.511s] -- Up-to-date: /root/AGV/install/bumperbot_description/share/bumperbot_description/models/aws_robomaker_residential_ChairD_01/materials
[0.511s] -- Up-to-date: /root/AGV/install/bumperbot_description/share/bumperbot_description/models/aws_robomaker_residential_ChairD_01/materials/textures
[0.511s] -- Up-to-date: /root/AGV/install/bumperbot_description/share/bumperbot_description/models/aws_robomaker_residential_ChairD_01/materials/textures/aws_ChairD_01.png:Zone.Identifier
[0.511s] -- Up-to-date: /root/AGV/install/bumperbot_description/share/bumperbot_description/models/aws_robomaker_residential_ChairD_01/materials/textures/aws_ChairD_01.png
[0.511s] -- Up-to-date: /root/AGV/install/bumperbot_description/share/bumperbot_description/models/sun
[0.511s] -- Up-to-date: /root/AGV/install/bumperbot_description/share/bumperbot_description/models/sun/model-1_2.sdf
[0.511s] -- Up-to-date: /root/AGV/install/bumperbot_description/share/bumperbot_description/models/sun/model.config:Zone.Identifier
[0.512s] -- Up-to-date: /root/AGV/install/bumperbot_description/share/bumperbot_description/models/sun/model.sdf:Zone.Identifier
[0.512s] -- Up-to-date: /root/AGV/install/bumperbot_description/share/bumperbot_description/models/sun/model.config
[0.512s] -- Up-to-date: /root/AGV/install/bumperbot_description/share/bumperbot_description/models/sun/model-1_4.sdf
[0.512s] -- Up-to-date: /root/AGV/install/bumperbot_description/share/bumperbot_description/models/sun/model-1_3.sdf
[0.512s] -- Up-to-date: /root/AGV/install/bumperbot_description/share/bumperbot_description/models/sun/model.sdf
[0.512s] -- Up-to-date: /root/AGV/install/bumperbot_description/share/bumperbot_description/models/sun/model-1_4.sdf:Zone.Identifier
[0.512s] -- Up-to-date: /root/AGV/install/bumperbot_description/share/bumperbot_description/models/sun/model-1_3.sdf:Zone.Identifier
[0.512s] -- Up-to-date: /root/AGV/install/bumperbot_description/share/bumperbot_description/models/sun/model-1_2.sdf:Zone.Identifier
[0.512s] -- Up-to-date: /root/AGV/install/bumperbot_description/share/bumperbot_description/models/aws_robomaker_residential_PortraitD_02
[0.512s] -- Up-to-date: /root/AGV/install/bumperbot_description/share/bumperbot_description/models/aws_robomaker_residential_PortraitD_02/model.config:Zone.Identifier
[0.512s] -- Up-to-date: /root/AGV/install/bumperbot_description/share/bumperbot_description/models/aws_robomaker_residential_PortraitD_02/model.sdf:Zone.Identifier
[0.512s] -- Up-to-date: /root/AGV/install/bumperbot_description/share/bumperbot_description/models/aws_robomaker_residential_PortraitD_02/model.config
[0.512s] -- Up-to-date: /root/AGV/install/bumperbot_description/share/bumperbot_description/models/aws_robomaker_residential_PortraitD_02/meshes
[0.513s] -- Up-to-date: /root/AGV/install/bumperbot_description/share/bumperbot_description/models/aws_robomaker_residential_PortraitD_02/meshes/aws_PortraitD_01_collision.DAE:Zone.Identifier
[0.513s] -- Up-to-date: /root/AGV/install/bumperbot_description/share/bumperbot_description/models/aws_robomaker_residential_PortraitD_02/meshes/aws_PortraitD_01_collision.DAE
[0.515s] -- Up-to-date: /root/AGV/install/bumperbot_description/share/bumperbot_description/models/aws_robomaker_residential_PortraitD_02/meshes/aws_PortraitD_01_visual.DAE
[0.515s] -- Up-to-date: /root/AGV/install/bumperbot_description/share/bumperbot_description/models/aws_robomaker_residential_PortraitD_02/meshes/aws_PortraitD_01_visual.DAE:Zone.Identifier
[0.515s] -- Up-to-date: /root/AGV/install/bumperbot_description/share/bumperbot_description/models/aws_robomaker_residential_PortraitD_02/model.sdf
[0.515s] -- Up-to-date: /root/AGV/install/bumperbot_description/share/bumperbot_description/models/aws_robomaker_residential_PortraitD_02/materials
[0.515s] -- Up-to-date: /root/AGV/install/bumperbot_description/share/bumperbot_description/models/aws_robomaker_residential_PortraitD_02/materials/textures
[0.515s] -- Up-to-date: /root/AGV/install/bumperbot_description/share/bumperbot_description/models/aws_robomaker_residential_PortraitD_02/materials/textures/PortraitD_02.jpg:Zone.Identifier
[0.515s] -- Up-to-date: /root/AGV/install/bumperbot_description/share/bumperbot_description/models/aws_robomaker_residential_PortraitD_02/materials/textures/PortraitD_02.jpg
[0.516s] -- Up-to-date: /root/AGV/install/bumperbot_description/share/bumperbot_description/models/aws_robomaker_residential_PortraitD_02/materials/textures/aws_PortraitD_02.png:Zone.Identifier
[0.516s] -- Up-to-date: /root/AGV/install/bumperbot_description/share/bumperbot_description/models/aws_robomaker_residential_PortraitD_02/materials/textures/aws_PortraitD_01.png
[0.516s] -- Up-to-date: /root/AGV/install/bumperbot_description/share/bumperbot_description/models/aws_robomaker_residential_PortraitD_02/materials/textures/aws_PortraitD_01.png:Zone.Identifier
[0.516s] -- Up-to-date: /root/AGV/install/bumperbot_description/share/bumperbot_description/models/aws_robomaker_residential_PortraitD_02/materials/textures/aws_PortraitD_02.png
[0.516s] -- Up-to-date: /root/AGV/install/bumperbot_description/share/bumperbot_description/models/aws_robomaker_residential_RoomWall_01
[0.516s] -- Up-to-date: /root/AGV/install/bumperbot_description/share/bumperbot_description/models/aws_robomaker_residential_RoomWall_01/model.config:Zone.Identifier
[0.516s] -- Up-to-date: /root/AGV/install/bumperbot_description/share/bumperbot_description/models/aws_robomaker_residential_RoomWall_01/model.sdf:Zone.Identifier
[0.517s] -- Up-to-date: /root/AGV/install/bumperbot_description/share/bumperbot_description/models/aws_robomaker_residential_RoomWall_01/model.config
[0.518s] -- Up-to-date: /root/AGV/install/bumperbot_description/share/bumperbot_description/models/aws_robomaker_residential_RoomWall_01/meshes
[0.518s] -- Up-to-date: /root/AGV/install/bumperbot_description/share/bumperbot_description/models/aws_robomaker_residential_RoomWall_01/meshes/aws_RoomWall_01_collision.DAE
[0.519s] -- Up-to-date: /root/AGV/install/bumperbot_description/share/bumperbot_description/models/aws_robomaker_residential_RoomWall_01/meshes/aws_RoomWall_01_collision.DAE:Zone.Identifier
[0.519s] -- Up-to-date: /root/AGV/install/bumperbot_description/share/bumperbot_description/models/aws_robomaker_residential_RoomWall_01/meshes/aws_RoomWall_01_visual.DAE
[0.519s] -- Up-to-date: /root/AGV/install/bumperbot_description/share/bumperbot_description/models/aws_robomaker_residential_RoomWall_01/meshes/aws_RoomWall_01_visual.DAE:Zone.Identifier
[0.519s] -- Up-to-date: /root/AGV/install/bumperbot_description/share/bumperbot_description/models/aws_robomaker_residential_RoomWall_01/model.sdf
[0.520s] -- Up-to-date: /root/AGV/install/bumperbot_description/share/bumperbot_description/models/aws_robomaker_residential_RoomWall_01/materials
[0.520s] -- Up-to-date: /root/AGV/install/bumperbot_description/share/bumperbot_description/models/aws_robomaker_residential_RoomWall_01/materials/textures
[0.520s] -- Up-to-date: /root/AGV/install/bumperbot_description/share/bumperbot_description/models/aws_robomaker_residential_RoomWall_01/materials/textures/aws_RoomWall_01.png
[0.520s] -- Up-to-date: /root/AGV/install/bumperbot_description/share/bumperbot_description/models/aws_robomaker_residential_RoomWall_01/materials/textures/aws_RoomWall_01.png:Zone.Identifier
[0.520s] -- Up-to-date: /root/AGV/install/bumperbot_description/share/bumperbot_description/models/aws_robomaker_residential_CookingBench_01
[0.521s] -- Up-to-date: /root/AGV/install/bumperbot_description/share/bumperbot_description/models/aws_robomaker_residential_CookingBench_01/model.config:Zone.Identifier
[0.521s] -- Up-to-date: /root/AGV/install/bumperbot_description/share/bumperbot_description/models/aws_robomaker_residential_CookingBench_01/model.sdf:Zone.Identifier
[0.521s] -- Up-to-date: /root/AGV/install/bumperbot_description/share/bumperbot_description/models/aws_robomaker_residential_CookingBench_01/model.config
[0.521s] -- Up-to-date: /root/AGV/install/bumperbot_description/share/bumperbot_description/models/aws_robomaker_residential_CookingBench_01/meshes
[0.521s] -- Up-to-date: /root/AGV/install/bumperbot_description/share/bumperbot_description/models/aws_robomaker_residential_CookingBench_01/meshes/aws_CookingBench_01_visual.DAE
[0.523s] -- Up-to-date: /root/AGV/install/bumperbot_description/share/bumperbot_description/models/aws_robomaker_residential_CookingBench_01/meshes/aws_CookingBench_01.DAE:Zone.Identifier
[0.529s] -- Up-to-date: /root/AGV/install/bumperbot_description/share/bumperbot_description/models/aws_robomaker_residential_CookingBench_01/meshes/aws_CookingBench_01_collision.DAE
[0.529s] -- Up-to-date: /root/AGV/install/bumperbot_description/share/bumperbot_description/models/aws_robomaker_residential_CookingBench_01/meshes/aws_CookingBench_01_visual.DAE:Zone.Identifier
[0.529s] -- Up-to-date: /root/AGV/install/bumperbot_description/share/bumperbot_description/models/aws_robomaker_residential_CookingBench_01/meshes/aws_CookingBench_01_collision.DAE:Zone.Identifier
[0.530s] -- Up-to-date: /root/AGV/install/bumperbot_description/share/bumperbot_description/models/aws_robomaker_residential_CookingBench_01/meshes/aws_CookingBench_01.DAE
[0.530s] -- Up-to-date: /root/AGV/install/bumperbot_description/share/bumperbot_description/models/aws_robomaker_residential_CookingBench_01/model.sdf
[0.530s] -- Up-to-date: /root/AGV/install/bumperbot_description/share/bumperbot_description/models/aws_robomaker_residential_CookingBench_01/materials
[0.530s] -- Up-to-date: /root/AGV/install/bumperbot_description/share/bumperbot_description/models/aws_robomaker_residential_CookingBench_01/materials/textures
[0.530s] -- Up-to-date: /root/AGV/install/bumperbot_description/share/bumperbot_description/models/aws_robomaker_residential_CookingBench_01/materials/textures/aws_CookingBench_01.png
[0.530s] -- Up-to-date: /root/AGV/install/bumperbot_description/share/bumperbot_description/models/aws_robomaker_residential_CookingBench_01/materials/textures/aws_CookingBench_01.png:Zone.Identifier
[0.530s] -- Up-to-date: /root/AGV/install/bumperbot_description/share/bumperbot_description/models/aws_robomaker_residential_Trash_01
[0.530s] -- Up-to-date: /root/AGV/install/bumperbot_description/share/bumperbot_description/models/aws_robomaker_residential_Trash_01/model.config:Zone.Identifier
[0.531s] -- Up-to-date: /root/AGV/install/bumperbot_description/share/bumperbot_description/models/aws_robomaker_residential_Trash_01/model.sdf:Zone.Identifier
[0.531s] -- Up-to-date: /root/AGV/install/bumperbot_description/share/bumperbot_description/models/aws_robomaker_residential_Trash_01/model.config
[0.531s] -- Up-to-date: /root/AGV/install/bumperbot_description/share/bumperbot_description/models/aws_robomaker_residential_Trash_01/meshes
[0.531s] -- Up-to-date: /root/AGV/install/bumperbot_description/share/bumperbot_description/models/aws_robomaker_residential_Trash_01/meshes/aws_Trash_01_collision.DAE
[0.531s] -- Up-to-date: /root/AGV/install/bumperbot_description/share/bumperbot_description/models/aws_robomaker_residential_Trash_01/meshes/aws_Trash_01_visual.DAE:Zone.Identifier
[0.532s] -- Up-to-date: /root/AGV/install/bumperbot_description/share/bumperbot_description/models/aws_robomaker_residential_Trash_01/meshes/aws_Trash_01_visual.DAE
[0.554s] -- Up-to-date: /root/AGV/install/bumperbot_description/share/bumperbot_description/models/aws_robomaker_residential_Trash_01/meshes/aws_Trash_01_collision.DAE:Zone.Identifier
[0.554s] -- Up-to-date: /root/AGV/install/bumperbot_description/share/bumperbot_description/models/aws_robomaker_residential_Trash_01/model.sdf
[0.555s] -- Up-to-date: /root/AGV/install/bumperbot_description/share/bumperbot_description/models/aws_robomaker_residential_Trash_01/materials
[0.555s] -- Up-to-date: /root/AGV/install/bumperbot_description/share/bumperbot_description/models/aws_robomaker_residential_Trash_01/materials/textures
[0.555s] -- Up-to-date: /root/AGV/install/bumperbot_description/share/bumperbot_description/models/aws_robomaker_residential_Trash_01/materials/textures/aws_Trash_01.png:Zone.Identifier
[0.555s] -- Up-to-date: /root/AGV/install/bumperbot_description/share/bumperbot_description/models/aws_robomaker_residential_Trash_01/materials/textures/aws_Trash_01.png
[0.555s] -- Up-to-date: /root/AGV/install/bumperbot_description/share/bumperbot_description/models/aws_robomaker_residential_DeskPortraitD_01
[0.555s] -- Up-to-date: /root/AGV/install/bumperbot_description/share/bumperbot_description/models/aws_robomaker_residential_DeskPortraitD_01/model.config:Zone.Identifier
[0.555s] -- Up-to-date: /root/AGV/install/bumperbot_description/share/bumperbot_description/models/aws_robomaker_residential_DeskPortraitD_01/model.sdf:Zone.Identifier
[0.555s] -- Up-to-date: /root/AGV/install/bumperbot_description/share/bumperbot_description/models/aws_robomaker_residential_DeskPortraitD_01/model.config
[0.555s] -- Up-to-date: /root/AGV/install/bumperbot_description/share/bumperbot_description/models/aws_robomaker_residential_DeskPortraitD_01/meshes
[0.555s] -- Up-to-date: /root/AGV/install/bumperbot_description/share/bumperbot_description/models/aws_robomaker_residential_DeskPortraitD_01/meshes/aws_DeskPortraitD_01_collision.DAE:Zone.Identifier
[0.555s] -- Up-to-date: /root/AGV/install/bumperbot_description/share/bumperbot_description/models/aws_robomaker_residential_DeskPortraitD_01/meshes/aws_DeskPortraitD_01_visual.DAE:Zone.Identifier
[0.555s] -- Up-to-date: /root/AGV/install/bumperbot_description/share/bumperbot_description/models/aws_robomaker_residential_DeskPortraitD_01/meshes/aws_DeskPortraitD_01_collision.DAE
[0.555s] -- Up-to-date: /root/AGV/install/bumperbot_description/share/bumperbot_description/models/aws_robomaker_residential_DeskPortraitD_01/meshes/aws_DeskPortraitD_01_visual.DAE
[0.556s] -- Up-to-date: /root/AGV/install/bumperbot_description/share/bumperbot_description/models/aws_robomaker_residential_DeskPortraitD_01/model.sdf
[0.556s] -- Up-to-date: /root/AGV/install/bumperbot_description/share/bumperbot_description/models/aws_robomaker_residential_DeskPortraitD_01/materials
[0.556s] -- Up-to-date: /root/AGV/install/bumperbot_description/share/bumperbot_description/models/aws_robomaker_residential_DeskPortraitD_01/materials/textures
[0.556s] -- Up-to-date: /root/AGV/install/bumperbot_description/share/bumperbot_description/models/aws_robomaker_residential_DeskPortraitD_01/materials/textures/aws_DeskPortraitD_02.png:Zone.Identifier
[0.556s] -- Up-to-date: /root/AGV/install/bumperbot_description/share/bumperbot_description/models/aws_robomaker_residential_DeskPortraitD_01/materials/textures/DeskPortraitD_01.jpg:Zone.Identifier
[0.556s] -- Up-to-date: /root/AGV/install/bumperbot_description/share/bumperbot_description/models/aws_robomaker_residential_DeskPortraitD_01/materials/textures/aws_DeskPortraitD_01.png:Zone.Identifier
[0.556s] -- Up-to-date: /root/AGV/install/bumperbot_description/share/bumperbot_description/models/aws_robomaker_residential_DeskPortraitD_01/materials/textures/aws_DeskPortraitD_02.png
[0.556s] -- Up-to-date: /root/AGV/install/bumperbot_description/share/bumperbot_description/models/aws_robomaker_residential_DeskPortraitD_01/materials/textures/DeskPortraitD_01.jpg
[0.556s] -- Up-to-date: /root/AGV/install/bumperbot_description/share/bumperbot_description/models/aws_robomaker_residential_DeskPortraitD_01/materials/textures/aws_DeskPortraitD_01.png
[0.556s] -- Up-to-date: /root/AGV/install/bumperbot_description/share/bumperbot_description/models/aws_robomaker_residential_Dumbbell_01
[0.556s] -- Up-to-date: /root/AGV/install/bumperbot_description/share/bumperbot_description/models/aws_robomaker_residential_Dumbbell_01/model.config:Zone.Identifier
[0.556s] -- Up-to-date: /root/AGV/install/bumperbot_description/share/bumperbot_description/models/aws_robomaker_residential_Dumbbell_01/model.sdf:Zone.Identifier
[0.556s] -- Up-to-date: /root/AGV/install/bumperbot_description/share/bumperbot_description/models/aws_robomaker_residential_Dumbbell_01/model.config
[0.556s] -- Up-to-date: /root/AGV/install/bumperbot_description/share/bumperbot_description/models/aws_robomaker_residential_Dumbbell_01/meshes
[0.557s] -- Up-to-date: /root/AGV/install/bumperbot_description/share/bumperbot_description/models/aws_robomaker_residential_Dumbbell_01/meshes/aws_Dumbbell_01_visual.DAE
[0.557s] -- Up-to-date: /root/AGV/install/bumperbot_description/share/bumperbot_description/models/aws_robomaker_residential_Dumbbell_01/meshes/aws_Dumbbell_01_visual.DAE:Zone.Identifier
[0.557s] -- Up-to-date: /root/AGV/install/bumperbot_description/share/bumperbot_description/models/aws_robomaker_residential_Dumbbell_01/meshes/aws_Dumbbell_01_collision.DAE:Zone.Identifier
[0.557s] -- Up-to-date: /root/AGV/install/bumperbot_description/share/bumperbot_description/models/aws_robomaker_residential_Dumbbell_01/meshes/aws_Dumbbell_01_collision.DAE
[0.557s] -- Up-to-date: /root/AGV/install/bumperbot_description/share/bumperbot_description/models/aws_robomaker_residential_Dumbbell_01/model.sdf
[0.557s] -- Up-to-date: /root/AGV/install/bumperbot_description/share/bumperbot_description/models/aws_robomaker_residential_Dumbbell_01/materials
[0.557s] -- Up-to-date: /root/AGV/install/bumperbot_description/share/bumperbot_description/models/aws_robomaker_residential_Dumbbell_01/materials/textures
[0.557s] -- Up-to-date: /root/AGV/install/bumperbot_description/share/bumperbot_description/models/aws_robomaker_residential_Dumbbell_01/materials/textures/aws_Dumbbell_01.png:Zone.Identifier
[0.558s] -- Up-to-date: /root/AGV/install/bumperbot_description/share/bumperbot_description/models/aws_robomaker_residential_Dumbbell_01/materials/textures/aws_Dumbbell_01.png
[0.563s] -- Up-to-date: /root/AGV/install/bumperbot_description/share/bumperbot_description/models/aws_robomaker_residential_PortraitB_02
[0.564s] -- Up-to-date: /root/AGV/install/bumperbot_description/share/bumperbot_description/models/aws_robomaker_residential_PortraitB_02/model.config:Zone.Identifier
[0.564s] -- Up-to-date: /root/AGV/install/bumperbot_description/share/bumperbot_description/models/aws_robomaker_residential_PortraitB_02/model.sdf:Zone.Identifier
[0.564s] -- Up-to-date: /root/AGV/install/bumperbot_description/share/bumperbot_description/models/aws_robomaker_residential_PortraitB_02/model.config
[0.566s] -- Up-to-date: /root/AGV/install/bumperbot_description/share/bumperbot_description/models/aws_robomaker_residential_PortraitB_02/meshes
[0.566s] -- Up-to-date: /root/AGV/install/bumperbot_description/share/bumperbot_description/models/aws_robomaker_residential_PortraitB_02/meshes/aws_PortraitB_01_collision.DAE:Zone.Identifier
[0.566s] -- Up-to-date: /root/AGV/install/bumperbot_description/share/bumperbot_description/models/aws_robomaker_residential_PortraitB_02/meshes/aws_PortraitB_01_visual.DAE:Zone.Identifier
[0.568s] -- Up-to-date: /root/AGV/install/bumperbot_description/share/bumperbot_description/models/aws_robomaker_residential_PortraitB_02/meshes/aws_PortraitB_01_collision.DAE
[0.569s] -- Up-to-date: /root/AGV/install/bumperbot_description/share/bumperbot_description/models/aws_robomaker_residential_PortraitB_02/meshes/aws_PortraitB_01_visual.DAE
[0.569s] -- Up-to-date: /root/AGV/install/bumperbot_description/share/bumperbot_description/models/aws_robomaker_residential_PortraitB_02/model.sdf
[0.569s] -- Up-to-date: /root/AGV/install/bumperbot_description/share/bumperbot_description/models/aws_robomaker_residential_PortraitB_02/materials
[0.569s] -- Up-to-date: /root/AGV/install/bumperbot_description/share/bumperbot_description/models/aws_robomaker_residential_PortraitB_02/materials/textures
[0.569s] -- Up-to-date: /root/AGV/install/bumperbot_description/share/bumperbot_description/models/aws_robomaker_residential_PortraitB_02/materials/textures/aws_PortraitB_01.png:Zone.Identifier
[0.570s] -- Up-to-date: /root/AGV/install/bumperbot_description/share/bumperbot_description/models/aws_robomaker_residential_PortraitB_02/materials/textures/PortraitB_02.jpg
[0.575s] -- Up-to-date: /root/AGV/install/bumperbot_description/share/bumperbot_description/models/aws_robomaker_residential_PortraitB_02/materials/textures/aws_PortraitB_02.png
[0.580s] -- Up-to-date: /root/AGV/install/bumperbot_description/share/bumperbot_description/models/aws_robomaker_residential_PortraitB_02/materials/textures/PortraitB_02.jpg:Zone.Identifier
[0.581s] -- Up-to-date: /root/AGV/install/bumperbot_description/share/bumperbot_description/models/aws_robomaker_residential_PortraitB_02/materials/textures/aws_PortraitB_01.png
[0.581s] -- Up-to-date: /root/AGV/install/bumperbot_description/share/bumperbot_description/models/aws_robomaker_residential_PortraitB_02/materials/textures/aws_PortraitB_02.png:Zone.Identifier
[0.581s] -- Up-to-date: /root/AGV/install/bumperbot_description/share/bumperbot_description/models/aws_robomaker_residential_Tableware_01
[0.581s] -- Up-to-date: /root/AGV/install/bumperbot_description/share/bumperbot_description/models/aws_robomaker_residential_Tableware_01/model.config:Zone.Identifier
[0.581s] -- Up-to-date: /root/AGV/install/bumperbot_description/share/bumperbot_description/models/aws_robomaker_residential_Tableware_01/model.sdf:Zone.Identifier
[0.581s] -- Up-to-date: /root/AGV/install/bumperbot_description/share/bumperbot_description/models/aws_robomaker_residential_Tableware_01/model.config
[0.581s] -- Up-to-date: /root/AGV/install/bumperbot_description/share/bumperbot_description/models/aws_robomaker_residential_Tableware_01/meshes
[0.581s] -- Up-to-date: /root/AGV/install/bumperbot_description/share/bumperbot_description/models/aws_robomaker_residential_Tableware_01/meshes/aws_Tableware_01_collision.DAE
[0.581s] -- Up-to-date: /root/AGV/install/bumperbot_description/share/bumperbot_description/models/aws_robomaker_residential_Tableware_01/meshes/aws_Tableware_01_visual.DAE
[0.581s] -- Up-to-date: /root/AGV/install/bumperbot_description/share/bumperbot_description/models/aws_robomaker_residential_Tableware_01/meshes/aws_Tableware_01_visual.DAE:Zone.Identifier
[0.581s] -- Up-to-date: /root/AGV/install/bumperbot_description/share/bumperbot_description/models/aws_robomaker_residential_Tableware_01/meshes/aws_Tableware_01_collision.DAE:Zone.Identifier
[0.581s] -- Up-to-date: /root/AGV/install/bumperbot_description/share/bumperbot_description/models/aws_robomaker_residential_Tableware_01/model.sdf
[0.581s] -- Up-to-date: /root/AGV/install/bumperbot_description/share/bumperbot_description/models/aws_robomaker_residential_Tableware_01/materials
[0.581s] -- Up-to-date: /root/AGV/install/bumperbot_description/share/bumperbot_description/models/aws_robomaker_residential_Tableware_01/materials/textures
[0.582s] -- Up-to-date: /root/AGV/install/bumperbot_description/share/bumperbot_description/models/aws_robomaker_residential_Tableware_01/materials/textures/aws_Tableware_01.png
[0.582s] -- Up-to-date: /root/AGV/install/bumperbot_description/share/bumperbot_description/models/aws_robomaker_residential_Tableware_01/materials/textures/aws_Tableware_01.png:Zone.Identifier
[0.582s] -- Up-to-date: /root/AGV/install/bumperbot_description/share/bumperbot_description/models/aws_robomaker_residential_PortraitD_01
[0.582s] -- Up-to-date: /root/AGV/install/bumperbot_description/share/bumperbot_description/models/aws_robomaker_residential_PortraitD_01/model.config:Zone.Identifier
[0.582s] -- Up-to-date: /root/AGV/install/bumperbot_description/share/bumperbot_description/models/aws_robomaker_residential_PortraitD_01/model.sdf:Zone.Identifier
[0.582s] -- Up-to-date: /root/AGV/install/bumperbot_description/share/bumperbot_description/models/aws_robomaker_residential_PortraitD_01/model.config
[0.582s] -- Up-to-date: /root/AGV/install/bumperbot_description/share/bumperbot_description/models/aws_robomaker_residential_PortraitD_01/meshes
[0.582s] -- Up-to-date: /root/AGV/install/bumperbot_description/share/bumperbot_description/models/aws_robomaker_residential_PortraitD_01/meshes/aws_PortraitD_01_collision.DAE:Zone.Identifier
[0.582s] -- Up-to-date: /root/AGV/install/bumperbot_description/share/bumperbot_description/models/aws_robomaker_residential_PortraitD_01/meshes/aws_PortraitD_01_collision.DAE
[0.582s] -- Up-to-date: /root/AGV/install/bumperbot_description/share/bumperbot_description/models/aws_robomaker_residential_PortraitD_01/meshes/aws_PortraitD_01_visual.DAE
[0.582s] -- Up-to-date: /root/AGV/install/bumperbot_description/share/bumperbot_description/models/aws_robomaker_residential_PortraitD_01/meshes/aws_PortraitD_01_visual.DAE:Zone.Identifier
[0.582s] -- Up-to-date: /root/AGV/install/bumperbot_description/share/bumperbot_description/models/aws_robomaker_residential_PortraitD_01/model.sdf
[0.583s] -- Up-to-date: /root/AGV/install/bumperbot_description/share/bumperbot_description/models/aws_robomaker_residential_PortraitD_01/materials
[0.583s] -- Up-to-date: /root/AGV/install/bumperbot_description/share/bumperbot_description/models/aws_robomaker_residential_PortraitD_01/materials/textures
[0.583s] -- Up-to-date: /root/AGV/install/bumperbot_description/share/bumperbot_description/models/aws_robomaker_residential_PortraitD_01/materials/textures/PortraitD_01.jpg
[0.583s] -- Up-to-date: /root/AGV/install/bumperbot_description/share/bumperbot_description/models/aws_robomaker_residential_PortraitD_01/materials/textures/aws_PortraitD_02.png:Zone.Identifier
[0.583s] -- Up-to-date: /root/AGV/install/bumperbot_description/share/bumperbot_description/models/aws_robomaker_residential_PortraitD_01/materials/textures/PortraitD_01.jpg:Zone.Identifier
[0.583s] -- Up-to-date: /root/AGV/install/bumperbot_description/share/bumperbot_description/models/aws_robomaker_residential_PortraitD_01/materials/textures/aws_PortraitD_01.png
[0.583s] -- Up-to-date: /root/AGV/install/bumperbot_description/share/bumperbot_description/models/aws_robomaker_residential_PortraitD_01/materials/textures/aws_PortraitD_01.png:Zone.Identifier
[0.584s] -- Up-to-date: /root/AGV/install/bumperbot_description/share/bumperbot_description/models/aws_robomaker_residential_PortraitD_01/materials/textures/aws_PortraitD_02.png
[0.584s] -- Up-to-date: /root/AGV/install/bumperbot_description/share/bumperbot_description/models/aws_robomaker_residential_Ball_01
[0.584s] -- Up-to-date: /root/AGV/install/bumperbot_description/share/bumperbot_description/models/aws_robomaker_residential_Ball_01/model.config:Zone.Identifier
[0.584s] -- Up-to-date: /root/AGV/install/bumperbot_description/share/bumperbot_description/models/aws_robomaker_residential_Ball_01/model.sdf:Zone.Identifier
[0.584s] -- Up-to-date: /root/AGV/install/bumperbot_description/share/bumperbot_description/models/aws_robomaker_residential_Ball_01/model.config
[0.584s] -- Up-to-date: /root/AGV/install/bumperbot_description/share/bumperbot_description/models/aws_robomaker_residential_Ball_01/meshes
[0.584s] -- Up-to-date: /root/AGV/install/bumperbot_description/share/bumperbot_description/models/aws_robomaker_residential_Ball_01/meshes/aws_Ball_01_collision.DAE
[0.585s] -- Up-to-date: /root/AGV/install/bumperbot_description/share/bumperbot_description/models/aws_robomaker_residential_Ball_01/meshes/aws_Ball_01_collision.DAE:Zone.Identifier
[0.585s] -- Up-to-date: /root/AGV/install/bumperbot_description/share/bumperbot_description/models/aws_robomaker_residential_Ball_01/meshes/aws_Ball_01_visual.DAE
[0.585s] -- Up-to-date: /root/AGV/install/bumperbot_description/share/bumperbot_description/models/aws_robomaker_residential_Ball_01/meshes/aws_Ball_01_visual.DAE:Zone.Identifier
[0.585s] -- Up-to-date: /root/AGV/install/bumperbot_description/share/bumperbot_description/models/aws_robomaker_residential_Ball_01/model.sdf
[0.585s] -- Up-to-date: /root/AGV/install/bumperbot_description/share/bumperbot_description/models/aws_robomaker_residential_Ball_01/materials
[0.585s] -- Up-to-date: /root/AGV/install/bumperbot_description/share/bumperbot_description/models/aws_robomaker_residential_Ball_01/materials/textures
[0.585s] -- Up-to-date: /root/AGV/install/bumperbot_description/share/bumperbot_description/models/aws_robomaker_residential_Ball_01/materials/textures/aws_Ball_01.png:Zone.Identifier
[0.585s] -- Up-to-date: /root/AGV/install/bumperbot_description/share/bumperbot_description/models/aws_robomaker_residential_Ball_01/materials/textures/aws_Ball_01.png
[0.585s] -- Up-to-date: /root/AGV/install/bumperbot_description/share/bumperbot_description/models/aws_robomaker_residential_PortraitB_01
[0.585s] -- Up-to-date: /root/AGV/install/bumperbot_description/share/bumperbot_description/models/aws_robomaker_residential_PortraitB_01/model.config:Zone.Identifier
[0.585s] -- Up-to-date: /root/AGV/install/bumperbot_description/share/bumperbot_description/models/aws_robomaker_residential_PortraitB_01/model.sdf:Zone.Identifier
[0.585s] -- Up-to-date: /root/AGV/install/bumperbot_description/share/bumperbot_description/models/aws_robomaker_residential_PortraitB_01/model.config
[0.586s] -- Up-to-date: /root/AGV/install/bumperbot_description/share/bumperbot_description/models/aws_robomaker_residential_PortraitB_01/meshes
[0.586s] -- Up-to-date: /root/AGV/install/bumperbot_description/share/bumperbot_description/models/aws_robomaker_residential_PortraitB_01/meshes/aws_PortraitB_01_collision.DAE:Zone.Identifier
[0.586s] -- Up-to-date: /root/AGV/install/bumperbot_description/share/bumperbot_description/models/aws_robomaker_residential_PortraitB_01/meshes/aws_PortraitB_01_visual.DAE:Zone.Identifier
[0.586s] -- Up-to-date: /root/AGV/install/bumperbot_description/share/bumperbot_description/models/aws_robomaker_residential_PortraitB_01/meshes/aws_PortraitB_01_collision.DAE
[0.586s] -- Up-to-date: /root/AGV/install/bumperbot_description/share/bumperbot_description/models/aws_robomaker_residential_PortraitB_01/meshes/aws_PortraitB_01_visual.DAE
[0.586s] -- Up-to-date: /root/AGV/install/bumperbot_description/share/bumperbot_description/models/aws_robomaker_residential_PortraitB_01/model.sdf
[0.587s] -- Up-to-date: /root/AGV/install/bumperbot_description/share/bumperbot_description/models/aws_robomaker_residential_PortraitB_01/materials
[0.587s] -- Up-to-date: /root/AGV/install/bumperbot_description/share/bumperbot_description/models/aws_robomaker_residential_PortraitB_01/materials/textures
[0.587s] -- Up-to-date: /root/AGV/install/bumperbot_description/share/bumperbot_description/models/aws_robomaker_residential_PortraitB_01/materials/textures/aws_PortraitB_01.png:Zone.Identifier
[0.587s] -- Up-to-date: /root/AGV/install/bumperbot_description/share/bumperbot_description/models/aws_robomaker_residential_PortraitB_01/materials/textures/aws_PortraitB_02.png
[0.588s] -- Up-to-date: /root/AGV/install/bumperbot_description/share/bumperbot_description/models/aws_robomaker_residential_PortraitB_01/materials/textures/aws_PortraitB_01.png
[0.589s] -- Up-to-date: /root/AGV/install/bumperbot_description/share/bumperbot_description/models/aws_robomaker_residential_PortraitB_01/materials/textures/PortraitB_01.jpg:Zone.Identifier
[0.589s] -- Up-to-date: /root/AGV/install/bumperbot_description/share/bumperbot_description/models/aws_robomaker_residential_PortraitB_01/materials/textures/PortraitB_01.jpg
[0.590s] -- Up-to-date: /root/AGV/install/bumperbot_description/share/bumperbot_description/models/aws_robomaker_residential_PortraitB_01/materials/textures/aws_PortraitB_02.png:Zone.Identifier
[0.593s] -- Up-to-date: /root/AGV/install/bumperbot_description/share/bumperbot_description/models/aws_robomaker_residential_LightC_01
[0.599s] -- Up-to-date: /root/AGV/install/bumperbot_description/share/bumperbot_description/models/aws_robomaker_residential_LightC_01/model.config:Zone.Identifier
[0.599s] -- Up-to-date: /root/AGV/install/bumperbot_description/share/bumperbot_description/models/aws_robomaker_residential_LightC_01/model.sdf:Zone.Identifier
[0.599s] -- Up-to-date: /root/AGV/install/bumperbot_description/share/bumperbot_description/models/aws_robomaker_residential_LightC_01/model.config
[0.599s] -- Up-to-date: /root/AGV/install/bumperbot_description/share/bumperbot_description/models/aws_robomaker_residential_LightC_01/meshes
[0.599s] -- Up-to-date: /root/AGV/install/bumperbot_description/share/bumperbot_description/models/aws_robomaker_residential_LightC_01/meshes/aws_LightC_01_visual.DAE
[0.599s] -- Up-to-date: /root/AGV/install/bumperbot_description/share/bumperbot_description/models/aws_robomaker_residential_LightC_01/meshes/aws_LightC_01_collision.DAE
[0.599s] -- Up-to-date: /root/AGV/install/bumperbot_description/share/bumperbot_description/models/aws_robomaker_residential_LightC_01/meshes/aws_LightC_01_visual.DAE:Zone.Identifier
[0.599s] -- Up-to-date: /root/AGV/install/bumperbot_description/share/bumperbot_description/models/aws_robomaker_residential_LightC_01/meshes/aws_LightC_01_collision.DAE:Zone.Identifier
[0.599s] -- Up-to-date: /root/AGV/install/bumperbot_description/share/bumperbot_description/models/aws_robomaker_residential_LightC_01/model.sdf
[0.599s] -- Up-to-date: /root/AGV/install/bumperbot_description/share/bumperbot_description/models/aws_robomaker_residential_LightC_01/materials
[0.599s] -- Up-to-date: /root/AGV/install/bumperbot_description/share/bumperbot_description/models/aws_robomaker_residential_LightC_01/materials/textures
[0.599s] -- Up-to-date: /root/AGV/install/bumperbot_description/share/bumperbot_description/models/aws_robomaker_residential_LightC_01/materials/textures/aws_LightC_01.png
[0.599s] -- Up-to-date: /root/AGV/install/bumperbot_description/share/bumperbot_description/models/aws_robomaker_residential_LightC_01/materials/textures/aws_LightC_01.png:Zone.Identifier
[0.600s] -- Up-to-date: /root/AGV/install/bumperbot_description/share/bumperbot_description/models/aws_robomaker_residential_ShoeRack_01
[0.600s] -- Up-to-date: /root/AGV/install/bumperbot_description/share/bumperbot_description/models/aws_robomaker_residential_ShoeRack_01/model.config:Zone.Identifier
[0.600s] -- Up-to-date: /root/AGV/install/bumperbot_description/share/bumperbot_description/models/aws_robomaker_residential_ShoeRack_01/model.sdf:Zone.Identifier
[0.600s] -- Up-to-date: /root/AGV/install/bumperbot_description/share/bumperbot_description/models/aws_robomaker_residential_ShoeRack_01/model.config
[0.600s] -- Up-to-date: /root/AGV/install/bumperbot_description/share/bumperbot_description/models/aws_robomaker_residential_ShoeRack_01/meshes
[0.600s] -- Up-to-date: /root/AGV/install/bumperbot_description/share/bumperbot_description/models/aws_robomaker_residential_ShoeRack_01/meshes/aws_ShoeRack_01_collision.DAE
[0.600s] -- Up-to-date: /root/AGV/install/bumperbot_description/share/bumperbot_description/models/aws_robomaker_residential_ShoeRack_01/meshes/aws_ShoeRack_01_visual.DAE:Zone.Identifier
[0.600s] -- Up-to-date: /root/AGV/install/bumperbot_description/share/bumperbot_description/models/aws_robomaker_residential_ShoeRack_01/meshes/aws_ShoeRack_01_collision.DAE:Zone.Identifier
[0.600s] -- Up-to-date: /root/AGV/install/bumperbot_description/share/bumperbot_description/models/aws_robomaker_residential_ShoeRack_01/meshes/aws_ShoeRack_01_visual.DAE
[0.600s] -- Up-to-date: /root/AGV/install/bumperbot_description/share/bumperbot_description/models/aws_robomaker_residential_ShoeRack_01/model.sdf
[0.600s] -- Up-to-date: /root/AGV/install/bumperbot_description/share/bumperbot_description/models/aws_robomaker_residential_ShoeRack_01/materials
[0.600s] -- Up-to-date: /root/AGV/install/bumperbot_description/share/bumperbot_description/models/aws_robomaker_residential_ShoeRack_01/materials/textures
[0.600s] -- Up-to-date: /root/AGV/install/bumperbot_description/share/bumperbot_description/models/aws_robomaker_residential_ShoeRack_01/materials/textures/aws_ShoeRack_01.png
[0.600s] -- Up-to-date: /root/AGV/install/bumperbot_description/share/bumperbot_description/models/aws_robomaker_residential_ShoeRack_01/materials/textures/aws_ShoeRack_01.png:Zone.Identifier
[0.601s] -- Up-to-date: /root/AGV/install/bumperbot_description/share/bumperbot_description/models/aws_robomaker_residential_Refrigerator_01
[0.601s] -- Up-to-date: /root/AGV/install/bumperbot_description/share/bumperbot_description/models/aws_robomaker_residential_Refrigerator_01/model.config:Zone.Identifier
[0.601s] -- Up-to-date: /root/AGV/install/bumperbot_description/share/bumperbot_description/models/aws_robomaker_residential_Refrigerator_01/model.sdf:Zone.Identifier
[0.601s] -- Up-to-date: /root/AGV/install/bumperbot_description/share/bumperbot_description/models/aws_robomaker_residential_Refrigerator_01/model.config
[0.601s] -- Up-to-date: /root/AGV/install/bumperbot_description/share/bumperbot_description/models/aws_robomaker_residential_Refrigerator_01/meshes
[0.602s] -- Up-to-date: /root/AGV/install/bumperbot_description/share/bumperbot_description/models/aws_robomaker_residential_Refrigerator_01/meshes/aws_Refrigerator_01.DAE:Zone.Identifier
[0.602s] -- Up-to-date: /root/AGV/install/bumperbot_description/share/bumperbot_description/models/aws_robomaker_residential_Refrigerator_01/meshes/aws_Refrigerator_01_visual.DAE:Zone.Identifier
[0.602s] -- Up-to-date: /root/AGV/install/bumperbot_description/share/bumperbot_description/models/aws_robomaker_residential_Refrigerator_01/meshes/aws_Refrigerator_01_visual.DAE
[0.602s] -- Up-to-date: /root/AGV/install/bumperbot_description/share/bumperbot_description/models/aws_robomaker_residential_Refrigerator_01/meshes/aws_Refrigerator_01.DAE
[0.603s] -- Up-to-date: /root/AGV/install/bumperbot_description/share/bumperbot_description/models/aws_robomaker_residential_Refrigerator_01/meshes/aws_Refrigerator_01_collision.DAE
[0.603s] -- Up-to-date: /root/AGV/install/bumperbot_description/share/bumperbot_description/models/aws_robomaker_residential_Refrigerator_01/meshes/aws_Refrigerator_01_collision.DAE:Zone.Identifier
[0.603s] -- Up-to-date: /root/AGV/install/bumperbot_description/share/bumperbot_description/models/aws_robomaker_residential_Refrigerator_01/model.sdf
[0.603s] -- Up-to-date: /root/AGV/install/bumperbot_description/share/bumperbot_description/models/aws_robomaker_residential_Refrigerator_01/materials
[0.603s] -- Up-to-date: /root/AGV/install/bumperbot_description/share/bumperbot_description/models/aws_robomaker_residential_Refrigerator_01/materials/textures
[0.603s] -- Up-to-date: /root/AGV/install/bumperbot_description/share/bumperbot_description/models/aws_robomaker_residential_Refrigerator_01/materials/textures/aws_Refrigerator_01.png:Zone.Identifier
[0.603s] -- Up-to-date: /root/AGV/install/bumperbot_description/share/bumperbot_description/models/aws_robomaker_residential_Refrigerator_01/materials/textures/aws_Refrigerator_02.png
[0.603s] -- Up-to-date: /root/AGV/install/bumperbot_description/share/bumperbot_description/models/aws_robomaker_residential_Refrigerator_01/materials/textures/aws_Refrigerator_01.png
[0.603s] -- Up-to-date: /root/AGV/install/bumperbot_description/share/bumperbot_description/models/aws_robomaker_residential_Refrigerator_01/materials/textures/aws_Refrigerator_02.png:Zone.Identifier
[0.603s] -- Up-to-date: /root/AGV/install/bumperbot_description/share/bumperbot_description/models/aws_robomaker_residential_Bed_01
[0.603s] -- Up-to-date: /root/AGV/install/bumperbot_description/share/bumperbot_description/models/aws_robomaker_residential_Bed_01/model.config:Zone.Identifier
[0.604s] -- Up-to-date: /root/AGV/install/bumperbot_description/share/bumperbot_description/models/aws_robomaker_residential_Bed_01/model.sdf:Zone.Identifier
[0.604s] -- Up-to-date: /root/AGV/install/bumperbot_description/share/bumperbot_description/models/aws_robomaker_residential_Bed_01/model.config
[0.604s] -- Up-to-date: /root/AGV/install/bumperbot_description/share/bumperbot_description/models/aws_robomaker_residential_Bed_01/meshes
[0.604s] -- Up-to-date: /root/AGV/install/bumperbot_description/share/bumperbot_description/models/aws_robomaker_residential_Bed_01/meshes/aws_Bed_01_collision.DAE:Zone.Identifier
[0.604s] -- Up-to-date: /root/AGV/install/bumperbot_description/share/bumperbot_description/models/aws_robomaker_residential_Bed_01/meshes/aws_Bed_01_visual.DAE:Zone.Identifier
[0.604s] -- Up-to-date: /root/AGV/install/bumperbot_description/share/bumperbot_description/models/aws_robomaker_residential_Bed_01/meshes/aws_Bed_01_visual.DAE
[0.604s] -- Up-to-date: /root/AGV/install/bumperbot_description/share/bumperbot_description/models/aws_robomaker_residential_Bed_01/meshes/aws_Bed_01_collision.DAE
[0.604s] -- Up-to-date: /root/AGV/install/bumperbot_description/share/bumperbot_description/models/aws_robomaker_residential_Bed_01/model.sdf
[0.604s] -- Up-to-date: /root/AGV/install/bumperbot_description/share/bumperbot_description/models/aws_robomaker_residential_Bed_01/materials
[0.604s] -- Up-to-date: /root/AGV/install/bumperbot_description/share/bumperbot_description/models/aws_robomaker_residential_Bed_01/materials/textures
[0.604s] -- Up-to-date: /root/AGV/install/bumperbot_description/share/bumperbot_description/models/aws_robomaker_residential_Bed_01/materials/textures/aws_BedB_01.png
[0.605s] -- Up-to-date: /root/AGV/install/bumperbot_description/share/bumperbot_description/models/aws_robomaker_residential_Bed_01/materials/textures/aws_BedA_01.png:Zone.Identifier
[0.605s] -- Up-to-date: /root/AGV/install/bumperbot_description/share/bumperbot_description/models/aws_robomaker_residential_Bed_01/materials/textures/aws_Bed_01.png:Zone.Identifier
[0.605s] -- Up-to-date: /root/AGV/install/bumperbot_description/share/bumperbot_description/models/aws_robomaker_residential_Bed_01/materials/textures/aws_Bed_01.png
[0.605s] -- Up-to-date: /root/AGV/install/bumperbot_description/share/bumperbot_description/models/aws_robomaker_residential_Bed_01/materials/textures/aws_BedB_01.png:Zone.Identifier
[0.605s] -- Up-to-date: /root/AGV/install/bumperbot_description/share/bumperbot_description/models/aws_robomaker_residential_Bed_01/materials/textures/aws_BedC_01.png
[0.605s] -- Up-to-date: /root/AGV/install/bumperbot_description/share/bumperbot_description/models/aws_robomaker_residential_Bed_01/materials/textures/aws_BedC_01.png:Zone.Identifier
[0.605s] -- Up-to-date: /root/AGV/install/bumperbot_description/share/bumperbot_description/models/aws_robomaker_residential_Bed_01/materials/textures/aws_BedA_01.png
[0.605s] -- Up-to-date: /root/AGV/install/bumperbot_description/share/bumperbot_description/models/aws_robomaker_residential_Pillow_01
[0.605s] -- Up-to-date: /root/AGV/install/bumperbot_description/share/bumperbot_description/models/aws_robomaker_residential_Pillow_01/model.config:Zone.Identifier
[0.605s] -- Up-to-date: /root/AGV/install/bumperbot_description/share/bumperbot_description/models/aws_robomaker_residential_Pillow_01/model.sdf:Zone.Identifier
[0.605s] -- Up-to-date: /root/AGV/install/bumperbot_description/share/bumperbot_description/models/aws_robomaker_residential_Pillow_01/model.config
[0.605s] -- Up-to-date: /root/AGV/install/bumperbot_description/share/bumperbot_description/models/aws_robomaker_residential_Pillow_01/meshes
[0.606s] -- Up-to-date: /root/AGV/install/bumperbot_description/share/bumperbot_description/models/aws_robomaker_residential_Pillow_01/meshes/aws_Pillow_01_collision.DAE:Zone.Identifier
[0.607s] -- Up-to-date: /root/AGV/install/bumperbot_description/share/bumperbot_description/models/aws_robomaker_residential_Pillow_01/meshes/aws_Pillow_01_collision.DAE
[0.622s] -- Up-to-date: /root/AGV/install/bumperbot_description/share/bumperbot_description/models/aws_robomaker_residential_Pillow_01/meshes/aws_Pillow_01_visual.DAE
[0.633s] -- Up-to-date: /root/AGV/install/bumperbot_description/share/bumperbot_description/models/aws_robomaker_residential_Pillow_01/meshes/aws_Pillow_01_visual.DAE:Zone.Identifier
[0.633s] -- Up-to-date: /root/AGV/install/bumperbot_description/share/bumperbot_description/models/aws_robomaker_residential_Pillow_01/model.sdf
[0.633s] -- Up-to-date: /root/AGV/install/bumperbot_description/share/bumperbot_description/models/aws_robomaker_residential_Pillow_01/materials
[0.633s] -- Up-to-date: /root/AGV/install/bumperbot_description/share/bumperbot_description/models/aws_robomaker_residential_Pillow_01/materials/textures
[0.634s] -- Up-to-date: /root/AGV/install/bumperbot_description/share/bumperbot_description/models/aws_robomaker_residential_Pillow_01/materials/textures/aws_Pillow_01.png
[0.634s] -- Up-to-date: /root/AGV/install/bumperbot_description/share/bumperbot_description/models/aws_robomaker_residential_Pillow_01/materials/textures/aws_Pillow_01.png:Zone.Identifier
[0.634s] -- Up-to-date: /root/AGV/install/bumperbot_description/share/bumperbot_description/models/aws_robomaker_residential_DeskPortraitD_04
[0.634s] -- Up-to-date: /root/AGV/install/bumperbot_description/share/bumperbot_description/models/aws_robomaker_residential_DeskPortraitD_04/model.config:Zone.Identifier
[0.634s] -- Up-to-date: /root/AGV/install/bumperbot_description/share/bumperbot_description/models/aws_robomaker_residential_DeskPortraitD_04/model.sdf:Zone.Identifier
[0.634s] -- Up-to-date: /root/AGV/install/bumperbot_description/share/bumperbot_description/models/aws_robomaker_residential_DeskPortraitD_04/model.config
[0.634s] -- Up-to-date: /root/AGV/install/bumperbot_description/share/bumperbot_description/models/aws_robomaker_residential_DeskPortraitD_04/meshes
[0.634s] -- Up-to-date: /root/AGV/install/bumperbot_description/share/bumperbot_description/models/aws_robomaker_residential_DeskPortraitD_04/meshes/aws_DeskPortraitD_01_collision.DAE:Zone.Identifier
[0.634s] -- Up-to-date: /root/AGV/install/bumperbot_description/share/bumperbot_description/models/aws_robomaker_residential_DeskPortraitD_04/meshes/aws_DeskPortraitD_01_visual.DAE:Zone.Identifier
[0.634s] -- Up-to-date: /root/AGV/install/bumperbot_description/share/bumperbot_description/models/aws_robomaker_residential_DeskPortraitD_04/meshes/aws_DeskPortraitD_01_collision.DAE
[0.634s] -- Up-to-date: /root/AGV/install/bumperbot_description/share/bumperbot_description/models/aws_robomaker_residential_DeskPortraitD_04/meshes/aws_DeskPortraitD_01_visual.DAE
[0.634s] -- Up-to-date: /root/AGV/install/bumperbot_description/share/bumperbot_description/models/aws_robomaker_residential_DeskPortraitD_04/model.sdf
[0.634s] -- Up-to-date: /root/AGV/install/bumperbot_description/share/bumperbot_description/models/aws_robomaker_residential_DeskPortraitD_04/materials
[0.635s] -- Up-to-date: /root/AGV/install/bumperbot_description/share/bumperbot_description/models/aws_robomaker_residential_DeskPortraitD_04/materials/textures
[0.635s] -- Up-to-date: /root/AGV/install/bumperbot_description/share/bumperbot_description/models/aws_robomaker_residential_DeskPortraitD_04/materials/textures/aws_DeskPortraitD_02.png:Zone.Identifier
[0.635s] -- Up-to-date: /root/AGV/install/bumperbot_description/share/bumperbot_description/models/aws_robomaker_residential_DeskPortraitD_04/materials/textures/DeskPortraitD_04.jpg
[0.635s] -- Up-to-date: /root/AGV/install/bumperbot_description/share/bumperbot_description/models/aws_robomaker_residential_DeskPortraitD_04/materials/textures/aws_DeskPortraitD_01.png:Zone.Identifier
[0.635s] -- Up-to-date: /root/AGV/install/bumperbot_description/share/bumperbot_description/models/aws_robomaker_residential_DeskPortraitD_04/materials/textures/DeskPortraitD_04.jpg:Zone.Identifier
[0.635s] -- Up-to-date: /root/AGV/install/bumperbot_description/share/bumperbot_description/models/aws_robomaker_residential_DeskPortraitD_04/materials/textures/aws_DeskPortraitD_02.png
[0.635s] -- Up-to-date: /root/AGV/install/bumperbot_description/share/bumperbot_description/models/aws_robomaker_residential_DeskPortraitD_04/materials/textures/aws_DeskPortraitD_01.png
[0.635s] -- Up-to-date: /root/AGV/install/bumperbot_description/share/bumperbot_description/models/aws_robomaker_residential_PortraitB_03
[0.635s] -- Up-to-date: /root/AGV/install/bumperbot_description/share/bumperbot_description/models/aws_robomaker_residential_PortraitB_03/model.config:Zone.Identifier
[0.635s] -- Up-to-date: /root/AGV/install/bumperbot_description/share/bumperbot_description/models/aws_robomaker_residential_PortraitB_03/model.sdf:Zone.Identifier
[0.635s] -- Up-to-date: /root/AGV/install/bumperbot_description/share/bumperbot_description/models/aws_robomaker_residential_PortraitB_03/model.config
[0.635s] -- Up-to-date: /root/AGV/install/bumperbot_description/share/bumperbot_description/models/aws_robomaker_residential_PortraitB_03/meshes
[0.635s] -- Up-to-date: /root/AGV/install/bumperbot_description/share/bumperbot_description/models/aws_robomaker_residential_PortraitB_03/meshes/aws_PortraitB_01_collision.DAE:Zone.Identifier
[0.636s] -- Up-to-date: /root/AGV/install/bumperbot_description/share/bumperbot_description/models/aws_robomaker_residential_PortraitB_03/meshes/aws_PortraitB_01_visual.DAE:Zone.Identifier
[0.636s] -- Up-to-date: /root/AGV/install/bumperbot_description/share/bumperbot_description/models/aws_robomaker_residential_PortraitB_03/meshes/aws_PortraitB_01_collision.DAE
[0.636s] -- Up-to-date: /root/AGV/install/bumperbot_description/share/bumperbot_description/models/aws_robomaker_residential_PortraitB_03/meshes/aws_PortraitB_01_visual.DAE
[0.636s] -- Up-to-date: /root/AGV/install/bumperbot_description/share/bumperbot_description/models/aws_robomaker_residential_PortraitB_03/model.sdf
[0.636s] -- Up-to-date: /root/AGV/install/bumperbot_description/share/bumperbot_description/models/aws_robomaker_residential_PortraitB_03/materials
[0.636s] -- Up-to-date: /root/AGV/install/bumperbot_description/share/bumperbot_description/models/aws_robomaker_residential_PortraitB_03/materials/textures
[0.636s] -- Up-to-date: /root/AGV/install/bumperbot_description/share/bumperbot_description/models/aws_robomaker_residential_PortraitB_03/materials/textures/aws_PortraitB_01.png:Zone.Identifier
[0.636s] -- Up-to-date: /root/AGV/install/bumperbot_description/share/bumperbot_description/models/aws_robomaker_residential_PortraitB_03/materials/textures/PortraitB_03.jpg
[0.636s] -- Up-to-date: /root/AGV/install/bumperbot_description/share/bumperbot_description/models/aws_robomaker_residential_PortraitB_03/materials/textures/aws_PortraitB_02.png
[0.636s] -- Up-to-date: /root/AGV/install/bumperbot_description/share/bumperbot_description/models/aws_robomaker_residential_PortraitB_03/materials/textures/PortraitB_03.jpg:Zone.Identifier
[0.636s] -- Up-to-date: /root/AGV/install/bumperbot_description/share/bumperbot_description/models/aws_robomaker_residential_PortraitB_03/materials/textures/aws_PortraitB_01.png
[0.636s] -- Up-to-date: /root/AGV/install/bumperbot_description/share/bumperbot_description/models/aws_robomaker_residential_PortraitB_03/materials/textures/aws_PortraitB_02.png:Zone.Identifier
[0.636s] -- Up-to-date: /root/AGV/install/bumperbot_description/share/bumperbot_description/models/aws_robomaker_residential_FoldingDoor_01
[0.636s] -- Up-to-date: /root/AGV/install/bumperbot_description/share/bumperbot_description/models/aws_robomaker_residential_FoldingDoor_01/model.config:Zone.Identifier
[0.637s] -- Up-to-date: /root/AGV/install/bumperbot_description/share/bumperbot_description/models/aws_robomaker_residential_FoldingDoor_01/model.sdf:Zone.Identifier
[0.637s] -- Up-to-date: /root/AGV/install/bumperbot_description/share/bumperbot_description/models/aws_robomaker_residential_FoldingDoor_01/model.config
[0.637s] -- Up-to-date: /root/AGV/install/bumperbot_description/share/bumperbot_description/models/aws_robomaker_residential_FoldingDoor_01/meshes
[0.637s] -- Up-to-date: /root/AGV/install/bumperbot_description/share/bumperbot_description/models/aws_robomaker_residential_FoldingDoor_01/meshes/aws_FoldingDoor_01_collision.DAE:Zone.Identifier
[0.637s] -- Up-to-date: /root/AGV/install/bumperbot_description/share/bumperbot_description/models/aws_robomaker_residential_FoldingDoor_01/meshes/aws_FoldingDoor_01_visual.DAE:Zone.Identifier
[0.637s] -- Up-to-date: /root/AGV/install/bumperbot_description/share/bumperbot_description/models/aws_robomaker_residential_FoldingDoor_01/meshes/aws_FoldingDoor_01_visual.DAE
[0.637s] -- Up-to-date: /root/AGV/install/bumperbot_description/share/bumperbot_description/models/aws_robomaker_residential_FoldingDoor_01/meshes/aws_FoldingDoor_01_collision.DAE
[0.637s] -- Up-to-date: /root/AGV/install/bumperbot_description/share/bumperbot_description/models/aws_robomaker_residential_FoldingDoor_01/model.sdf
[0.637s] -- Up-to-date: /root/AGV/install/bumperbot_description/share/bumperbot_description/models/aws_robomaker_residential_FoldingDoor_01/materials
[0.637s] -- Up-to-date: /root/AGV/install/bumperbot_description/share/bumperbot_description/models/aws_robomaker_residential_FoldingDoor_01/materials/textures
[0.637s] -- Up-to-date: /root/AGV/install/bumperbot_description/share/bumperbot_description/models/aws_robomaker_residential_FoldingDoor_01/materials/textures/aws_FoldingDoor_01.png:Zone.Identifier
[0.638s] -- Up-to-date: /root/AGV/install/bumperbot_description/share/bumperbot_description/models/aws_robomaker_residential_FoldingDoor_01/materials/textures/aws_FoldingDoor_01.png
[0.643s] -- Up-to-date: /root/AGV/install/bumperbot_description/share/bumperbot_description/models/aws_robomaker_residential_AirconditionerB_01
[0.643s] -- Up-to-date: /root/AGV/install/bumperbot_description/share/bumperbot_description/models/aws_robomaker_residential_AirconditionerB_01/model.config:Zone.Identifier
[0.644s] -- Up-to-date: /root/AGV/install/bumperbot_description/share/bumperbot_description/models/aws_robomaker_residential_AirconditionerB_01/model.sdf:Zone.Identifier
[0.644s] -- Up-to-date: /root/AGV/install/bumperbot_description/share/bumperbot_description/models/aws_robomaker_residential_AirconditionerB_01/model.config
[0.644s] -- Up-to-date: /root/AGV/install/bumperbot_description/share/bumperbot_description/models/aws_robomaker_residential_AirconditionerB_01/meshes
[0.644s] -- Up-to-date: /root/AGV/install/bumperbot_description/share/bumperbot_description/models/aws_robomaker_residential_AirconditionerB_01/meshes/aws_AirconditionerB_01_collision.DAE
[0.644s] -- Up-to-date: /root/AGV/install/bumperbot_description/share/bumperbot_description/models/aws_robomaker_residential_AirconditionerB_01/meshes/aws_AirconditionerB_01_collision.DAE:Zone.Identifier
[0.644s] -- Up-to-date: /root/AGV/install/bumperbot_description/share/bumperbot_description/models/aws_robomaker_residential_AirconditionerB_01/meshes/aws_AirconditionerB_01_visual.DAE:Zone.Identifier
[0.644s] -- Up-to-date: /root/AGV/install/bumperbot_description/share/bumperbot_description/models/aws_robomaker_residential_AirconditionerB_01/meshes/aws_AirconditionerB_01_visual.DAE
[0.644s] -- Up-to-date: /root/AGV/install/bumperbot_description/share/bumperbot_description/models/aws_robomaker_residential_AirconditionerB_01/model.sdf
[0.644s] -- Up-to-date: /root/AGV/install/bumperbot_description/share/bumperbot_description/models/aws_robomaker_residential_AirconditionerB_01/materials
[0.644s] -- Up-to-date: /root/AGV/install/bumperbot_description/share/bumperbot_description/models/aws_robomaker_residential_AirconditionerB_01/materials/textures
[0.647s] -- Up-to-date: /root/AGV/install/bumperbot_description/share/bumperbot_description/models/aws_robomaker_residential_AirconditionerB_01/materials/textures/aws_AirconditionerB_01.png
[0.647s] -- Up-to-date: /root/AGV/install/bumperbot_description/share/bumperbot_description/models/aws_robomaker_residential_AirconditionerB_01/materials/textures/aws_AirconditionerB_01.png:Zone.Identifier
[0.647s] -- Up-to-date: /root/AGV/install/bumperbot_description/share/bumperbot_description/models/aws_robomaker_residential_NightStand_01
[0.676s] -- Up-to-date: /root/AGV/install/bumperbot_description/share/bumperbot_description/models/aws_robomaker_residential_NightStand_01/model.config:Zone.Identifier
[0.677s] -- Up-to-date: /root/AGV/install/bumperbot_description/share/bumperbot_description/models/aws_robomaker_residential_NightStand_01/model.sdf:Zone.Identifier
[0.677s] -- Up-to-date: /root/AGV/install/bumperbot_description/share/bumperbot_description/models/aws_robomaker_residential_NightStand_01/model.config
[0.677s] -- Up-to-date: /root/AGV/install/bumperbot_description/share/bumperbot_description/models/aws_robomaker_residential_NightStand_01/meshes
[0.677s] -- Up-to-date: /root/AGV/install/bumperbot_description/share/bumperbot_description/models/aws_robomaker_residential_NightStand_01/meshes/aws_NightStand_01_collision.DAE:Zone.Identifier
[0.677s] -- Up-to-date: /root/AGV/install/bumperbot_description/share/bumperbot_description/models/aws_robomaker_residential_NightStand_01/meshes/aws_NightStand_01_visual.DAE
[0.677s] -- Up-to-date: /root/AGV/install/bumperbot_description/share/bumperbot_description/models/aws_robomaker_residential_NightStand_01/meshes/aws_NightStand_01_collision.DAE
[0.677s] -- Up-to-date: /root/AGV/install/bumperbot_description/share/bumperbot_description/models/aws_robomaker_residential_NightStand_01/meshes/aws_NightStand_01_visual.DAE:Zone.Identifier
[0.677s] -- Up-to-date: /root/AGV/install/bumperbot_description/share/bumperbot_description/models/aws_robomaker_residential_NightStand_01/model.sdf
[0.677s] -- Up-to-date: /root/AGV/install/bumperbot_description/share/bumperbot_description/models/aws_robomaker_residential_NightStand_01/materials
[0.678s] -- Up-to-date: /root/AGV/install/bumperbot_description/share/bumperbot_description/models/aws_robomaker_residential_NightStand_01/materials/textures
[0.678s] -- Up-to-date: /root/AGV/install/bumperbot_description/share/bumperbot_description/models/aws_robomaker_residential_NightStand_01/materials/textures/aws_NightStand_01.png:Zone.Identifier
[0.678s] -- Up-to-date: /root/AGV/install/bumperbot_description/share/bumperbot_description/models/aws_robomaker_residential_NightStand_01/materials/textures/aws_NightStand_01.png
[0.679s] -- Up-to-date: /root/AGV/install/bumperbot_description/share/bumperbot_description/models/aws_robomaker_residential_ReadingDesk_01
[0.679s] -- Up-to-date: /root/AGV/install/bumperbot_description/share/bumperbot_description/models/aws_robomaker_residential_ReadingDesk_01/model.config:Zone.Identifier
[0.679s] -- Up-to-date: /root/AGV/install/bumperbot_description/share/bumperbot_description/models/aws_robomaker_residential_ReadingDesk_01/model.sdf:Zone.Identifier
[0.679s] -- Up-to-date: /root/AGV/install/bumperbot_description/share/bumperbot_description/models/aws_robomaker_residential_ReadingDesk_01/model.config
[0.679s] -- Up-to-date: /root/AGV/install/bumperbot_description/share/bumperbot_description/models/aws_robomaker_residential_ReadingDesk_01/meshes
[0.684s] -- Up-to-date: /root/AGV/install/bumperbot_description/share/bumperbot_description/models/aws_robomaker_residential_ReadingDesk_01/meshes/aws_ReadingDesk_01_collision.DAE
[0.685s] -- Up-to-date: /root/AGV/install/bumperbot_description/share/bumperbot_description/models/aws_robomaker_residential_ReadingDesk_01/meshes/aws_ReadingDesk_01_visual.DAE:Zone.Identifier
[0.685s] -- Up-to-date: /root/AGV/install/bumperbot_description/share/bumperbot_description/models/aws_robomaker_residential_ReadingDesk_01/meshes/aws_ReadingDesk_01_collision.DAE:Zone.Identifier
[0.685s] -- Up-to-date: /root/AGV/install/bumperbot_description/share/bumperbot_description/models/aws_robomaker_residential_ReadingDesk_01/meshes/aws_ReadingDesk_01_visual.DAE
[0.685s] -- Up-to-date: /root/AGV/install/bumperbot_description/share/bumperbot_description/models/aws_robomaker_residential_ReadingDesk_01/model.sdf
[0.685s] -- Up-to-date: /root/AGV/install/bumperbot_description/share/bumperbot_description/models/aws_robomaker_residential_ReadingDesk_01/materials
[0.685s] -- Up-to-date: /root/AGV/install/bumperbot_description/share/bumperbot_description/models/aws_robomaker_residential_ReadingDesk_01/materials/textures
[0.685s] -- Up-to-date: /root/AGV/install/bumperbot_description/share/bumperbot_description/models/aws_robomaker_residential_ReadingDesk_01/materials/textures/aws_ReadingDesk_01.png:Zone.Identifier
[0.685s] -- Up-to-date: /root/AGV/install/bumperbot_description/share/bumperbot_description/models/aws_robomaker_residential_ReadingDesk_01/materials/textures/aws_ReadingDesk_01.png
[0.686s] -- Up-to-date: /root/AGV/install/bumperbot_description/share/bumperbot_description/models/aws_robomaker_residential_KitchenTable_01
[0.686s] -- Up-to-date: /root/AGV/install/bumperbot_description/share/bumperbot_description/models/aws_robomaker_residential_KitchenTable_01/model.config:Zone.Identifier
[0.686s] -- Up-to-date: /root/AGV/install/bumperbot_description/share/bumperbot_description/models/aws_robomaker_residential_KitchenTable_01/model.sdf:Zone.Identifier
[0.686s] -- Up-to-date: /root/AGV/install/bumperbot_description/share/bumperbot_description/models/aws_robomaker_residential_KitchenTable_01/model.config
[0.686s] -- Up-to-date: /root/AGV/install/bumperbot_description/share/bumperbot_description/models/aws_robomaker_residential_KitchenTable_01/meshes
[0.686s] -- Up-to-date: /root/AGV/install/bumperbot_description/share/bumperbot_description/models/aws_robomaker_residential_KitchenTable_01/meshes/aws_KitchenTable_01_collision.DAE
[0.686s] -- Up-to-date: /root/AGV/install/bumperbot_description/share/bumperbot_description/models/aws_robomaker_residential_KitchenTable_01/meshes/aws_KitchenTable_01_visual.DAE:Zone.Identifier
[0.686s] -- Up-to-date: /root/AGV/install/bumperbot_description/share/bumperbot_description/models/aws_robomaker_residential_KitchenTable_01/meshes/aws_KitchenTable_01_visual.DAE
[0.686s] -- Up-to-date: /root/AGV/install/bumperbot_description/share/bumperbot_description/models/aws_robomaker_residential_KitchenTable_01/meshes/aws_KitchenTable_01_collision.DAE:Zone.Identifier
[0.686s] -- Up-to-date: /root/AGV/install/bumperbot_description/share/bumperbot_description/models/aws_robomaker_residential_KitchenTable_01/model.sdf
[0.686s] -- Up-to-date: /root/AGV/install/bumperbot_description/share/bumperbot_description/models/aws_robomaker_residential_KitchenTable_01/materials
[0.686s] -- Up-to-date: /root/AGV/install/bumperbot_description/share/bumperbot_description/models/aws_robomaker_residential_KitchenTable_01/materials/textures
[0.686s] -- Up-to-date: /root/AGV/install/bumperbot_description/share/bumperbot_description/models/aws_robomaker_residential_KitchenTable_01/materials/textures/aws_KitchenTable_01.png:Zone.Identifier
[0.686s] -- Up-to-date: /root/AGV/install/bumperbot_description/share/bumperbot_description/models/aws_robomaker_residential_KitchenTable_01/materials/textures/aws_KitchenTable_01.png
[0.686s] -- Up-to-date: /root/AGV/install/bumperbot_description/share/bumperbot_description/models/aws_robomaker_residential_PortraitE_02
[0.687s] -- Up-to-date: /root/AGV/install/bumperbot_description/share/bumperbot_description/models/aws_robomaker_residential_PortraitE_02/model.config:Zone.Identifier
[0.687s] -- Up-to-date: /root/AGV/install/bumperbot_description/share/bumperbot_description/models/aws_robomaker_residential_PortraitE_02/model.sdf:Zone.Identifier
[0.687s] -- Up-to-date: /root/AGV/install/bumperbot_description/share/bumperbot_description/models/aws_robomaker_residential_PortraitE_02/model.config
[0.687s] -- Up-to-date: /root/AGV/install/bumperbot_description/share/bumperbot_description/models/aws_robomaker_residential_PortraitE_02/meshes
[0.687s] -- Up-to-date: /root/AGV/install/bumperbot_description/share/bumperbot_description/models/aws_robomaker_residential_PortraitE_02/meshes/aws_PortraitE_01_visual.DAE:Zone.Identifier
[0.687s] -- Up-to-date: /root/AGV/install/bumperbot_description/share/bumperbot_description/models/aws_robomaker_residential_PortraitE_02/meshes/aws_PortraitE_01_collision.DAE:Zone.Identifier
[0.687s] -- Up-to-date: /root/AGV/install/bumperbot_description/share/bumperbot_description/models/aws_robomaker_residential_PortraitE_02/meshes/aws_PortraitE_01_collision.DAE
[0.687s] -- Up-to-date: /root/AGV/install/bumperbot_description/share/bumperbot_description/models/aws_robomaker_residential_PortraitE_02/meshes/aws_PortraitE_01_visual.DAE
[0.687s] -- Up-to-date: /root/AGV/install/bumperbot_description/share/bumperbot_description/models/aws_robomaker_residential_PortraitE_02/model.sdf
[0.687s] -- Up-to-date: /root/AGV/install/bumperbot_description/share/bumperbot_description/models/aws_robomaker_residential_PortraitE_02/materials
[0.687s] -- Up-to-date: /root/AGV/install/bumperbot_description/share/bumperbot_description/models/aws_robomaker_residential_PortraitE_02/materials/textures
[0.687s] -- Up-to-date: /root/AGV/install/bumperbot_description/share/bumperbot_description/models/aws_robomaker_residential_PortraitE_02/materials/textures/aws_PortraitE_02.png
[0.687s] -- Up-to-date: /root/AGV/install/bumperbot_description/share/bumperbot_description/models/aws_robomaker_residential_PortraitE_02/materials/textures/PortraitE_02.jpg:Zone.Identifier
[0.687s] -- Up-to-date: /root/AGV/install/bumperbot_description/share/bumperbot_description/models/aws_robomaker_residential_PortraitE_02/materials/textures/aws_PortraitE_01.png
[0.687s] -- Up-to-date: /root/AGV/install/bumperbot_description/share/bumperbot_description/models/aws_robomaker_residential_PortraitE_02/materials/textures/aws_PortraitE_02.png:Zone.Identifier
[0.688s] -- Up-to-date: /root/AGV/install/bumperbot_description/share/bumperbot_description/models/aws_robomaker_residential_PortraitE_02/materials/textures/aws_PortraitE_01.png:Zone.Identifier
[0.688s] -- Up-to-date: /root/AGV/install/bumperbot_description/share/bumperbot_description/models/aws_robomaker_residential_PortraitE_02/materials/textures/PortraitE_02.jpg
[0.688s] -- Up-to-date: /root/AGV/install/bumperbot_description/share/bumperbot_description/models/aws_robomaker_residential_FloorB_01
[0.688s] -- Up-to-date: /root/AGV/install/bumperbot_description/share/bumperbot_description/models/aws_robomaker_residential_FloorB_01/model.config:Zone.Identifier
[0.688s] -- Up-to-date: /root/AGV/install/bumperbot_description/share/bumperbot_description/models/aws_robomaker_residential_FloorB_01/model.sdf:Zone.Identifier
[0.688s] -- Up-to-date: /root/AGV/install/bumperbot_description/share/bumperbot_description/models/aws_robomaker_residential_FloorB_01/model.config
[0.688s] -- Up-to-date: /root/AGV/install/bumperbot_description/share/bumperbot_description/models/aws_robomaker_residential_FloorB_01/meshes
[0.688s] -- Up-to-date: /root/AGV/install/bumperbot_description/share/bumperbot_description/models/aws_robomaker_residential_FloorB_01/meshes/aws_FloorB_01_visual.DAE
[0.688s] -- Up-to-date: /root/AGV/install/bumperbot_description/share/bumperbot_description/models/aws_robomaker_residential_FloorB_01/meshes/aws_FloorB_01_visual.DAE:Zone.Identifier
[0.688s] -- Up-to-date: /root/AGV/install/bumperbot_description/share/bumperbot_description/models/aws_robomaker_residential_FloorB_01/meshes/aws_FloorB_01_collision.DAE
[0.688s] -- Up-to-date: /root/AGV/install/bumperbot_description/share/bumperbot_description/models/aws_robomaker_residential_FloorB_01/meshes/aws_FloorB_01_collision.DAE:Zone.Identifier
[0.688s] -- Up-to-date: /root/AGV/install/bumperbot_description/share/bumperbot_description/models/aws_robomaker_residential_FloorB_01/model.sdf
[0.688s] -- Up-to-date: /root/AGV/install/bumperbot_description/share/bumperbot_description/models/aws_robomaker_residential_FloorB_01/materials
[0.688s] -- Up-to-date: /root/AGV/install/bumperbot_description/share/bumperbot_description/models/aws_robomaker_residential_FloorB_01/materials/textures
[0.689s] -- Up-to-date: /root/AGV/install/bumperbot_description/share/bumperbot_description/models/aws_robomaker_residential_FloorB_01/materials/textures/aws_FloorB_01.png
[0.689s] -- Up-to-date: /root/AGV/install/bumperbot_description/share/bumperbot_description/models/aws_robomaker_residential_FloorB_01/materials/textures/aws_FloorB_01.png:Zone.Identifier
[0.689s] -- Up-to-date: /root/AGV/install/bumperbot_description/share/bumperbot_description/models/aws_robomaker_residential_PortraitA_02
[0.689s] -- Up-to-date: /root/AGV/install/bumperbot_description/share/bumperbot_description/models/aws_robomaker_residential_PortraitA_02/model.config:Zone.Identifier
[0.689s] -- Up-to-date: /root/AGV/install/bumperbot_description/share/bumperbot_description/models/aws_robomaker_residential_PortraitA_02/model.sdf:Zone.Identifier
[0.689s] -- Up-to-date: /root/AGV/install/bumperbot_description/share/bumperbot_description/models/aws_robomaker_residential_PortraitA_02/model.config
[0.689s] -- Up-to-date: /root/AGV/install/bumperbot_description/share/bumperbot_description/models/aws_robomaker_residential_PortraitA_02/meshes
[0.689s] -- Up-to-date: /root/AGV/install/bumperbot_description/share/bumperbot_description/models/aws_robomaker_residential_PortraitA_02/meshes/aws_PortraitA_01_collision.DAE:Zone.Identifier
[0.689s] -- Up-to-date: /root/AGV/install/bumperbot_description/share/bumperbot_description/models/aws_robomaker_residential_PortraitA_02/meshes/aws_PortraitA_01_collision.DAE
[0.689s] -- Up-to-date: /root/AGV/install/bumperbot_description/share/bumperbot_description/models/aws_robomaker_residential_PortraitA_02/meshes/aws_PortraitA_01_visual.DAE:Zone.Identifier
[0.689s] -- Up-to-date: /root/AGV/install/bumperbot_description/share/bumperbot_description/models/aws_robomaker_residential_PortraitA_02/meshes/aws_PortraitA_01_visual.DAE
[0.689s] -- Up-to-date: /root/AGV/install/bumperbot_description/share/bumperbot_description/models/aws_robomaker_residential_PortraitA_02/model.sdf
[0.689s] -- Up-to-date: /root/AGV/install/bumperbot_description/share/bumperbot_description/models/aws_robomaker_residential_PortraitA_02/materials
[0.689s] -- Up-to-date: /root/AGV/install/bumperbot_description/share/bumperbot_description/models/aws_robomaker_residential_PortraitA_02/materials/textures
[0.689s] -- Up-to-date: /root/AGV/install/bumperbot_description/share/bumperbot_description/models/aws_robomaker_residential_PortraitA_02/materials/textures/PortraitA_02.jpg
[0.690s] -- Up-to-date: /root/AGV/install/bumperbot_description/share/bumperbot_description/models/aws_robomaker_residential_PortraitA_02/materials/textures/aws_PortraitA_01.png
[0.690s] -- Up-to-date: /root/AGV/install/bumperbot_description/share/bumperbot_description/models/aws_robomaker_residential_PortraitA_02/materials/textures/aws_PortraitA_01.png:Zone.Identifier
[0.690s] -- Up-to-date: /root/AGV/install/bumperbot_description/share/bumperbot_description/models/aws_robomaker_residential_PortraitA_02/materials/textures/aws_PortraitA_02.png:Zone.Identifier
[0.690s] -- Up-to-date: /root/AGV/install/bumperbot_description/share/bumperbot_description/models/aws_robomaker_residential_PortraitA_02/materials/textures/aws_PortraitA_02.png
[0.690s] -- Up-to-date: /root/AGV/install/bumperbot_description/share/bumperbot_description/models/aws_robomaker_residential_PortraitA_02/materials/textures/PortraitA_02.jpg:Zone.Identifier
[0.690s] -- Up-to-date: /root/AGV/install/bumperbot_description/share/bumperbot_description/models/aws_robomaker_residential_BalconyTable_01
[0.690s] -- Up-to-date: /root/AGV/install/bumperbot_description/share/bumperbot_description/models/aws_robomaker_residential_BalconyTable_01/model.config:Zone.Identifier
[0.690s] -- Up-to-date: /root/AGV/install/bumperbot_description/share/bumperbot_description/models/aws_robomaker_residential_BalconyTable_01/model.sdf:Zone.Identifier
[0.690s] -- Up-to-date: /root/AGV/install/bumperbot_description/share/bumperbot_description/models/aws_robomaker_residential_BalconyTable_01/model.config
[0.690s] -- Up-to-date: /root/AGV/install/bumperbot_description/share/bumperbot_description/models/aws_robomaker_residential_BalconyTable_01/meshes
[0.690s] -- Up-to-date: /root/AGV/install/bumperbot_description/share/bumperbot_description/models/aws_robomaker_residential_BalconyTable_01/meshes/aws_BalconyTable_01_visual.DAE:Zone.Identifier
[0.690s] -- Up-to-date: /root/AGV/install/bumperbot_description/share/bumperbot_description/models/aws_robomaker_residential_BalconyTable_01/meshes/aws_BalconyTable_01_collision.DAE:Zone.Identifier
[0.690s] -- Up-to-date: /root/AGV/install/bumperbot_description/share/bumperbot_description/models/aws_robomaker_residential_BalconyTable_01/meshes/aws_BalconyTable_01_collision.DAE
[0.690s] -- Up-to-date: /root/AGV/install/bumperbot_description/share/bumperbot_description/models/aws_robomaker_residential_BalconyTable_01/meshes/aws_BalconyTable_01_visual.DAE
[0.690s] -- Up-to-date: /root/AGV/install/bumperbot_description/share/bumperbot_description/models/aws_robomaker_residential_BalconyTable_01/model.sdf
[0.691s] -- Up-to-date: /root/AGV/install/bumperbot_description/share/bumperbot_description/models/aws_robomaker_residential_BalconyTable_01/materials
[0.691s] -- Up-to-date: /root/AGV/install/bumperbot_description/share/bumperbot_description/models/aws_robomaker_residential_BalconyTable_01/materials/textures
[0.691s] -- Up-to-date: /root/AGV/install/bumperbot_description/share/bumperbot_description/models/aws_robomaker_residential_BalconyTable_01/materials/textures/aws_BalconyTable_01.png
[0.691s] -- Up-to-date: /root/AGV/install/bumperbot_description/share/bumperbot_description/models/aws_robomaker_residential_BalconyTable_01/materials/textures/aws_BalconyTable_01.png:Zone.Identifier
[0.691s] -- Up-to-date: /root/AGV/install/bumperbot_description/share/bumperbot_description/models/aws_robomaker_residential_SecurityCamera_01
[0.691s] -- Up-to-date: /root/AGV/install/bumperbot_description/share/bumperbot_description/models/aws_robomaker_residential_SecurityCamera_01/model.config:Zone.Identifier
[0.691s] -- Up-to-date: /root/AGV/install/bumperbot_description/share/bumperbot_description/models/aws_robomaker_residential_SecurityCamera_01/model.sdf:Zone.Identifier
[0.691s] -- Up-to-date: /root/AGV/install/bumperbot_description/share/bumperbot_description/models/aws_robomaker_residential_SecurityCamera_01/model.config
[0.691s] -- Up-to-date: /root/AGV/install/bumperbot_description/share/bumperbot_description/models/aws_robomaker_residential_SecurityCamera_01/meshes
[0.691s] -- Up-to-date: /root/AGV/install/bumperbot_description/share/bumperbot_description/models/aws_robomaker_residential_SecurityCamera_01/meshes/aws_SecurityCamera_01_visual.DAE
[0.691s] -- Up-to-date: /root/AGV/install/bumperbot_description/share/bumperbot_description/models/aws_robomaker_residential_SecurityCamera_01/meshes/aws_SecurityCamera_01_visual.DAE:Zone.Identifier
[0.691s] -- Up-to-date: /root/AGV/install/bumperbot_description/share/bumperbot_description/models/aws_robomaker_residential_SecurityCamera_01/meshes/aws_SecurityCamera_01_collision.DAE
[0.691s] -- Up-to-date: /root/AGV/install/bumperbot_description/share/bumperbot_description/models/aws_robomaker_residential_SecurityCamera_01/meshes/aws_SecurityCamera_01_collision.DAE:Zone.Identifier
[0.692s] -- Up-to-date: /root/AGV/install/bumperbot_description/share/bumperbot_description/models/aws_robomaker_residential_SecurityCamera_01/model.sdf
[0.693s] -- Up-to-date: /root/AGV/install/bumperbot_description/share/bumperbot_description/models/aws_robomaker_residential_SecurityCamera_01/materials
[0.693s] -- Up-to-date: /root/AGV/install/bumperbot_description/share/bumperbot_description/models/aws_robomaker_residential_SecurityCamera_01/materials/textures
[0.693s] -- Up-to-date: /root/AGV/install/bumperbot_description/share/bumperbot_description/models/aws_robomaker_residential_SecurityCamera_01/materials/textures/aws_SecurityCamera_01.png:Zone.Identifier
[0.693s] -- Up-to-date: /root/AGV/install/bumperbot_description/share/bumperbot_description/models/aws_robomaker_residential_SecurityCamera_01/materials/textures/aws_SecurityCamera_01.png
[0.693s] -- Up-to-date: /root/AGV/install/bumperbot_description/share/bumperbot_description/models/aws_robomaker_residential_Rangehood_01
[0.693s] -- Up-to-date: /root/AGV/install/bumperbot_description/share/bumperbot_description/models/aws_robomaker_residential_Rangehood_01/model.config:Zone.Identifier
[0.694s] -- Up-to-date: /root/AGV/install/bumperbot_description/share/bumperbot_description/models/aws_robomaker_residential_Rangehood_01/model.sdf:Zone.Identifier
[0.694s] -- Up-to-date: /root/AGV/install/bumperbot_description/share/bumperbot_description/models/aws_robomaker_residential_Rangehood_01/model.config
[0.694s] -- Up-to-date: /root/AGV/install/bumperbot_description/share/bumperbot_description/models/aws_robomaker_residential_Rangehood_01/meshes
[0.694s] -- Up-to-date: /root/AGV/install/bumperbot_description/share/bumperbot_description/models/aws_robomaker_residential_Rangehood_01/meshes/aws_Rangehood_01_collision.DAE
[0.694s] -- Up-to-date: /root/AGV/install/bumperbot_description/share/bumperbot_description/models/aws_robomaker_residential_Rangehood_01/meshes/aws_Rangehood_01_visual.DAE
[0.695s] -- Up-to-date: /root/AGV/install/bumperbot_description/share/bumperbot_description/models/aws_robomaker_residential_Rangehood_01/meshes/aws_Rangehood_01_collision.DAE:Zone.Identifier
[0.696s] -- Up-to-date: /root/AGV/install/bumperbot_description/share/bumperbot_description/models/aws_robomaker_residential_Rangehood_01/meshes/aws_Rangehood_01_visual.DAE:Zone.Identifier
[0.696s] -- Up-to-date: /root/AGV/install/bumperbot_description/share/bumperbot_description/models/aws_robomaker_residential_Rangehood_01/model.sdf
[0.696s] -- Up-to-date: /root/AGV/install/bumperbot_description/share/bumperbot_description/models/aws_robomaker_residential_Rangehood_01/materials
[0.696s] -- Up-to-date: /root/AGV/install/bumperbot_description/share/bumperbot_description/models/aws_robomaker_residential_Rangehood_01/materials/textures
[0.696s] -- Up-to-date: /root/AGV/install/bumperbot_description/share/bumperbot_description/models/aws_robomaker_residential_Rangehood_01/materials/textures/aws_Rangehood_01.png
[0.696s] -- Up-to-date: /root/AGV/install/bumperbot_description/share/bumperbot_description/models/aws_robomaker_residential_Rangehood_01/materials/textures/aws_Rangehood_01.png:Zone.Identifier
[0.696s] -- Up-to-date: /root/AGV/install/bumperbot_description/share/bumperbot_description/models/aws_robomaker_residential_DeskPortraitC_02
[0.696s] -- Up-to-date: /root/AGV/install/bumperbot_description/share/bumperbot_description/models/aws_robomaker_residential_DeskPortraitC_02/model.config:Zone.Identifier
[0.696s] -- Up-to-date: /root/AGV/install/bumperbot_description/share/bumperbot_description/models/aws_robomaker_residential_DeskPortraitC_02/model.sdf:Zone.Identifier
[0.696s] -- Up-to-date: /root/AGV/install/bumperbot_description/share/bumperbot_description/models/aws_robomaker_residential_DeskPortraitC_02/model.config
[0.696s] -- Up-to-date: /root/AGV/install/bumperbot_description/share/bumperbot_description/models/aws_robomaker_residential_DeskPortraitC_02/meshes
[0.696s] -- Up-to-date: /root/AGV/install/bumperbot_description/share/bumperbot_description/models/aws_robomaker_residential_DeskPortraitC_02/meshes/aws_DeskPortraitC_01_collision.DAE
[0.696s] -- Up-to-date: /root/AGV/install/bumperbot_description/share/bumperbot_description/models/aws_robomaker_residential_DeskPortraitC_02/meshes/aws_DeskPortraitC_01_visual.DAE
[0.696s] -- Up-to-date: /root/AGV/install/bumperbot_description/share/bumperbot_description/models/aws_robomaker_residential_DeskPortraitC_02/meshes/aws_DeskPortraitC_01_collision.DAE:Zone.Identifier
[0.697s] -- Up-to-date: /root/AGV/install/bumperbot_description/share/bumperbot_description/models/aws_robomaker_residential_DeskPortraitC_02/meshes/aws_DeskPortraitC_01_visual.DAE:Zone.Identifier
[0.697s] -- Up-to-date: /root/AGV/install/bumperbot_description/share/bumperbot_description/models/aws_robomaker_residential_DeskPortraitC_02/model.sdf
[0.697s] -- Up-to-date: /root/AGV/install/bumperbot_description/share/bumperbot_description/models/aws_robomaker_residential_DeskPortraitC_02/materials
[0.697s] -- Up-to-date: /root/AGV/install/bumperbot_description/share/bumperbot_description/models/aws_robomaker_residential_DeskPortraitC_02/materials/textures
[0.697s] -- Up-to-date: /root/AGV/install/bumperbot_description/share/bumperbot_description/models/aws_robomaker_residential_DeskPortraitC_02/materials/textures/DeskPortraitC_02.jpg
[0.697s] -- Up-to-date: /root/AGV/install/bumperbot_description/share/bumperbot_description/models/aws_robomaker_residential_DeskPortraitC_02/materials/textures/aws_DeskPortraitC_01.png
[0.697s] -- Up-to-date: /root/AGV/install/bumperbot_description/share/bumperbot_description/models/aws_robomaker_residential_DeskPortraitC_02/materials/textures/aws_DeskPortraitC_02.png:Zone.Identifier
[0.697s] -- Up-to-date: /root/AGV/install/bumperbot_description/share/bumperbot_description/models/aws_robomaker_residential_DeskPortraitC_02/materials/textures/aws_DeskPortraitC_02.png
[0.697s] -- Up-to-date: /root/AGV/install/bumperbot_description/share/bumperbot_description/models/aws_robomaker_residential_DeskPortraitC_02/materials/textures/aws_DeskPortraitC_01.png:Zone.Identifier
[0.697s] -- Up-to-date: /root/AGV/install/bumperbot_description/share/bumperbot_description/models/aws_robomaker_residential_DeskPortraitC_02/materials/textures/DeskPortraitC_02.jpg:Zone.Identifier
[0.697s] -- Up-to-date: /root/AGV/install/bumperbot_description/share/bumperbot_description/models/aws_robomaker_residential_Board_01
[0.697s] -- Up-to-date: /root/AGV/install/bumperbot_description/share/bumperbot_description/models/aws_robomaker_residential_Board_01/model.config:Zone.Identifier
[0.697s] -- Up-to-date: /root/AGV/install/bumperbot_description/share/bumperbot_description/models/aws_robomaker_residential_Board_01/model.sdf:Zone.Identifier
[0.708s] -- Up-to-date: /root/AGV/install/bumperbot_description/share/bumperbot_description/models/aws_robomaker_residential_Board_01/model.config
[0.710s] -- Up-to-date: /root/AGV/install/bumperbot_description/share/bumperbot_description/models/aws_robomaker_residential_Board_01/meshes
[0.710s] -- Up-to-date: /root/AGV/install/bumperbot_description/share/bumperbot_description/models/aws_robomaker_residential_Board_01/meshes/aws_Board_01_collision.DAE
[0.710s] -- Up-to-date: /root/AGV/install/bumperbot_description/share/bumperbot_description/models/aws_robomaker_residential_Board_01/meshes/aws_Board_01_collision.DAE:Zone.Identifier
[0.710s] -- Up-to-date: /root/AGV/install/bumperbot_description/share/bumperbot_description/models/aws_robomaker_residential_Board_01/meshes/aws_Board_01_visual.DAE:Zone.Identifier
[0.711s] -- Up-to-date: /root/AGV/install/bumperbot_description/share/bumperbot_description/models/aws_robomaker_residential_Board_01/meshes/aws_Board_01_visual.DAE
[0.711s] -- Up-to-date: /root/AGV/install/bumperbot_description/share/bumperbot_description/models/aws_robomaker_residential_Board_01/model.sdf
[0.711s] -- Up-to-date: /root/AGV/install/bumperbot_description/share/bumperbot_description/models/aws_robomaker_residential_Board_01/materials
[0.711s] -- Up-to-date: /root/AGV/install/bumperbot_description/share/bumperbot_description/models/aws_robomaker_residential_Board_01/materials/textures
[0.712s] -- Up-to-date: /root/AGV/install/bumperbot_description/share/bumperbot_description/models/aws_robomaker_residential_Board_01/materials/textures/aws_Board_01.png
[0.713s] -- Up-to-date: /root/AGV/install/bumperbot_description/share/bumperbot_description/models/aws_robomaker_residential_Board_01/materials/textures/aws_Board_01.png:Zone.Identifier
[0.713s] -- Up-to-date: /root/AGV/install/bumperbot_description/share/bumperbot_description/models/willowgarage
[0.717s] -- Up-to-date: /root/AGV/install/bumperbot_description/share/bumperbot_description/models/willowgarage/meshes
[0.717s] -- Up-to-date: /root/AGV/install/bumperbot_description/share/bumperbot_description/models/willowgarage/meshes/willowgarage_collision.dae:Zone.Identifier
[0.717s] -- Up-to-date: /root/AGV/install/bumperbot_description/share/bumperbot_description/models/willowgarage/meshes/willowgarage_collision.dae
[0.717s] -- Up-to-date: /root/AGV/install/bumperbot_description/share/bumperbot_description/models/willowgarage/meshes/willowgarage_visual.dae
[0.717s] -- Up-to-date: /root/AGV/install/bumperbot_description/share/bumperbot_description/models/willowgarage/meshes/willowgarage_visual.dae:Zone.Identifier
[0.718s] -- Up-to-date: /root/AGV/install/bumperbot_description/share/bumperbot_description/models/willowgarage/materials
[0.718s] -- Up-to-date: /root/AGV/install/bumperbot_description/share/bumperbot_description/models/willowgarage/materials/textures
[0.718s] -- Up-to-date: /root/AGV/install/bumperbot_description/share/bumperbot_description/models/willowgarage/materials/textures/Wood_Bamboo_Medium_.png
[0.718s] -- Up-to-date: /root/AGV/install/bumperbot_description/share/bumperbot_description/models/willowgarage/materials/textures/__Wood_Bamboo_Medium_1.png:Zone.Identifier
[0.718s] -- Up-to-date: /root/AGV/install/bumperbot_description/share/bumperbot_description/models/willowgarage/materials/textures/Wood_Cherry_Original_.png:Zone.Identifier
[0.718s] -- Up-to-date: /root/AGV/install/bumperbot_description/share/bumperbot_description/models/willowgarage/materials/textures/Wood_Bamboo_Medium_.png:Zone.Identifier
[0.718s] -- Up-to-date: /root/AGV/install/bumperbot_description/share/bumperbot_description/models/willowgarage/materials/textures/__auto_12.png:Zone.Identifier
[0.718s] -- Up-to-date: /root/AGV/install/bumperbot_description/share/bumperbot_description/models/willowgarage/materials/textures/__auto_12.png
[0.718s] -- Up-to-date: /root/AGV/install/bumperbot_description/share/bumperbot_description/models/willowgarage/materials/textures/__auto_2.png:Zone.Identifier
[0.718s] -- Up-to-date: /root/AGV/install/bumperbot_description/share/bumperbot_description/models/willowgarage/materials/textures/__auto_2.png
[0.718s] -- Up-to-date: /root/AGV/install/bumperbot_description/share/bumperbot_description/models/willowgarage/materials/textures/Wood_Cherry_Original_.png
[0.719s] -- Up-to-date: /root/AGV/install/bumperbot_description/share/bumperbot_description/models/willowgarage/materials/textures/Stone_Brushed_Khaki_.png
[0.719s] -- Up-to-date: /root/AGV/install/bumperbot_description/share/bumperbot_description/models/willowgarage/materials/textures/Carpet_Berber_Pattern_Gray_.png:Zone.Identifier
[0.719s] -- Up-to-date: /root/AGV/install/bumperbot_description/share/bumperbot_description/models/willowgarage/materials/textures/__Wood_Bamboo_Medium_1.png
[0.719s] -- Up-to-date: /root/AGV/install/bumperbot_description/share/bumperbot_description/models/willowgarage/materials/textures/Carpet_Berber_Pattern_Gray_.png
[0.719s] -- Up-to-date: /root/AGV/install/bumperbot_description/share/bumperbot_description/models/willowgarage/materials/textures/Stone_Brushed_Khaki_.png:Zone.Identifier
[0.719s] -- Up-to-date: /root/AGV/install/bumperbot_description/share/bumperbot_description/models/aws_robomaker_residential_Handle_01
[0.719s] -- Up-to-date: /root/AGV/install/bumperbot_description/share/bumperbot_description/models/aws_robomaker_residential_Handle_01/model.config:Zone.Identifier
[0.719s] -- Up-to-date: /root/AGV/install/bumperbot_description/share/bumperbot_description/models/aws_robomaker_residential_Handle_01/model.sdf:Zone.Identifier
[0.720s] -- Up-to-date: /root/AGV/install/bumperbot_description/share/bumperbot_description/models/aws_robomaker_residential_Handle_01/model.config
[0.720s] -- Up-to-date: /root/AGV/install/bumperbot_description/share/bumperbot_description/models/aws_robomaker_residential_Handle_01/meshes
[0.720s] -- Up-to-date: /root/AGV/install/bumperbot_description/share/bumperbot_description/models/aws_robomaker_residential_Handle_01/meshes/aws_Handle_01_collision.DAE:Zone.Identifier
[0.720s] -- Up-to-date: /root/AGV/install/bumperbot_description/share/bumperbot_description/models/aws_robomaker_residential_Handle_01/meshes/aws_Handle_01_visual.DAE:Zone.Identifier
[0.720s] -- Up-to-date: /root/AGV/install/bumperbot_description/share/bumperbot_description/models/aws_robomaker_residential_Handle_01/meshes/aws_Handle_01_visual.DAE
[0.720s] -- Up-to-date: /root/AGV/install/bumperbot_description/share/bumperbot_description/models/aws_robomaker_residential_Handle_01/meshes/aws_Handle_01_collision.DAE
[0.720s] -- Up-to-date: /root/AGV/install/bumperbot_description/share/bumperbot_description/models/aws_robomaker_residential_Handle_01/model.sdf
[0.720s] -- Up-to-date: /root/AGV/install/bumperbot_description/share/bumperbot_description/models/aws_robomaker_residential_Handle_01/materials
[0.720s] -- Up-to-date: /root/AGV/install/bumperbot_description/share/bumperbot_description/models/aws_robomaker_residential_Handle_01/materials/textures
[0.720s] -- Up-to-date: /root/AGV/install/bumperbot_description/share/bumperbot_description/models/aws_robomaker_residential_Handle_01/materials/textures/aws_Handle_01.png:Zone.Identifier
[0.720s] -- Up-to-date: /root/AGV/install/bumperbot_description/share/bumperbot_description/models/aws_robomaker_residential_Handle_01/materials/textures/aws_Handle_01.png
[0.720s] -- Up-to-date: /root/AGV/install/bumperbot_description/share/bumperbot_description/models/aws_robomaker_residential_Carpet_01
[0.721s] -- Up-to-date: /root/AGV/install/bumperbot_description/share/bumperbot_description/models/aws_robomaker_residential_Carpet_01/model.config:Zone.Identifier
[0.721s] -- Up-to-date: /root/AGV/install/bumperbot_description/share/bumperbot_description/models/aws_robomaker_residential_Carpet_01/model.sdf:Zone.Identifier
[0.721s] -- Up-to-date: /root/AGV/install/bumperbot_description/share/bumperbot_description/models/aws_robomaker_residential_Carpet_01/model.config
[0.721s] -- Up-to-date: /root/AGV/install/bumperbot_description/share/bumperbot_description/models/aws_robomaker_residential_Carpet_01/meshes
[0.721s] -- Up-to-date: /root/AGV/install/bumperbot_description/share/bumperbot_description/models/aws_robomaker_residential_Carpet_01/meshes/aws_Carpet_01_visual.DAE:Zone.Identifier
[0.721s] -- Up-to-date: /root/AGV/install/bumperbot_description/share/bumperbot_description/models/aws_robomaker_residential_Carpet_01/meshes/aws_Carpet_01_collision.DAE
[0.721s] -- Up-to-date: /root/AGV/install/bumperbot_description/share/bumperbot_description/models/aws_robomaker_residential_Carpet_01/meshes/aws_Carpet_01_collision.DAE:Zone.Identifier
[0.721s] -- Up-to-date: /root/AGV/install/bumperbot_description/share/bumperbot_description/models/aws_robomaker_residential_Carpet_01/meshes/aws_Carpet_01_visual.DAE
[0.721s] -- Up-to-date: /root/AGV/install/bumperbot_description/share/bumperbot_description/models/aws_robomaker_residential_Carpet_01/model.sdf
[0.721s] -- Up-to-date: /root/AGV/install/bumperbot_description/share/bumperbot_description/models/aws_robomaker_residential_Carpet_01/materials
[0.721s] -- Up-to-date: /root/AGV/install/bumperbot_description/share/bumperbot_description/models/aws_robomaker_residential_Carpet_01/materials/textures
[0.721s] -- Up-to-date: /root/AGV/install/bumperbot_description/share/bumperbot_description/models/aws_robomaker_residential_Carpet_01/materials/textures/aws_Carpet_01.png:Zone.Identifier
[0.721s] -- Up-to-date: /root/AGV/install/bumperbot_description/share/bumperbot_description/models/aws_robomaker_residential_Carpet_01/materials/textures/aws_Carpet_01.png
[0.722s] -- Up-to-date: /root/AGV/install/bumperbot_description/share/bumperbot_description/models/aws_robomaker_residential_DeskPortraitA_02
[0.722s] -- Up-to-date: /root/AGV/install/bumperbot_description/share/bumperbot_description/models/aws_robomaker_residential_DeskPortraitA_02/model.config:Zone.Identifier
[0.722s] -- Up-to-date: /root/AGV/install/bumperbot_description/share/bumperbot_description/models/aws_robomaker_residential_DeskPortraitA_02/model.sdf:Zone.Identifier
[0.722s] -- Up-to-date: /root/AGV/install/bumperbot_description/share/bumperbot_description/models/aws_robomaker_residential_DeskPortraitA_02/model.config
[0.722s] -- Up-to-date: /root/AGV/install/bumperbot_description/share/bumperbot_description/models/aws_robomaker_residential_DeskPortraitA_02/meshes
[0.722s] -- Up-to-date: /root/AGV/install/bumperbot_description/share/bumperbot_description/models/aws_robomaker_residential_DeskPortraitA_02/meshes/aws_DeskPortraitA_01_collision.DAE
[0.722s] -- Up-to-date: /root/AGV/install/bumperbot_description/share/bumperbot_description/models/aws_robomaker_residential_DeskPortraitA_02/meshes/aws_DeskPortraitA_01_collision.DAE:Zone.Identifier
[0.723s] -- Up-to-date: /root/AGV/install/bumperbot_description/share/bumperbot_description/models/aws_robomaker_residential_DeskPortraitA_02/meshes/aws_DeskPortraitA_01_visual.DAE
[0.723s] -- Up-to-date: /root/AGV/install/bumperbot_description/share/bumperbot_description/models/aws_robomaker_residential_DeskPortraitA_02/meshes/aws_DeskPortraitA_01_visual.DAE:Zone.Identifier
[0.723s] -- Up-to-date: /root/AGV/install/bumperbot_description/share/bumperbot_description/models/aws_robomaker_residential_DeskPortraitA_02/model.sdf
[0.723s] -- Up-to-date: /root/AGV/install/bumperbot_description/share/bumperbot_description/models/aws_robomaker_residential_DeskPortraitA_02/materials
[0.723s] -- Up-to-date: /root/AGV/install/bumperbot_description/share/bumperbot_description/models/aws_robomaker_residential_DeskPortraitA_02/materials/textures
[0.723s] -- Up-to-date: /root/AGV/install/bumperbot_description/share/bumperbot_description/models/aws_robomaker_residential_DeskPortraitA_02/materials/textures/aws_DeskPortraitA_02.png:Zone.Identifier
[0.723s] -- Up-to-date: /root/AGV/install/bumperbot_description/share/bumperbot_description/models/aws_robomaker_residential_DeskPortraitA_02/materials/textures/aws_DeskPortraitA_02.png
[0.723s] -- Up-to-date: /root/AGV/install/bumperbot_description/share/bumperbot_description/models/aws_robomaker_residential_DeskPortraitA_02/materials/textures/DeskPortraitA_02.jpg:Zone.Identifier
[0.723s] -- Up-to-date: /root/AGV/install/bumperbot_description/share/bumperbot_description/models/aws_robomaker_residential_DeskPortraitA_02/materials/textures/aws_DeskPortraitA_01.png
[0.723s] -- Up-to-date: /root/AGV/install/bumperbot_description/share/bumperbot_description/models/aws_robomaker_residential_DeskPortraitA_02/materials/textures/DeskPortraitA_02.jpg
[0.723s] -- Up-to-date: /root/AGV/install/bumperbot_description/share/bumperbot_description/models/aws_robomaker_residential_DeskPortraitA_02/materials/textures/aws_DeskPortraitA_01.png:Zone.Identifier
[0.723s] -- Up-to-date: /root/AGV/install/bumperbot_description/share/bumperbot_description/models/aws_robomaker_residential_Wardrobe_01
[0.723s] -- Up-to-date: /root/AGV/install/bumperbot_description/share/bumperbot_description/models/aws_robomaker_residential_Wardrobe_01/model.config:Zone.Identifier
[0.723s] -- Up-to-date: /root/AGV/install/bumperbot_description/share/bumperbot_description/models/aws_robomaker_residential_Wardrobe_01/model.sdf:Zone.Identifier
[0.724s] -- Up-to-date: /root/AGV/install/bumperbot_description/share/bumperbot_description/models/aws_robomaker_residential_Wardrobe_01/model.config
[0.724s] -- Up-to-date: /root/AGV/install/bumperbot_description/share/bumperbot_description/models/aws_robomaker_residential_Wardrobe_01/meshes
[0.724s] -- Up-to-date: /root/AGV/install/bumperbot_description/share/bumperbot_description/models/aws_robomaker_residential_Wardrobe_01/meshes/aws_Wardrobe_01_collision.DAE:Zone.Identifier
[0.724s] -- Up-to-date: /root/AGV/install/bumperbot_description/share/bumperbot_description/models/aws_robomaker_residential_Wardrobe_01/meshes/aws_Wardrobe_01_collision.DAE
[0.724s] -- Up-to-date: /root/AGV/install/bumperbot_description/share/bumperbot_description/models/aws_robomaker_residential_Wardrobe_01/meshes/aws_Wardrobe_01_visual.DAE:Zone.Identifier
[0.724s] -- Up-to-date: /root/AGV/install/bumperbot_description/share/bumperbot_description/models/aws_robomaker_residential_Wardrobe_01/meshes/aws_Wardrobe_01_visual.DAE
[0.725s] -- Up-to-date: /root/AGV/install/bumperbot_description/share/bumperbot_description/models/aws_robomaker_residential_Wardrobe_01/model.sdf
[0.725s] -- Up-to-date: /root/AGV/install/bumperbot_description/share/bumperbot_description/models/aws_robomaker_residential_Wardrobe_01/materials
[0.725s] -- Up-to-date: /root/AGV/install/bumperbot_description/share/bumperbot_description/models/aws_robomaker_residential_Wardrobe_01/materials/textures
[0.725s] -- Up-to-date: /root/AGV/install/bumperbot_description/share/bumperbot_description/models/aws_robomaker_residential_Wardrobe_01/materials/textures/aws_Wardrobe_01.png:Zone.Identifier
[0.725s] -- Up-to-date: /root/AGV/install/bumperbot_description/share/bumperbot_description/models/aws_robomaker_residential_Wardrobe_01/materials/textures/aws_Wardrobe_01.png
[0.726s] -- Up-to-date: /root/AGV/install/bumperbot_description/share/bumperbot_description/models/aws_robomaker_residential_AirconditionerA_01
[0.726s] -- Up-to-date: /root/AGV/install/bumperbot_description/share/bumperbot_description/models/aws_robomaker_residential_AirconditionerA_01/model.config:Zone.Identifier
[0.726s] -- Up-to-date: /root/AGV/install/bumperbot_description/share/bumperbot_description/models/aws_robomaker_residential_AirconditionerA_01/model.sdf:Zone.Identifier
[0.726s] -- Up-to-date: /root/AGV/install/bumperbot_description/share/bumperbot_description/models/aws_robomaker_residential_AirconditionerA_01/model.config
[0.726s] -- Up-to-date: /root/AGV/install/bumperbot_description/share/bumperbot_description/models/aws_robomaker_residential_AirconditionerA_01/meshes
[0.726s] -- Up-to-date: /root/AGV/install/bumperbot_description/share/bumperbot_description/models/aws_robomaker_residential_AirconditionerA_01/meshes/aws_AirconditionerA_01_visual.DAE
[0.726s] -- Up-to-date: /root/AGV/install/bumperbot_description/share/bumperbot_description/models/aws_robomaker_residential_AirconditionerA_01/meshes/aws_AirconditionerA_01_collision.DAE
[0.726s] -- Up-to-date: /root/AGV/install/bumperbot_description/share/bumperbot_description/models/aws_robomaker_residential_AirconditionerA_01/meshes/aws_AirconditionerA_01_collision.DAE:Zone.Identifier
[0.727s] -- Up-to-date: /root/AGV/install/bumperbot_description/share/bumperbot_description/models/aws_robomaker_residential_AirconditionerA_01/meshes/aws_AirconditionerA_01_visual.DAE:Zone.Identifier
[0.727s] -- Up-to-date: /root/AGV/install/bumperbot_description/share/bumperbot_description/models/aws_robomaker_residential_AirconditionerA_01/model.sdf
[0.727s] -- Up-to-date: /root/AGV/install/bumperbot_description/share/bumperbot_description/models/aws_robomaker_residential_AirconditionerA_01/materials
[0.727s] -- Up-to-date: /root/AGV/install/bumperbot_description/share/bumperbot_description/models/aws_robomaker_residential_AirconditionerA_01/materials/textures
[0.727s] -- Up-to-date: /root/AGV/install/bumperbot_description/share/bumperbot_description/models/aws_robomaker_residential_AirconditionerA_01/materials/textures/aws_AirconditionerA_01.png:Zone.Identifier
[0.727s] -- Up-to-date: /root/AGV/install/bumperbot_description/share/bumperbot_description/models/aws_robomaker_residential_AirconditionerA_01/materials/textures/aws_AirconditionerA_01.png
[0.727s] -- Up-to-date: /root/AGV/install/bumperbot_description/share/bumperbot_description/models/aws_robomaker_residential_RoomCeiling_01
[0.727s] -- Up-to-date: /root/AGV/install/bumperbot_description/share/bumperbot_description/models/aws_robomaker_residential_RoomCeiling_01/model.config:Zone.Identifier
[0.727s] -- Up-to-date: /root/AGV/install/bumperbot_description/share/bumperbot_description/models/aws_robomaker_residential_RoomCeiling_01/model.sdf:Zone.Identifier
[0.727s] -- Up-to-date: /root/AGV/install/bumperbot_description/share/bumperbot_description/models/aws_robomaker_residential_RoomCeiling_01/model.config
[0.727s] -- Up-to-date: /root/AGV/install/bumperbot_description/share/bumperbot_description/models/aws_robomaker_residential_RoomCeiling_01/meshes
[0.727s] -- Up-to-date: /root/AGV/install/bumperbot_description/share/bumperbot_description/models/aws_robomaker_residential_RoomCeiling_01/meshes/aws_RoomCeiling_01_collision.DAE
[0.727s] -- Up-to-date: /root/AGV/install/bumperbot_description/share/bumperbot_description/models/aws_robomaker_residential_RoomCeiling_01/meshes/aws_RoomCeiling_01_visual.DAE:Zone.Identifier
[0.745s] -- Up-to-date: /root/AGV/install/bumperbot_description/share/bumperbot_description/models/aws_robomaker_residential_RoomCeiling_01/meshes/aws_RoomCeiling_01_visual.DAE
[0.745s] -- Up-to-date: /root/AGV/install/bumperbot_description/share/bumperbot_description/models/aws_robomaker_residential_RoomCeiling_01/meshes/aws_RoomCeiling_01_collision.DAE:Zone.Identifier
[0.745s] -- Up-to-date: /root/AGV/install/bumperbot_description/share/bumperbot_description/models/aws_robomaker_residential_RoomCeiling_01/model.sdf
[0.745s] -- Up-to-date: /root/AGV/install/bumperbot_description/share/bumperbot_description/models/aws_robomaker_residential_RoomCeiling_01/materials
[0.745s] -- Up-to-date: /root/AGV/install/bumperbot_description/share/bumperbot_description/models/aws_robomaker_residential_RoomCeiling_01/materials/textures
[0.746s] -- Up-to-date: /root/AGV/install/bumperbot_description/share/bumperbot_description/models/aws_robomaker_residential_RoomCeiling_01/materials/textures/aws_RoomCeiling_01.png:Zone.Identifier
[0.749s] -- Up-to-date: /root/AGV/install/bumperbot_description/share/bumperbot_description/models/aws_robomaker_residential_RoomCeiling_01/materials/textures/aws_RoomCeiling_01.png
[0.749s] -- Up-to-date: /root/AGV/install/bumperbot_description/share/bumperbot_description/models/aws_robomaker_residential_SofaB_01
[0.749s] -- Up-to-date: /root/AGV/install/bumperbot_description/share/bumperbot_description/models/aws_robomaker_residential_SofaB_01/model.config:Zone.Identifier
[0.750s] -- Up-to-date: /root/AGV/install/bumperbot_description/share/bumperbot_description/models/aws_robomaker_residential_SofaB_01/model.sdf:Zone.Identifier
[0.750s] -- Up-to-date: /root/AGV/install/bumperbot_description/share/bumperbot_description/models/aws_robomaker_residential_SofaB_01/model.config
[0.750s] -- Up-to-date: /root/AGV/install/bumperbot_description/share/bumperbot_description/models/aws_robomaker_residential_SofaB_01/meshes
[0.750s] -- Up-to-date: /root/AGV/install/bumperbot_description/share/bumperbot_description/models/aws_robomaker_residential_SofaB_01/meshes/aws_SofaB_01_visual.DAE
[0.750s] -- Up-to-date: /root/AGV/install/bumperbot_description/share/bumperbot_description/models/aws_robomaker_residential_SofaB_01/meshes/aws_SofaB_01_visual.DAE:Zone.Identifier
[0.750s] -- Up-to-date: /root/AGV/install/bumperbot_description/share/bumperbot_description/models/aws_robomaker_residential_SofaB_01/meshes/aws_SofaB_01_collision.DAE
[0.750s] -- Up-to-date: /root/AGV/install/bumperbot_description/share/bumperbot_description/models/aws_robomaker_residential_SofaB_01/meshes/aws_SofaB_01_collision.DAE:Zone.Identifier
[0.750s] -- Up-to-date: /root/AGV/install/bumperbot_description/share/bumperbot_description/models/aws_robomaker_residential_SofaB_01/model.sdf
[0.750s] -- Up-to-date: /root/AGV/install/bumperbot_description/share/bumperbot_description/models/aws_robomaker_residential_SofaB_01/materials
[0.750s] -- Up-to-date: /root/AGV/install/bumperbot_description/share/bumperbot_description/models/aws_robomaker_residential_SofaB_01/materials/textures
[0.750s] -- Up-to-date: /root/AGV/install/bumperbot_description/share/bumperbot_description/models/aws_robomaker_residential_SofaB_01/materials/textures/aws_SofaB_01.png:Zone.Identifier
[0.751s] -- Up-to-date: /root/AGV/install/bumperbot_description/share/bumperbot_description/models/aws_robomaker_residential_SofaB_01/materials/textures/aws_SofaB_01.png
[0.751s] -- Up-to-date: /root/AGV/install/bumperbot_description/share/bumperbot_description/models/aws_robomaker_residential_DeskPortraitB_02
[0.751s] -- Up-to-date: /root/AGV/install/bumperbot_description/share/bumperbot_description/models/aws_robomaker_residential_DeskPortraitB_02/model.config:Zone.Identifier
[0.751s] -- Up-to-date: /root/AGV/install/bumperbot_description/share/bumperbot_description/models/aws_robomaker_residential_DeskPortraitB_02/model.sdf:Zone.Identifier
[0.751s] -- Up-to-date: /root/AGV/install/bumperbot_description/share/bumperbot_description/models/aws_robomaker_residential_DeskPortraitB_02/model.config
[0.751s] -- Up-to-date: /root/AGV/install/bumperbot_description/share/bumperbot_description/models/aws_robomaker_residential_DeskPortraitB_02/meshes
[0.751s] -- Up-to-date: /root/AGV/install/bumperbot_description/share/bumperbot_description/models/aws_robomaker_residential_DeskPortraitB_02/meshes/aws_DeskPortraitB_01_visual.DAE:Zone.Identifier
[0.751s] -- Up-to-date: /root/AGV/install/bumperbot_description/share/bumperbot_description/models/aws_robomaker_residential_DeskPortraitB_02/meshes/aws_DeskPortraitB_01_collision.DAE
[0.751s] -- Up-to-date: /root/AGV/install/bumperbot_description/share/bumperbot_description/models/aws_robomaker_residential_DeskPortraitB_02/meshes/aws_DeskPortraitB_01_collision.DAE:Zone.Identifier
[0.751s] -- Up-to-date: /root/AGV/install/bumperbot_description/share/bumperbot_description/models/aws_robomaker_residential_DeskPortraitB_02/meshes/aws_DeskPortraitB_01_visual.DAE
[0.752s] -- Up-to-date: /root/AGV/install/bumperbot_description/share/bumperbot_description/models/aws_robomaker_residential_DeskPortraitB_02/model.sdf
[0.752s] -- Up-to-date: /root/AGV/install/bumperbot_description/share/bumperbot_description/models/aws_robomaker_residential_DeskPortraitB_02/materials
[0.753s] -- Up-to-date: /root/AGV/install/bumperbot_description/share/bumperbot_description/models/aws_robomaker_residential_DeskPortraitB_02/materials/textures
[0.753s] -- Up-to-date: /root/AGV/install/bumperbot_description/share/bumperbot_description/models/aws_robomaker_residential_DeskPortraitB_02/materials/textures/aws_DeskPortraitB_01.png
[0.753s] -- Up-to-date: /root/AGV/install/bumperbot_description/share/bumperbot_description/models/aws_robomaker_residential_DeskPortraitB_02/materials/textures/aws_DeskPortraitB_02.png:Zone.Identifier
[0.753s] -- Up-to-date: /root/AGV/install/bumperbot_description/share/bumperbot_description/models/aws_robomaker_residential_DeskPortraitB_02/materials/textures/aws_DeskPortraitB_01.png:Zone.Identifier
[0.753s] -- Up-to-date: /root/AGV/install/bumperbot_description/share/bumperbot_description/models/aws_robomaker_residential_DeskPortraitB_02/materials/textures/aws_DeskPortraitB_02.png
[0.753s] -- Up-to-date: /root/AGV/install/bumperbot_description/share/bumperbot_description/models/aws_robomaker_residential_DeskPortraitB_02/materials/textures/DeskPortraitB_02.jpg
[0.753s] -- Up-to-date: /root/AGV/install/bumperbot_description/share/bumperbot_description/models/aws_robomaker_residential_DeskPortraitB_02/materials/textures/DeskPortraitB_02.jpg:Zone.Identifier
[0.753s] -- Up-to-date: /root/AGV/install/bumperbot_description/share/bumperbot_description/models/aws_robomaker_residential_KitchenUtensils_01
[0.760s] -- Up-to-date: /root/AGV/install/bumperbot_description/share/bumperbot_description/models/aws_robomaker_residential_KitchenUtensils_01/model.config:Zone.Identifier
[0.761s] -- Up-to-date: /root/AGV/install/bumperbot_description/share/bumperbot_description/models/aws_robomaker_residential_KitchenUtensils_01/model.sdf:Zone.Identifier
[0.761s] -- Up-to-date: /root/AGV/install/bumperbot_description/share/bumperbot_description/models/aws_robomaker_residential_KitchenUtensils_01/model.config
[0.764s] -- Up-to-date: /root/AGV/install/bumperbot_description/share/bumperbot_description/models/aws_robomaker_residential_KitchenUtensils_01/meshes
[0.765s] -- Up-to-date: /root/AGV/install/bumperbot_description/share/bumperbot_description/models/aws_robomaker_residential_KitchenUtensils_01/meshes/aws_KitchenUtensils_01_collision.DAE:Zone.Identifier
[0.765s] -- Up-to-date: /root/AGV/install/bumperbot_description/share/bumperbot_description/models/aws_robomaker_residential_KitchenUtensils_01/meshes/aws_KitchenUtensils_01_visual.DAE:Zone.Identifier
[0.765s] -- Up-to-date: /root/AGV/install/bumperbot_description/share/bumperbot_description/models/aws_robomaker_residential_KitchenUtensils_01/meshes/aws_KitchenUtensils_01_visual.DAE
[0.765s] -- Up-to-date: /root/AGV/install/bumperbot_description/share/bumperbot_description/models/aws_robomaker_residential_KitchenUtensils_01/meshes/aws_KitchenUtensils_01_collision.DAE
[0.766s] -- Up-to-date: /root/AGV/install/bumperbot_description/share/bumperbot_description/models/aws_robomaker_residential_KitchenUtensils_01/model.sdf
[0.766s] -- Up-to-date: /root/AGV/install/bumperbot_description/share/bumperbot_description/models/aws_robomaker_residential_KitchenUtensils_01/materials
[0.766s] -- Up-to-date: /root/AGV/install/bumperbot_description/share/bumperbot_description/models/aws_robomaker_residential_KitchenUtensils_01/materials/textures
[0.766s] -- Up-to-date: /root/AGV/install/bumperbot_description/share/bumperbot_description/models/aws_robomaker_residential_KitchenUtensils_01/materials/textures/aws_KitchenUtensils_01.png:Zone.Identifier
[0.766s] -- Up-to-date: /root/AGV/install/bumperbot_description/share/bumperbot_description/models/aws_robomaker_residential_KitchenUtensils_01/materials/textures/aws_KitchenUtensils_01.png
[0.767s] -- Up-to-date: /root/AGV/install/bumperbot_description/share/bumperbot_description/models/aws_robomaker_residential_Quilt_01
[0.767s] -- Up-to-date: /root/AGV/install/bumperbot_description/share/bumperbot_description/models/aws_robomaker_residential_Quilt_01/model.config:Zone.Identifier
[0.767s] -- Up-to-date: /root/AGV/install/bumperbot_description/share/bumperbot_description/models/aws_robomaker_residential_Quilt_01/model.sdf:Zone.Identifier
[0.767s] -- Up-to-date: /root/AGV/install/bumperbot_description/share/bumperbot_description/models/aws_robomaker_residential_Quilt_01/model.config
[0.767s] -- Up-to-date: /root/AGV/install/bumperbot_description/share/bumperbot_description/models/aws_robomaker_residential_Quilt_01/meshes
[0.767s] -- Up-to-date: /root/AGV/install/bumperbot_description/share/bumperbot_description/models/aws_robomaker_residential_Quilt_01/meshes/aws_Quilt_01_visual.DAE:Zone.Identifier
[0.768s] -- Up-to-date: /root/AGV/install/bumperbot_description/share/bumperbot_description/models/aws_robomaker_residential_Quilt_01/meshes/aws_Quilt_01_visual.DAE
[0.768s] -- Up-to-date: /root/AGV/install/bumperbot_description/share/bumperbot_description/models/aws_robomaker_residential_Quilt_01/meshes/aws_Quilt_01_collision.DAE
[0.768s] -- Up-to-date: /root/AGV/install/bumperbot_description/share/bumperbot_description/models/aws_robomaker_residential_Quilt_01/meshes/aws_Quilt_01_collision.DAE:Zone.Identifier
[0.768s] -- Up-to-date: /root/AGV/install/bumperbot_description/share/bumperbot_description/models/aws_robomaker_residential_Quilt_01/model.sdf
[0.768s] -- Up-to-date: /root/AGV/install/bumperbot_description/share/bumperbot_description/models/aws_robomaker_residential_Quilt_01/materials
[0.768s] -- Up-to-date: /root/AGV/install/bumperbot_description/share/bumperbot_description/models/aws_robomaker_residential_Quilt_01/materials/textures
[0.768s] -- Up-to-date: /root/AGV/install/bumperbot_description/share/bumperbot_description/models/aws_robomaker_residential_Quilt_01/materials/textures/aws_Quilt_01.png
[0.768s] -- Up-to-date: /root/AGV/install/bumperbot_description/share/bumperbot_description/models/aws_robomaker_residential_Quilt_01/materials/textures/aws_Quilt_01.png:Zone.Identifier
[0.768s] -- Up-to-date: /root/AGV/install/bumperbot_description/share/bumperbot_description/models/aws_robomaker_residential_KitchenCabinet_01
[0.769s] -- Up-to-date: /root/AGV/install/bumperbot_description/share/bumperbot_description/models/aws_robomaker_residential_KitchenCabinet_01/model.config:Zone.Identifier
[0.769s] -- Up-to-date: /root/AGV/install/bumperbot_description/share/bumperbot_description/models/aws_robomaker_residential_KitchenCabinet_01/model.sdf:Zone.Identifier
[0.769s] -- Up-to-date: /root/AGV/install/bumperbot_description/share/bumperbot_description/models/aws_robomaker_residential_KitchenCabinet_01/model.config
[0.769s] -- Up-to-date: /root/AGV/install/bumperbot_description/share/bumperbot_description/models/aws_robomaker_residential_KitchenCabinet_01/meshes
[0.769s] -- Up-to-date: /root/AGV/install/bumperbot_description/share/bumperbot_description/models/aws_robomaker_residential_KitchenCabinet_01/meshes/aws_KitchenCabinet_01_visual.DAE:Zone.Identifier
[0.770s] -- Up-to-date: /root/AGV/install/bumperbot_description/share/bumperbot_description/models/aws_robomaker_residential_KitchenCabinet_01/meshes/aws_KitchenCabinet_01_visual.DAE
[0.770s] -- Up-to-date: /root/AGV/install/bumperbot_description/share/bumperbot_description/models/aws_robomaker_residential_KitchenCabinet_01/meshes/aws_KitchenCabinet_01_collision.DAE
[0.771s] -- Up-to-date: /root/AGV/install/bumperbot_description/share/bumperbot_description/models/aws_robomaker_residential_KitchenCabinet_01/meshes/aws_KitchenCabinet_01_collision.DAE:Zone.Identifier
[0.771s] -- Up-to-date: /root/AGV/install/bumperbot_description/share/bumperbot_description/models/aws_robomaker_residential_KitchenCabinet_01/model.sdf
[0.771s] -- Up-to-date: /root/AGV/install/bumperbot_description/share/bumperbot_description/models/aws_robomaker_residential_KitchenCabinet_01/materials
[0.771s] -- Up-to-date: /root/AGV/install/bumperbot_description/share/bumperbot_description/models/aws_robomaker_residential_KitchenCabinet_01/materials/textures
[0.771s] -- Up-to-date: /root/AGV/install/bumperbot_description/share/bumperbot_description/models/aws_robomaker_residential_KitchenCabinet_01/materials/textures/aws_KitchenCabinet_01.png
[0.771s] -- Up-to-date: /root/AGV/install/bumperbot_description/share/bumperbot_description/models/aws_robomaker_residential_KitchenCabinet_01/materials/textures/aws_KitchenCabinet_01.png:Zone.Identifier
[0.772s] -- Up-to-date: /root/AGV/install/bumperbot_description/share/bumperbot_description/models/aws_robomaker_residential_Sofa_01
[0.772s] -- Up-to-date: /root/AGV/install/bumperbot_description/share/bumperbot_description/models/aws_robomaker_residential_Sofa_01/model.config:Zone.Identifier
[0.772s] -- Up-to-date: /root/AGV/install/bumperbot_description/share/bumperbot_description/models/aws_robomaker_residential_Sofa_01/model.sdf:Zone.Identifier
[0.772s] -- Up-to-date: /root/AGV/install/bumperbot_description/share/bumperbot_description/models/aws_robomaker_residential_Sofa_01/model.config
[0.772s] -- Up-to-date: /root/AGV/install/bumperbot_description/share/bumperbot_description/models/aws_robomaker_residential_Sofa_01/meshes
[0.772s] -- Up-to-date: /root/AGV/install/bumperbot_description/share/bumperbot_description/models/aws_robomaker_residential_Sofa_01/meshes/aws_Sofa_01_collision.DAE:Zone.Identifier
[0.773s] -- Up-to-date: /root/AGV/install/bumperbot_description/share/bumperbot_description/models/aws_robomaker_residential_Sofa_01/meshes/aws_Sofa_01_visual.DAE
[0.773s] -- Up-to-date: /root/AGV/install/bumperbot_description/share/bumperbot_description/models/aws_robomaker_residential_Sofa_01/meshes/aws_Sofa_01.DAE
[0.773s] -- Up-to-date: /root/AGV/install/bumperbot_description/share/bumperbot_description/models/aws_robomaker_residential_Sofa_01/meshes/aws_Sofa_01_collision.DAE
[0.774s] -- Up-to-date: /root/AGV/install/bumperbot_description/share/bumperbot_description/models/aws_robomaker_residential_Sofa_01/meshes/aws_Sofa_01.DAE:Zone.Identifier
[0.774s] -- Up-to-date: /root/AGV/install/bumperbot_description/share/bumperbot_description/models/aws_robomaker_residential_Sofa_01/meshes/aws_Sofa_01_visual.DAE:Zone.Identifier
[0.774s] -- Up-to-date: /root/AGV/install/bumperbot_description/share/bumperbot_description/models/aws_robomaker_residential_Sofa_01/model.sdf
[0.774s] -- Up-to-date: /root/AGV/install/bumperbot_description/share/bumperbot_description/models/aws_robomaker_residential_Sofa_01/materials
[0.775s] -- Up-to-date: /root/AGV/install/bumperbot_description/share/bumperbot_description/models/aws_robomaker_residential_Sofa_01/materials/textures
[0.775s] -- Up-to-date: /root/AGV/install/bumperbot_description/share/bumperbot_description/models/aws_robomaker_residential_Sofa_01/materials/textures/aws_Sofa_01.png:Zone.Identifier
[0.775s] -- Up-to-date: /root/AGV/install/bumperbot_description/share/bumperbot_description/models/aws_robomaker_residential_Sofa_01/materials/textures/aws_Sofa_01.png
[0.775s] -- Up-to-date: /root/AGV/install/bumperbot_description/share/bumperbot_description/models/aws_robomaker_residential_CoffeeTable_01
[0.775s] -- Up-to-date: /root/AGV/install/bumperbot_description/share/bumperbot_description/models/aws_robomaker_residential_CoffeeTable_01/model.config:Zone.Identifier
[0.775s] -- Up-to-date: /root/AGV/install/bumperbot_description/share/bumperbot_description/models/aws_robomaker_residential_CoffeeTable_01/model.sdf:Zone.Identifier
[0.776s] -- Up-to-date: /root/AGV/install/bumperbot_description/share/bumperbot_description/models/aws_robomaker_residential_CoffeeTable_01/model.config
[0.776s] -- Up-to-date: /root/AGV/install/bumperbot_description/share/bumperbot_description/models/aws_robomaker_residential_CoffeeTable_01/meshes
[0.776s] -- Up-to-date: /root/AGV/install/bumperbot_description/share/bumperbot_description/models/aws_robomaker_residential_CoffeeTable_01/meshes/aws_CoffeeTable_01_visual.DAE:Zone.Identifier
[0.776s] -- Up-to-date: /root/AGV/install/bumperbot_description/share/bumperbot_description/models/aws_robomaker_residential_CoffeeTable_01/meshes/aws_CoffeeTable_01_visual.DAE
[0.776s] -- Up-to-date: /root/AGV/install/bumperbot_description/share/bumperbot_description/models/aws_robomaker_residential_CoffeeTable_01/meshes/aws_CoffeeTable_01_collision.DAE:Zone.Identifier
[0.776s] -- Up-to-date: /root/AGV/install/bumperbot_description/share/bumperbot_description/models/aws_robomaker_residential_CoffeeTable_01/meshes/aws_CoffeeTable_01_collision.DAE
[0.776s] -- Up-to-date: /root/AGV/install/bumperbot_description/share/bumperbot_description/models/aws_robomaker_residential_CoffeeTable_01/model.sdf
[0.776s] -- Up-to-date: /root/AGV/install/bumperbot_description/share/bumperbot_description/models/aws_robomaker_residential_CoffeeTable_01/materials
[0.777s] -- Up-to-date: /root/AGV/install/bumperbot_description/share/bumperbot_description/models/aws_robomaker_residential_CoffeeTable_01/materials/textures
[0.777s] -- Up-to-date: /root/AGV/install/bumperbot_description/share/bumperbot_description/models/aws_robomaker_residential_CoffeeTable_01/materials/textures/aws_CoffeeTable_01.png
[0.777s] -- Up-to-date: /root/AGV/install/bumperbot_description/share/bumperbot_description/models/aws_robomaker_residential_CoffeeTable_01/materials/textures/aws_CoffeeTable_01.png:Zone.Identifier
[0.777s] -- Up-to-date: /root/AGV/install/bumperbot_description/share/bumperbot_description/models/aws_robomaker_residential_Vase_01
[0.778s] -- Up-to-date: /root/AGV/install/bumperbot_description/share/bumperbot_description/models/aws_robomaker_residential_Vase_01/model.config:Zone.Identifier
[0.778s] -- Up-to-date: /root/AGV/install/bumperbot_description/share/bumperbot_description/models/aws_robomaker_residential_Vase_01/model.sdf:Zone.Identifier
[0.778s] -- Up-to-date: /root/AGV/install/bumperbot_description/share/bumperbot_description/models/aws_robomaker_residential_Vase_01/model.config
[0.778s] -- Up-to-date: /root/AGV/install/bumperbot_description/share/bumperbot_description/models/aws_robomaker_residential_Vase_01/meshes
[0.778s] -- Up-to-date: /root/AGV/install/bumperbot_description/share/bumperbot_description/models/aws_robomaker_residential_Vase_01/meshes/aws_Vase_01_visual.DAE:Zone.Identifier
[0.779s] -- Up-to-date: /root/AGV/install/bumperbot_description/share/bumperbot_description/models/aws_robomaker_residential_Vase_01/meshes/aws_Vase_01_visual.DAE
[0.779s] -- Up-to-date: /root/AGV/install/bumperbot_description/share/bumperbot_description/models/aws_robomaker_residential_Vase_01/meshes/aws_Vase_01_collision.DAE:Zone.Identifier
[0.779s] -- Up-to-date: /root/AGV/install/bumperbot_description/share/bumperbot_description/models/aws_robomaker_residential_Vase_01/meshes/aws_Vase_01_collision.DAE
[0.779s] -- Up-to-date: /root/AGV/install/bumperbot_description/share/bumperbot_description/models/aws_robomaker_residential_Vase_01/model.sdf
[0.781s] -- Up-to-date: /root/AGV/install/bumperbot_description/share/bumperbot_description/models/aws_robomaker_residential_Vase_01/materials
[0.781s] -- Up-to-date: /root/AGV/install/bumperbot_description/share/bumperbot_description/models/aws_robomaker_residential_Vase_01/materials/textures
[0.781s] -- Up-to-date: /root/AGV/install/bumperbot_description/share/bumperbot_description/models/aws_robomaker_residential_Vase_01/materials/textures/aws_Vase_01.png
[0.782s] -- Up-to-date: /root/AGV/install/bumperbot_description/share/bumperbot_description/models/aws_robomaker_residential_Vase_01/materials/textures/aws_Vase_01.png:Zone.Identifier
[0.784s] -- Up-to-date: /root/AGV/install/bumperbot_description/share/bumperbot_description/models/aws_robomaker_residential_Curtain_01
[0.784s] -- Up-to-date: /root/AGV/install/bumperbot_description/share/bumperbot_description/models/aws_robomaker_residential_Curtain_01/model.config:Zone.Identifier
[0.785s] -- Up-to-date: /root/AGV/install/bumperbot_description/share/bumperbot_description/models/aws_robomaker_residential_Curtain_01/model.sdf:Zone.Identifier
[0.785s] -- Up-to-date: /root/AGV/install/bumperbot_description/share/bumperbot_description/models/aws_robomaker_residential_Curtain_01/model.config
[0.785s] -- Up-to-date: /root/AGV/install/bumperbot_description/share/bumperbot_description/models/aws_robomaker_residential_Curtain_01/meshes
[0.786s] -- Up-to-date: /root/AGV/install/bumperbot_description/share/bumperbot_description/models/aws_robomaker_residential_Curtain_01/meshes/aws_Curtain_01_collision.DAE
[0.786s] -- Up-to-date: /root/AGV/install/bumperbot_description/share/bumperbot_description/models/aws_robomaker_residential_Curtain_01/meshes/aws_Curtain_01_visual.DAE:Zone.Identifier
[0.786s] -- Up-to-date: /root/AGV/install/bumperbot_description/share/bumperbot_description/models/aws_robomaker_residential_Curtain_01/meshes/aws_Curtain_01_collision.DAE:Zone.Identifier
[0.786s] -- Up-to-date: /root/AGV/install/bumperbot_description/share/bumperbot_description/models/aws_robomaker_residential_Curtain_01/meshes/aws_Curtain_01_visual.DAE
[0.786s] -- Up-to-date: /root/AGV/install/bumperbot_description/share/bumperbot_description/models/aws_robomaker_residential_Curtain_01/model.sdf
[0.787s] -- Up-to-date: /root/AGV/install/bumperbot_description/share/bumperbot_description/models/aws_robomaker_residential_Curtain_01/materials
[0.787s] -- Up-to-date: /root/AGV/install/bumperbot_description/share/bumperbot_description/models/aws_robomaker_residential_Curtain_01/materials/textures
[0.787s] -- Up-to-date: /root/AGV/install/bumperbot_description/share/bumperbot_description/models/aws_robomaker_residential_Curtain_01/materials/textures/aws_Curtain_01.png:Zone.Identifier
[0.787s] -- Up-to-date: /root/AGV/install/bumperbot_description/share/bumperbot_description/models/aws_robomaker_residential_Curtain_01/materials/textures/aws_Curtain_01.png
[0.787s] -- Up-to-date: /root/AGV/install/bumperbot_description/share/bumperbot_description/models/aws_robomaker_residential_TV_02
[0.788s] -- Up-to-date: /root/AGV/install/bumperbot_description/share/bumperbot_description/models/aws_robomaker_residential_TV_02/model.config:Zone.Identifier
[0.788s] -- Up-to-date: /root/AGV/install/bumperbot_description/share/bumperbot_description/models/aws_robomaker_residential_TV_02/model.sdf:Zone.Identifier
[0.789s] -- Up-to-date: /root/AGV/install/bumperbot_description/share/bumperbot_description/models/aws_robomaker_residential_TV_02/model.config
[0.789s] -- Up-to-date: /root/AGV/install/bumperbot_description/share/bumperbot_description/models/aws_robomaker_residential_TV_02/meshes
[0.789s] -- Up-to-date: /root/AGV/install/bumperbot_description/share/bumperbot_description/models/aws_robomaker_residential_TV_02/meshes/aws_TV_01_visual.DAE:Zone.Identifier
[0.789s] -- Up-to-date: /root/AGV/install/bumperbot_description/share/bumperbot_description/models/aws_robomaker_residential_TV_02/meshes/aws_TV_01_collision.DAE:Zone.Identifier
[0.789s] -- Up-to-date: /root/AGV/install/bumperbot_description/share/bumperbot_description/models/aws_robomaker_residential_TV_02/meshes/aws_TV_01_visual.DAE
[0.790s] -- Up-to-date: /root/AGV/install/bumperbot_description/share/bumperbot_description/models/aws_robomaker_residential_TV_02/meshes/aws_TV_01_collision.DAE
[0.790s] -- Up-to-date: /root/AGV/install/bumperbot_description/share/bumperbot_description/models/aws_robomaker_residential_TV_02/model.sdf
[0.790s] -- Up-to-date: /root/AGV/install/bumperbot_description/share/bumperbot_description/models/aws_robomaker_residential_TV_02/materials
[0.790s] -- Up-to-date: /root/AGV/install/bumperbot_description/share/bumperbot_description/models/aws_robomaker_residential_TV_02/materials/textures
[0.790s] -- Up-to-date: /root/AGV/install/bumperbot_description/share/bumperbot_description/models/aws_robomaker_residential_TV_02/materials/textures/aws_TV_01.png:Zone.Identifier
[0.791s] -- Up-to-date: /root/AGV/install/bumperbot_description/share/bumperbot_description/models/aws_robomaker_residential_TV_02/materials/textures/aws_TV_01.png
[0.791s] -- Up-to-date: /root/AGV/install/bumperbot_description/share/bumperbot_description/models/aws_robomaker_residential_Chandelier_01
[0.791s] -- Up-to-date: /root/AGV/install/bumperbot_description/share/bumperbot_description/models/aws_robomaker_residential_Chandelier_01/model.config:Zone.Identifier
[0.791s] -- Up-to-date: /root/AGV/install/bumperbot_description/share/bumperbot_description/models/aws_robomaker_residential_Chandelier_01/model.sdf:Zone.Identifier
[0.791s] -- Up-to-date: /root/AGV/install/bumperbot_description/share/bumperbot_description/models/aws_robomaker_residential_Chandelier_01/model.config
[0.792s] -- Up-to-date: /root/AGV/install/bumperbot_description/share/bumperbot_description/models/aws_robomaker_residential_Chandelier_01/meshes
[0.792s] -- Up-to-date: /root/AGV/install/bumperbot_description/share/bumperbot_description/models/aws_robomaker_residential_Chandelier_01/meshes/aws_Chandelier_01_visual.DAE:Zone.Identifier
[0.792s] -- Up-to-date: /root/AGV/install/bumperbot_description/share/bumperbot_description/models/aws_robomaker_residential_Chandelier_01/meshes/aws_Chandelier_01_visual.DAE
[0.792s] -- Up-to-date: /root/AGV/install/bumperbot_description/share/bumperbot_description/models/aws_robomaker_residential_Chandelier_01/meshes/aws_Chandelier_01_collision.DAE
[0.792s] -- Up-to-date: /root/AGV/install/bumperbot_description/share/bumperbot_description/models/aws_robomaker_residential_Chandelier_01/meshes/aws_Chandelier_01.DAE:Zone.Identifier
[0.792s] -- Up-to-date: /root/AGV/install/bumperbot_description/share/bumperbot_description/models/aws_robomaker_residential_Chandelier_01/meshes/aws_Chandelier_01.DAE
[0.793s] -- Up-to-date: /root/AGV/install/bumperbot_description/share/bumperbot_description/models/aws_robomaker_residential_Chandelier_01/meshes/aws_Chandelier_01_collision.DAE:Zone.Identifier
[0.793s] -- Up-to-date: /root/AGV/install/bumperbot_description/share/bumperbot_description/models/aws_robomaker_residential_Chandelier_01/model.sdf
[0.793s] -- Up-to-date: /root/AGV/install/bumperbot_description/share/bumperbot_description/models/aws_robomaker_residential_Chandelier_01/materials
[0.793s] -- Up-to-date: /root/AGV/install/bumperbot_description/share/bumperbot_description/models/aws_robomaker_residential_Chandelier_01/materials/textures
[0.793s] -- Up-to-date: /root/AGV/install/bumperbot_description/share/bumperbot_description/models/aws_robomaker_residential_Chandelier_01/materials/textures/aws_Chandelier_01.png
[0.794s] -- Up-to-date: /root/AGV/install/bumperbot_description/share/bumperbot_description/models/aws_robomaker_residential_Chandelier_01/materials/textures/aws_Chandelier_01.png:Zone.Identifier
[0.794s] -- Up-to-date: /root/AGV/install/bumperbot_description/share/bumperbot_description/models/aws_robomaker_residential_SeasoningBox_01
[0.794s] -- Up-to-date: /root/AGV/install/bumperbot_description/share/bumperbot_description/models/aws_robomaker_residential_SeasoningBox_01/model.config:Zone.Identifier
[0.794s] -- Up-to-date: /root/AGV/install/bumperbot_description/share/bumperbot_description/models/aws_robomaker_residential_SeasoningBox_01/model.sdf:Zone.Identifier
[0.794s] -- Up-to-date: /root/AGV/install/bumperbot_description/share/bumperbot_description/models/aws_robomaker_residential_SeasoningBox_01/model.config
[0.794s] -- Up-to-date: /root/AGV/install/bumperbot_description/share/bumperbot_description/models/aws_robomaker_residential_SeasoningBox_01/meshes
[0.795s] -- Up-to-date: /root/AGV/install/bumperbot_description/share/bumperbot_description/models/aws_robomaker_residential_SeasoningBox_01/meshes/aws_SeasoningBox_01_visual.DAE
[0.798s] -- Up-to-date: /root/AGV/install/bumperbot_description/share/bumperbot_description/models/aws_robomaker_residential_SeasoningBox_01/meshes/aws_SeasoningBox_01_collision.DAE
[0.800s] -- Up-to-date: /root/AGV/install/bumperbot_description/share/bumperbot_description/models/aws_robomaker_residential_SeasoningBox_01/meshes/aws_SeasoningBox_01_visual.DAE:Zone.Identifier
[0.800s] -- Up-to-date: /root/AGV/install/bumperbot_description/share/bumperbot_description/models/aws_robomaker_residential_SeasoningBox_01/meshes/aws_SeasoningBox_01_collision.DAE:Zone.Identifier
[0.801s] -- Up-to-date: /root/AGV/install/bumperbot_description/share/bumperbot_description/models/aws_robomaker_residential_SeasoningBox_01/model.sdf
[0.801s] -- Up-to-date: /root/AGV/install/bumperbot_description/share/bumperbot_description/models/aws_robomaker_residential_SeasoningBox_01/materials
[0.802s] -- Up-to-date: /root/AGV/install/bumperbot_description/share/bumperbot_description/models/aws_robomaker_residential_SeasoningBox_01/materials/textures
[0.802s] -- Up-to-date: /root/AGV/install/bumperbot_description/share/bumperbot_description/models/aws_robomaker_residential_SeasoningBox_01/materials/textures/aws_SeasoningBox_01.png
[0.803s] -- Up-to-date: /root/AGV/install/bumperbot_description/share/bumperbot_description/models/aws_robomaker_residential_SeasoningBox_01/materials/textures/aws_SeasoningBox_01.png:Zone.Identifier
[0.803s] -- Up-to-date: /root/AGV/install/bumperbot_description/share/bumperbot_description/models/aws_robomaker_residential_PortraitA_01
[0.804s] -- Up-to-date: /root/AGV/install/bumperbot_description/share/bumperbot_description/models/aws_robomaker_residential_PortraitA_01/model.config:Zone.Identifier
[0.804s] -- Up-to-date: /root/AGV/install/bumperbot_description/share/bumperbot_description/models/aws_robomaker_residential_PortraitA_01/model.sdf:Zone.Identifier
[0.805s] -- Up-to-date: /root/AGV/install/bumperbot_description/share/bumperbot_description/models/aws_robomaker_residential_PortraitA_01/model.config
[0.805s] -- Up-to-date: /root/AGV/install/bumperbot_description/share/bumperbot_description/models/aws_robomaker_residential_PortraitA_01/meshes
[0.805s] -- Up-to-date: /root/AGV/install/bumperbot_description/share/bumperbot_description/models/aws_robomaker_residential_PortraitA_01/meshes/aws_PortraitA_01_collision.DAE:Zone.Identifier
[0.805s] -- Up-to-date: /root/AGV/install/bumperbot_description/share/bumperbot_description/models/aws_robomaker_residential_PortraitA_01/meshes/aws_PortraitA_01_collision.DAE
[0.805s] -- Up-to-date: /root/AGV/install/bumperbot_description/share/bumperbot_description/models/aws_robomaker_residential_PortraitA_01/meshes/aws_PortraitA_01_visual.DAE:Zone.Identifier
[0.806s] -- Up-to-date: /root/AGV/install/bumperbot_description/share/bumperbot_description/models/aws_robomaker_residential_PortraitA_01/meshes/aws_PortraitA_01_visual.DAE
[0.806s] -- Up-to-date: /root/AGV/install/bumperbot_description/share/bumperbot_description/models/aws_robomaker_residential_PortraitA_01/model.sdf
[0.806s] -- Up-to-date: /root/AGV/install/bumperbot_description/share/bumperbot_description/models/aws_robomaker_residential_PortraitA_01/materials
[0.806s] -- Up-to-date: /root/AGV/install/bumperbot_description/share/bumperbot_description/models/aws_robomaker_residential_PortraitA_01/materials/textures
[0.806s] -- Up-to-date: /root/AGV/install/bumperbot_description/share/bumperbot_description/models/aws_robomaker_residential_PortraitA_01/materials/textures/aws_PortraitA_01.png
[0.807s] -- Up-to-date: /root/AGV/install/bumperbot_description/share/bumperbot_description/models/aws_robomaker_residential_PortraitA_01/materials/textures/aws_PortraitA_01.png:Zone.Identifier
[0.807s] -- Up-to-date: /root/AGV/install/bumperbot_description/share/bumperbot_description/models/aws_robomaker_residential_PortraitA_01/materials/textures/aws_PortraitA_02.png:Zone.Identifier
[0.807s] -- Up-to-date: /root/AGV/install/bumperbot_description/share/bumperbot_description/models/aws_robomaker_residential_PortraitA_01/materials/textures/PortraitA_01.jpg:Zone.Identifier
[0.808s] -- Up-to-date: /root/AGV/install/bumperbot_description/share/bumperbot_description/models/aws_robomaker_residential_PortraitA_01/materials/textures/aws_PortraitA_02.png
[0.809s] -- Up-to-date: /root/AGV/install/bumperbot_description/share/bumperbot_description/models/aws_robomaker_residential_PortraitA_01/materials/textures/PortraitA_01.jpg
[0.809s] -- Up-to-date: /root/AGV/install/bumperbot_description/share/bumperbot_description/models/aws_robomaker_residential_PortraitC_01
[0.810s] -- Up-to-date: /root/AGV/install/bumperbot_description/share/bumperbot_description/models/aws_robomaker_residential_PortraitC_01/model.config:Zone.Identifier
[0.810s] -- Up-to-date: /root/AGV/install/bumperbot_description/share/bumperbot_description/models/aws_robomaker_residential_PortraitC_01/model.sdf:Zone.Identifier
[0.810s] -- Up-to-date: /root/AGV/install/bumperbot_description/share/bumperbot_description/models/aws_robomaker_residential_PortraitC_01/model.config
[0.810s] -- Up-to-date: /root/AGV/install/bumperbot_description/share/bumperbot_description/models/aws_robomaker_residential_PortraitC_01/meshes
[0.810s] -- Up-to-date: /root/AGV/install/bumperbot_description/share/bumperbot_description/models/aws_robomaker_residential_PortraitC_01/meshes/aws_PortraitC_01_visual.DAE:Zone.Identifier
[0.810s] -- Up-to-date: /root/AGV/install/bumperbot_description/share/bumperbot_description/models/aws_robomaker_residential_PortraitC_01/meshes/aws_PortraitC_01_collision.DAE
[0.811s] -- Up-to-date: /root/AGV/install/bumperbot_description/share/bumperbot_description/models/aws_robomaker_residential_PortraitC_01/meshes/aws_PortraitC_01_visual.DAE
[0.811s] -- Up-to-date: /root/AGV/install/bumperbot_description/share/bumperbot_description/models/aws_robomaker_residential_PortraitC_01/meshes/aws_PortraitC_01_collision.DAE:Zone.Identifier
[0.812s] -- Up-to-date: /root/AGV/install/bumperbot_description/share/bumperbot_description/models/aws_robomaker_residential_PortraitC_01/model.sdf
[0.812s] -- Up-to-date: /root/AGV/install/bumperbot_description/share/bumperbot_description/models/aws_robomaker_residential_PortraitC_01/materials
[0.812s] -- Up-to-date: /root/AGV/install/bumperbot_description/share/bumperbot_description/models/aws_robomaker_residential_PortraitC_01/materials/textures
[0.813s] -- Up-to-date: /root/AGV/install/bumperbot_description/share/bumperbot_description/models/aws_robomaker_residential_PortraitC_01/materials/textures/aws_PortraitC_02.png:Zone.Identifier
[0.813s] -- Up-to-date: /root/AGV/install/bumperbot_description/share/bumperbot_description/models/aws_robomaker_residential_PortraitC_01/materials/textures/PortraitC_01.jpg
[0.813s] -- Up-to-date: /root/AGV/install/bumperbot_description/share/bumperbot_description/models/aws_robomaker_residential_PortraitC_01/materials/textures/aws_PortraitC_02.png
[0.814s] -- Up-to-date: /root/AGV/install/bumperbot_description/share/bumperbot_description/models/aws_robomaker_residential_PortraitC_01/materials/textures/PortraitC_01.jpg:Zone.Identifier
[0.814s] -- Up-to-date: /root/AGV/install/bumperbot_description/share/bumperbot_description/models/aws_robomaker_residential_PortraitC_01/materials/textures/aws_PortraitC_01.png
[0.814s] -- Up-to-date: /root/AGV/install/bumperbot_description/share/bumperbot_description/models/aws_robomaker_residential_PortraitC_01/materials/textures/aws_PortraitC_01.png:Zone.Identifier
[0.815s] -- Up-to-date: /root/AGV/install/bumperbot_description/share/bumperbot_description/models/aws_robomaker_residential_PortraitE_01
[0.815s] -- Up-to-date: /root/AGV/install/bumperbot_description/share/bumperbot_description/models/aws_robomaker_residential_PortraitE_01/model.config:Zone.Identifier
[0.815s] -- Up-to-date: /root/AGV/install/bumperbot_description/share/bumperbot_description/models/aws_robomaker_residential_PortraitE_01/model.sdf:Zone.Identifier
[0.816s] -- Up-to-date: /root/AGV/install/bumperbot_description/share/bumperbot_description/models/aws_robomaker_residential_PortraitE_01/model.config
[0.816s] -- Up-to-date: /root/AGV/install/bumperbot_description/share/bumperbot_description/models/aws_robomaker_residential_PortraitE_01/meshes
[0.816s] -- Up-to-date: /root/AGV/install/bumperbot_description/share/bumperbot_description/models/aws_robomaker_residential_PortraitE_01/meshes/aws_PortraitE_01_visual.DAE:Zone.Identifier
[0.816s] -- Up-to-date: /root/AGV/install/bumperbot_description/share/bumperbot_description/models/aws_robomaker_residential_PortraitE_01/meshes/aws_PortraitE_01_collision.DAE:Zone.Identifier
[0.817s] -- Up-to-date: /root/AGV/install/bumperbot_description/share/bumperbot_description/models/aws_robomaker_residential_PortraitE_01/meshes/aws_PortraitE_01_collision.DAE
[0.817s] -- Up-to-date: /root/AGV/install/bumperbot_description/share/bumperbot_description/models/aws_robomaker_residential_PortraitE_01/meshes/aws_PortraitE_01_visual.DAE
[0.818s] -- Up-to-date: /root/AGV/install/bumperbot_description/share/bumperbot_description/models/aws_robomaker_residential_PortraitE_01/model.sdf
[0.818s] -- Up-to-date: /root/AGV/install/bumperbot_description/share/bumperbot_description/models/aws_robomaker_residential_PortraitE_01/materials
[0.818s] -- Up-to-date: /root/AGV/install/bumperbot_description/share/bumperbot_description/models/aws_robomaker_residential_PortraitE_01/materials/textures
[0.818s] -- Up-to-date: /root/AGV/install/bumperbot_description/share/bumperbot_description/models/aws_robomaker_residential_PortraitE_01/materials/textures/aws_PortraitE_02.png
[0.818s] -- Up-to-date: /root/AGV/install/bumperbot_description/share/bumperbot_description/models/aws_robomaker_residential_PortraitE_01/materials/textures/aws_PortraitE_01.png
[0.818s] -- Up-to-date: /root/AGV/install/bumperbot_description/share/bumperbot_description/models/aws_robomaker_residential_PortraitE_01/materials/textures/PortraitE_01.jpg:Zone.Identifier
[0.819s] -- Up-to-date: /root/AGV/install/bumperbot_description/share/bumperbot_description/models/aws_robomaker_residential_PortraitE_01/materials/textures/PortraitE_01.jpg
[0.820s] -- Up-to-date: /root/AGV/install/bumperbot_description/share/bumperbot_description/models/aws_robomaker_residential_PortraitE_01/materials/textures/aws_PortraitE_02.png:Zone.Identifier
[0.820s] -- Up-to-date: /root/AGV/install/bumperbot_description/share/bumperbot_description/models/aws_robomaker_residential_PortraitE_01/materials/textures/aws_PortraitE_01.png:Zone.Identifier
[0.822s] -- Up-to-date: /root/AGV/install/bumperbot_description/share/bumperbot_description/models/aws_robomaker_residential_FitnessEquipment_01
[0.823s] -- Up-to-date: /root/AGV/install/bumperbot_description/share/bumperbot_description/models/aws_robomaker_residential_FitnessEquipment_01/model.config:Zone.Identifier
[0.824s] -- Up-to-date: /root/AGV/install/bumperbot_description/share/bumperbot_description/models/aws_robomaker_residential_FitnessEquipment_01/model.sdf:Zone.Identifier
[0.825s] -- Up-to-date: /root/AGV/install/bumperbot_description/share/bumperbot_description/models/aws_robomaker_residential_FitnessEquipment_01/model.config
[0.825s] -- Up-to-date: /root/AGV/install/bumperbot_description/share/bumperbot_description/models/aws_robomaker_residential_FitnessEquipment_01/meshes
[0.825s] -- Up-to-date: /root/AGV/install/bumperbot_description/share/bumperbot_description/models/aws_robomaker_residential_FitnessEquipment_01/meshes/aws_FitnessEquipment_01_visual.DAE
[0.826s] -- Up-to-date: /root/AGV/install/bumperbot_description/share/bumperbot_description/models/aws_robomaker_residential_FitnessEquipment_01/meshes/aws_FitnessEquipment_01_visual.DAE:Zone.Identifier
[0.826s] -- Up-to-date: /root/AGV/install/bumperbot_description/share/bumperbot_description/models/aws_robomaker_residential_FitnessEquipment_01/meshes/aws_FitnessEquipment_01_collision.DAE:Zone.Identifier
[0.826s] -- Up-to-date: /root/AGV/install/bumperbot_description/share/bumperbot_description/models/aws_robomaker_residential_FitnessEquipment_01/meshes/aws_FitnessEquipment_01_collision.DAE
[0.826s] -- Up-to-date: /root/AGV/install/bumperbot_description/share/bumperbot_description/models/aws_robomaker_residential_FitnessEquipment_01/model.sdf
[0.826s] -- Up-to-date: /root/AGV/install/bumperbot_description/share/bumperbot_description/models/aws_robomaker_residential_FitnessEquipment_01/materials
[0.827s] -- Up-to-date: /root/AGV/install/bumperbot_description/share/bumperbot_description/models/aws_robomaker_residential_FitnessEquipment_01/materials/textures
[0.827s] -- Up-to-date: /root/AGV/install/bumperbot_description/share/bumperbot_description/models/aws_robomaker_residential_FitnessEquipment_01/materials/textures/aws_FitnessEquipment_01.png
[0.827s] -- Up-to-date: /root/AGV/install/bumperbot_description/share/bumperbot_description/models/aws_robomaker_residential_FitnessEquipment_01/materials/textures/aws_FitnessEquipment_01.png:Zone.Identifier
[0.828s] -- Up-to-date: /root/AGV/install/bumperbot_description/share/bumperbot_description/models/aws_robomaker_residential_DeskPortraitA_01
[0.828s] -- Up-to-date: /root/AGV/install/bumperbot_description/share/bumperbot_description/models/aws_robomaker_residential_DeskPortraitA_01/model.config:Zone.Identifier
[0.828s] -- Up-to-date: /root/AGV/install/bumperbot_description/share/bumperbot_description/models/aws_robomaker_residential_DeskPortraitA_01/model.sdf:Zone.Identifier
[0.829s] -- Up-to-date: /root/AGV/install/bumperbot_description/share/bumperbot_description/models/aws_robomaker_residential_DeskPortraitA_01/model.config
[0.829s] -- Up-to-date: /root/AGV/install/bumperbot_description/share/bumperbot_description/models/aws_robomaker_residential_DeskPortraitA_01/meshes
[0.829s] -- Up-to-date: /root/AGV/install/bumperbot_description/share/bumperbot_description/models/aws_robomaker_residential_DeskPortraitA_01/meshes/aws_DeskPortraitA_01_collision.DAE
[0.829s] -- Up-to-date: /root/AGV/install/bumperbot_description/share/bumperbot_description/models/aws_robomaker_residential_DeskPortraitA_01/meshes/aws_DeskPortraitA_01_collision.DAE:Zone.Identifier
[0.829s] -- Up-to-date: /root/AGV/install/bumperbot_description/share/bumperbot_description/models/aws_robomaker_residential_DeskPortraitA_01/meshes/aws_DeskPortraitA_01_visual.DAE
[0.830s] -- Up-to-date: /root/AGV/install/bumperbot_description/share/bumperbot_description/models/aws_robomaker_residential_DeskPortraitA_01/meshes/aws_DeskPortraitA_01_visual.DAE:Zone.Identifier
[0.830s] -- Up-to-date: /root/AGV/install/bumperbot_description/share/bumperbot_description/models/aws_robomaker_residential_DeskPortraitA_01/model.sdf
[0.830s] -- Up-to-date: /root/AGV/install/bumperbot_description/share/bumperbot_description/models/aws_robomaker_residential_DeskPortraitA_01/materials
[0.830s] -- Up-to-date: /root/AGV/install/bumperbot_description/share/bumperbot_description/models/aws_robomaker_residential_DeskPortraitA_01/materials/textures
[0.830s] -- Up-to-date: /root/AGV/install/bumperbot_description/share/bumperbot_description/models/aws_robomaker_residential_DeskPortraitA_01/materials/textures/aws_DeskPortraitA_02.png:Zone.Identifier
[0.830s] -- Up-to-date: /root/AGV/install/bumperbot_description/share/bumperbot_description/models/aws_robomaker_residential_DeskPortraitA_01/materials/textures/DeskPortraitA_01.jpg
[0.831s] -- Up-to-date: /root/AGV/install/bumperbot_description/share/bumperbot_description/models/aws_robomaker_residential_DeskPortraitA_01/materials/textures/aws_DeskPortraitA_02.png
[0.831s] -- Up-to-date: /root/AGV/install/bumperbot_description/share/bumperbot_description/models/aws_robomaker_residential_DeskPortraitA_01/materials/textures/aws_DeskPortraitA_01.png
[0.831s] -- Up-to-date: /root/AGV/install/bumperbot_description/share/bumperbot_description/models/aws_robomaker_residential_DeskPortraitA_01/materials/textures/DeskPortraitA_01.jpg:Zone.Identifier
[0.831s] -- Up-to-date: /root/AGV/install/bumperbot_description/share/bumperbot_description/models/aws_robomaker_residential_DeskPortraitA_01/materials/textures/aws_DeskPortraitA_01.png:Zone.Identifier
[0.832s] -- Up-to-date: /root/AGV/install/bumperbot_description/share/bumperbot_description/models/aws_robomaker_residential_SofaC_01
[0.832s] -- Up-to-date: /root/AGV/install/bumperbot_description/share/bumperbot_description/models/aws_robomaker_residential_SofaC_01/model.config:Zone.Identifier
[0.832s] -- Up-to-date: /root/AGV/install/bumperbot_description/share/bumperbot_description/models/aws_robomaker_residential_SofaC_01/model.sdf:Zone.Identifier
[0.832s] -- Up-to-date: /root/AGV/install/bumperbot_description/share/bumperbot_description/models/aws_robomaker_residential_SofaC_01/model.config
[0.832s] -- Up-to-date: /root/AGV/install/bumperbot_description/share/bumperbot_description/models/aws_robomaker_residential_SofaC_01/meshes
[0.832s] -- Up-to-date: /root/AGV/install/bumperbot_description/share/bumperbot_description/models/aws_robomaker_residential_SofaC_01/meshes/aws_SofaC_01_collision.DAE:Zone.Identifier
[0.833s] -- Up-to-date: /root/AGV/install/bumperbot_description/share/bumperbot_description/models/aws_robomaker_residential_SofaC_01/meshes/aws_SofaC_01_visual.DAE:Zone.Identifier
[0.833s] -- Up-to-date: /root/AGV/install/bumperbot_description/share/bumperbot_description/models/aws_robomaker_residential_SofaC_01/meshes/aws_SofaC_01_collision.DAE
[0.833s] -- Up-to-date: /root/AGV/install/bumperbot_description/share/bumperbot_description/models/aws_robomaker_residential_SofaC_01/meshes/aws_SofaC_01_visual.DAE
[0.833s] -- Up-to-date: /root/AGV/install/bumperbot_description/share/bumperbot_description/models/aws_robomaker_residential_SofaC_01/model.sdf
[0.833s] -- Up-to-date: /root/AGV/install/bumperbot_description/share/bumperbot_description/models/aws_robomaker_residential_SofaC_01/materials
[0.834s] -- Up-to-date: /root/AGV/install/bumperbot_description/share/bumperbot_description/models/aws_robomaker_residential_SofaC_01/materials/textures
[0.834s] -- Up-to-date: /root/AGV/install/bumperbot_description/share/bumperbot_description/models/aws_robomaker_residential_SofaC_01/materials/textures/aws_SofaC_01.png:Zone.Identifier
[0.834s] -- Up-to-date: /root/AGV/install/bumperbot_description/share/bumperbot_description/models/aws_robomaker_residential_SofaC_01/materials/textures/aws_SofaC_01.png
[0.834s] -- Up-to-date: /root/AGV/install/bumperbot_description/share/bumperbot_description/models/aws_robomaker_residential_Door_01
[0.834s] -- Up-to-date: /root/AGV/install/bumperbot_description/share/bumperbot_description/models/aws_robomaker_residential_Door_01/model.config:Zone.Identifier
[0.834s] -- Up-to-date: /root/AGV/install/bumperbot_description/share/bumperbot_description/models/aws_robomaker_residential_Door_01/model.sdf:Zone.Identifier
[0.835s] -- Up-to-date: /root/AGV/install/bumperbot_description/share/bumperbot_description/models/aws_robomaker_residential_Door_01/model.config
[0.835s] -- Up-to-date: /root/AGV/install/bumperbot_description/share/bumperbot_description/models/aws_robomaker_residential_Door_01/meshes
[0.835s] -- Up-to-date: /root/AGV/install/bumperbot_description/share/bumperbot_description/models/aws_robomaker_residential_Door_01/meshes/aws_Door_01_collision.DAE
[0.835s] -- Up-to-date: /root/AGV/install/bumperbot_description/share/bumperbot_description/models/aws_robomaker_residential_Door_01/meshes/aws_Door_01_visual.DAE:Zone.Identifier
[0.837s] -- Up-to-date: /root/AGV/install/bumperbot_description/share/bumperbot_description/models/aws_robomaker_residential_Door_01/meshes/aws_Door_01_visual.DAE
[0.837s] -- Up-to-date: /root/AGV/install/bumperbot_description/share/bumperbot_description/models/aws_robomaker_residential_Door_01/meshes/aws_Door_01_collision.DAE:Zone.Identifier
[0.838s] -- Up-to-date: /root/AGV/install/bumperbot_description/share/bumperbot_description/models/aws_robomaker_residential_Door_01/model.sdf
[0.838s] -- Up-to-date: /root/AGV/install/bumperbot_description/share/bumperbot_description/models/aws_robomaker_residential_Door_01/materials
[0.839s] -- Up-to-date: /root/AGV/install/bumperbot_description/share/bumperbot_description/models/aws_robomaker_residential_Door_01/materials/textures
[0.839s] -- Up-to-date: /root/AGV/install/bumperbot_description/share/bumperbot_description/models/aws_robomaker_residential_Door_01/materials/textures/aws_Door_01.png:Zone.Identifier
[0.839s] -- Up-to-date: /root/AGV/install/bumperbot_description/share/bumperbot_description/models/aws_robomaker_residential_Door_01/materials/textures/aws_Door_01.png
[0.839s] -- Up-to-date: /root/AGV/install/bumperbot_description/share/bumperbot_description/models/ground_plane
[0.839s] -- Up-to-date: /root/AGV/install/bumperbot_description/share/bumperbot_description/models/ground_plane/model-1_2.sdf
[0.839s] -- Up-to-date: /root/AGV/install/bumperbot_description/share/bumperbot_description/models/ground_plane/model.config:Zone.Identifier
[0.840s] -- Up-to-date: /root/AGV/install/bumperbot_description/share/bumperbot_description/models/ground_plane/model.sdf:Zone.Identifier
[0.840s] -- Up-to-date: /root/AGV/install/bumperbot_description/share/bumperbot_description/models/ground_plane/model.config
[0.840s] -- Up-to-date: /root/AGV/install/bumperbot_description/share/bumperbot_description/models/ground_plane/model-1_4.sdf
[0.841s] -- Up-to-date: /root/AGV/install/bumperbot_description/share/bumperbot_description/models/ground_plane/model-1_3.sdf
[0.841s] -- Up-to-date: /root/AGV/install/bumperbot_description/share/bumperbot_description/models/ground_plane/model.sdf
[0.842s] -- Up-to-date: /root/AGV/install/bumperbot_description/share/bumperbot_description/models/ground_plane/model-1_4.sdf:Zone.Identifier
[0.843s] -- Up-to-date: /root/AGV/install/bumperbot_description/share/bumperbot_description/models/ground_plane/model-1_3.sdf:Zone.Identifier
[0.843s] -- Up-to-date: /root/AGV/install/bumperbot_description/share/bumperbot_description/models/ground_plane/model-1_2.sdf:Zone.Identifier
[0.843s] -- Up-to-date: /root/AGV/install/bumperbot_description/share/bumperbot_description/models/aws_robomaker_residential_DeskPortraitB_01
[0.843s] -- Up-to-date: /root/AGV/install/bumperbot_description/share/bumperbot_description/models/aws_robomaker_residential_DeskPortraitB_01/model.config:Zone.Identifier
[0.844s] -- Up-to-date: /root/AGV/install/bumperbot_description/share/bumperbot_description/models/aws_robomaker_residential_DeskPortraitB_01/model.sdf:Zone.Identifier
[0.844s] -- Up-to-date: /root/AGV/install/bumperbot_description/share/bumperbot_description/models/aws_robomaker_residential_DeskPortraitB_01/model.config
[0.844s] -- Up-to-date: /root/AGV/install/bumperbot_description/share/bumperbot_description/models/aws_robomaker_residential_DeskPortraitB_01/meshes
[0.844s] -- Up-to-date: /root/AGV/install/bumperbot_description/share/bumperbot_description/models/aws_robomaker_residential_DeskPortraitB_01/meshes/aws_DeskPortraitB_01_visual.DAE:Zone.Identifier
[0.844s] -- Up-to-date: /root/AGV/install/bumperbot_description/share/bumperbot_description/models/aws_robomaker_residential_DeskPortraitB_01/meshes/aws_DeskPortraitB_01_collision.DAE
[0.844s] -- Up-to-date: /root/AGV/install/bumperbot_description/share/bumperbot_description/models/aws_robomaker_residential_DeskPortraitB_01/meshes/aws_DeskPortraitB_01_collision.DAE:Zone.Identifier
[0.844s] -- Up-to-date: /root/AGV/install/bumperbot_description/share/bumperbot_description/models/aws_robomaker_residential_DeskPortraitB_01/meshes/aws_DeskPortraitB_01_visual.DAE
[0.844s] -- Up-to-date: /root/AGV/install/bumperbot_description/share/bumperbot_description/models/aws_robomaker_residential_DeskPortraitB_01/model.sdf
[0.844s] -- Up-to-date: /root/AGV/install/bumperbot_description/share/bumperbot_description/models/aws_robomaker_residential_DeskPortraitB_01/materials
[0.844s] -- Up-to-date: /root/AGV/install/bumperbot_description/share/bumperbot_description/models/aws_robomaker_residential_DeskPortraitB_01/materials/textures
[0.844s] -- Up-to-date: /root/AGV/install/bumperbot_description/share/bumperbot_description/models/aws_robomaker_residential_DeskPortraitB_01/materials/textures/aws_DeskPortraitB_01.png
[0.844s] -- Up-to-date: /root/AGV/install/bumperbot_description/share/bumperbot_description/models/aws_robomaker_residential_DeskPortraitB_01/materials/textures/aws_DeskPortraitB_02.png:Zone.Identifier
[0.844s] -- Up-to-date: /root/AGV/install/bumperbot_description/share/bumperbot_description/models/aws_robomaker_residential_DeskPortraitB_01/materials/textures/aws_DeskPortraitB_01.png:Zone.Identifier
[0.844s] -- Up-to-date: /root/AGV/install/bumperbot_description/share/bumperbot_description/models/aws_robomaker_residential_DeskPortraitB_01/materials/textures/aws_DeskPortraitB_02.png
[0.844s] -- Up-to-date: /root/AGV/install/bumperbot_description/share/bumperbot_description/models/aws_robomaker_residential_DeskPortraitB_01/materials/textures/DeskPortraitB_01.jpg:Zone.Identifier
[0.844s] -- Up-to-date: /root/AGV/install/bumperbot_description/share/bumperbot_description/models/aws_robomaker_residential_DeskPortraitB_01/materials/textures/DeskPortraitB_01.jpg
[0.845s] -- Up-to-date: /root/AGV/install/bumperbot_description/share/bumperbot_description/models/aws_robomaker_residential_RoomWindow_01
[0.845s] -- Up-to-date: /root/AGV/install/bumperbot_description/share/bumperbot_description/models/aws_robomaker_residential_RoomWindow_01/model.config:Zone.Identifier
[0.845s] -- Up-to-date: /root/AGV/install/bumperbot_description/share/bumperbot_description/models/aws_robomaker_residential_RoomWindow_01/model.sdf:Zone.Identifier
[0.845s] -- Up-to-date: /root/AGV/install/bumperbot_description/share/bumperbot_description/models/aws_robomaker_residential_RoomWindow_01/model.config
[0.845s] -- Up-to-date: /root/AGV/install/bumperbot_description/share/bumperbot_description/models/aws_robomaker_residential_RoomWindow_01/meshes
[0.845s] -- Up-to-date: /root/AGV/install/bumperbot_description/share/bumperbot_description/models/aws_robomaker_residential_RoomWindow_01/meshes/aws_RoomWindow_01_collision.DAE:Zone.Identifier
[0.845s] -- Up-to-date: /root/AGV/install/bumperbot_description/share/bumperbot_description/models/aws_robomaker_residential_RoomWindow_01/meshes/aws_RoomWindow_01_visual.DAE:Zone.Identifier
[0.845s] -- Up-to-date: /root/AGV/install/bumperbot_description/share/bumperbot_description/models/aws_robomaker_residential_RoomWindow_01/meshes/aws_RoomWindow_01_collision.DAE
[0.845s] -- Up-to-date: /root/AGV/install/bumperbot_description/share/bumperbot_description/models/aws_robomaker_residential_RoomWindow_01/meshes/aws_RoomWindow_01_visual.DAE
[0.845s] -- Up-to-date: /root/AGV/install/bumperbot_description/share/bumperbot_description/models/aws_robomaker_residential_RoomWindow_01/model.sdf
[0.845s] -- Up-to-date: /root/AGV/install/bumperbot_description/share/bumperbot_description/models/aws_robomaker_residential_RoomWindow_01/materials
[0.845s] -- Up-to-date: /root/AGV/install/bumperbot_description/share/bumperbot_description/models/aws_robomaker_residential_RoomWindow_01/materials/textures
[0.845s] -- Up-to-date: /root/AGV/install/bumperbot_description/share/bumperbot_description/models/aws_robomaker_residential_RoomWindow_01/materials/textures/aws_RoomWindow_01.png:Zone.Identifier
[0.845s] -- Up-to-date: /root/AGV/install/bumperbot_description/share/bumperbot_description/models/aws_robomaker_residential_RoomWindow_01/materials/textures/aws_RoomWindow_01.png
[0.845s] -- Up-to-date: /root/AGV/install/bumperbot_description/share/bumperbot_description/models/aws_robomaker_residential_DeskPortraitC_01
[0.845s] -- Up-to-date: /root/AGV/install/bumperbot_description/share/bumperbot_description/models/aws_robomaker_residential_DeskPortraitC_01/model.config:Zone.Identifier
[0.846s] -- Up-to-date: /root/AGV/install/bumperbot_description/share/bumperbot_description/models/aws_robomaker_residential_DeskPortraitC_01/model.sdf:Zone.Identifier
[0.846s] -- Up-to-date: /root/AGV/install/bumperbot_description/share/bumperbot_description/models/aws_robomaker_residential_DeskPortraitC_01/model.config
[0.846s] -- Up-to-date: /root/AGV/install/bumperbot_description/share/bumperbot_description/models/aws_robomaker_residential_DeskPortraitC_01/meshes
[0.846s] -- Up-to-date: /root/AGV/install/bumperbot_description/share/bumperbot_description/models/aws_robomaker_residential_DeskPortraitC_01/meshes/aws_DeskPortraitC_01_collision.DAE
[0.846s] -- Up-to-date: /root/AGV/install/bumperbot_description/share/bumperbot_description/models/aws_robomaker_residential_DeskPortraitC_01/meshes/aws_DeskPortraitC_01_visual.DAE
[0.846s] -- Up-to-date: /root/AGV/install/bumperbot_description/share/bumperbot_description/models/aws_robomaker_residential_DeskPortraitC_01/meshes/aws_DeskPortraitC_01_collision.DAE:Zone.Identifier
[0.846s] -- Up-to-date: /root/AGV/install/bumperbot_description/share/bumperbot_description/models/aws_robomaker_residential_DeskPortraitC_01/meshes/aws_DeskPortraitC_01_visual.DAE:Zone.Identifier
[0.846s] -- Up-to-date: /root/AGV/install/bumperbot_description/share/bumperbot_description/models/aws_robomaker_residential_DeskPortraitC_01/model.sdf
[0.846s] -- Up-to-date: /root/AGV/install/bumperbot_description/share/bumperbot_description/models/aws_robomaker_residential_DeskPortraitC_01/materials
[0.846s] -- Up-to-date: /root/AGV/install/bumperbot_description/share/bumperbot_description/models/aws_robomaker_residential_DeskPortraitC_01/materials/textures
[0.846s] -- Up-to-date: /root/AGV/install/bumperbot_description/share/bumperbot_description/models/aws_robomaker_residential_DeskPortraitC_01/materials/textures/aws_DeskPortraitC_01.png
[0.846s] -- Up-to-date: /root/AGV/install/bumperbot_description/share/bumperbot_description/models/aws_robomaker_residential_DeskPortraitC_01/materials/textures/DeskPortraitC_01.jpg
[0.846s] -- Up-to-date: /root/AGV/install/bumperbot_description/share/bumperbot_description/models/aws_robomaker_residential_DeskPortraitC_01/materials/textures/aws_DeskPortraitC_02.png:Zone.Identifier
[0.846s] -- Up-to-date: /root/AGV/install/bumperbot_description/share/bumperbot_description/models/aws_robomaker_residential_DeskPortraitC_01/materials/textures/aws_DeskPortraitC_02.png
[0.846s] -- Up-to-date: /root/AGV/install/bumperbot_description/share/bumperbot_description/models/aws_robomaker_residential_DeskPortraitC_01/materials/textures/aws_DeskPortraitC_01.png:Zone.Identifier
[0.847s] -- Up-to-date: /root/AGV/install/bumperbot_description/share/bumperbot_description/models/aws_robomaker_residential_DeskPortraitC_01/materials/textures/DeskPortraitC_01.jpg:Zone.Identifier
[0.847s] -- Up-to-date: /root/AGV/install/bumperbot_description/share/bumperbot_description/models/aws_robomaker_residential_TVCabinet_01
[0.847s] -- Up-to-date: /root/AGV/install/bumperbot_description/share/bumperbot_description/models/aws_robomaker_residential_TVCabinet_01/model.config:Zone.Identifier
[0.847s] -- Up-to-date: /root/AGV/install/bumperbot_description/share/bumperbot_description/models/aws_robomaker_residential_TVCabinet_01/model.sdf:Zone.Identifier
[0.847s] -- Up-to-date: /root/AGV/install/bumperbot_description/share/bumperbot_description/models/aws_robomaker_residential_TVCabinet_01/model.config
[0.847s] -- Up-to-date: /root/AGV/install/bumperbot_description/share/bumperbot_description/models/aws_robomaker_residential_TVCabinet_01/meshes
[0.847s] -- Up-to-date: /root/AGV/install/bumperbot_description/share/bumperbot_description/models/aws_robomaker_residential_TVCabinet_01/meshes/aws_TVCabinet_01_collision.DAE
[0.847s] -- Up-to-date: /root/AGV/install/bumperbot_description/share/bumperbot_description/models/aws_robomaker_residential_TVCabinet_01/meshes/aws_TVCabinet_01_visual.DAE
[0.847s] -- Up-to-date: /root/AGV/install/bumperbot_description/share/bumperbot_description/models/aws_robomaker_residential_TVCabinet_01/meshes/aws_TVCabinet_01_visual.DAE:Zone.Identifier
[0.847s] -- Up-to-date: /root/AGV/install/bumperbot_description/share/bumperbot_description/models/aws_robomaker_residential_TVCabinet_01/meshes/aws_TVCabinet_01_collision.DAE:Zone.Identifier
[0.847s] -- Up-to-date: /root/AGV/install/bumperbot_description/share/bumperbot_description/models/aws_robomaker_residential_TVCabinet_01/model.sdf
[0.847s] -- Up-to-date: /root/AGV/install/bumperbot_description/share/bumperbot_description/models/aws_robomaker_residential_TVCabinet_01/materials
[0.847s] -- Up-to-date: /root/AGV/install/bumperbot_description/share/bumperbot_description/models/aws_robomaker_residential_TVCabinet_01/materials/textures
[0.847s] -- Up-to-date: /root/AGV/install/bumperbot_description/share/bumperbot_description/models/aws_robomaker_residential_TVCabinet_01/materials/textures/aws_TVCabinet_01.png:Zone.Identifier
[0.848s] -- Up-to-date: /root/AGV/install/bumperbot_description/share/bumperbot_description/models/aws_robomaker_residential_TVCabinet_01/materials/textures/aws_TVCabinet_01.png
[0.848s] -- Up-to-date: /root/AGV/install/bumperbot_description/share/bumperbot_description/worlds
[0.848s] -- Up-to-date: /root/AGV/install/bumperbot_description/share/bumperbot_description/worlds/willowgarage.world:Zone.Identifier
[0.848s] -- Up-to-date: /root/AGV/install/bumperbot_description/share/bumperbot_description/worlds/small_house.world:Zone.Identifier
[0.848s] -- Up-to-date: /root/AGV/install/bumperbot_description/share/bumperbot_description/worlds/small_house.world
[0.848s] -- Up-to-date: /root/AGV/install/bumperbot_description/share/bumperbot_description/worlds/willowgarage.world
[0.848s] -- Up-to-date: /root/AGV/install/bumperbot_description/share/ament_index/resource_index/package_run_dependencies/bumperbot_description
[0.848s] -- Up-to-date: /root/AGV/install/bumperbot_description/share/ament_index/resource_index/parent_prefix_path/bumperbot_description
[0.848s] -- Up-to-date: /root/AGV/install/bumperbot_description/share/bumperbot_description/environment/ament_prefix_path.sh
[0.848s] -- Up-to-date: /root/AGV/install/bumperbot_description/share/bumperbot_description/environment/ament_prefix_path.dsv
[0.848s] -- Up-to-date: /root/AGV/install/bumperbot_description/share/bumperbot_description/environment/path.sh
[0.848s] -- Up-to-date: /root/AGV/install/bumperbot_description/share/bumperbot_description/environment/path.dsv
[0.848s] -- Up-to-date: /root/AGV/install/bumperbot_description/share/bumperbot_description/local_setup.bash
[0.848s] -- Up-to-date: /root/AGV/install/bumperbot_description/share/bumperbot_description/local_setup.sh
[0.848s] -- Up-to-date: /root/AGV/install/bumperbot_description/share/bumperbot_description/local_setup.zsh
[0.849s] -- Up-to-date: /root/AGV/install/bumperbot_description/share/bumperbot_description/local_setup.dsv
[0.849s] -- Installing: /root/AGV/install/bumperbot_description/share/bumperbot_description/package.dsv
[0.849s] -- Up-to-date: /root/AGV/install/bumperbot_description/share/ament_index/resource_index/packages/bumperbot_description
[0.849s] -- Up-to-date: /root/AGV/install/bumperbot_description/share/bumperbot_description/cmake/bumperbot_descriptionConfig.cmake
[0.849s] -- Up-to-date: /root/AGV/install/bumperbot_description/share/bumperbot_description/cmake/bumperbot_descriptionConfig-version.cmake
[0.849s] -- Up-to-date: /root/AGV/install/bumperbot_description/share/bumperbot_description/package.xml
[0.850s] Invoked command in '/root/AGV/build/bumperbot_description' returned '0': CMAKE_PREFIX_PATH=/opt/ros/humble /usr/bin/cmake --install /root/AGV/build/bumperbot_description
