[0.077s] Invoking command in '/root/AGV/build/bumperbot_description': CMAKE_PREFIX_PATH=/opt/ros/humble /usr/bin/cmake --build /root/AGV/build/bumperbot_description -- -j8 -l8
[0.565s] Invoked command in '/root/AGV/build/bumperbot_description' returned '0': CMAKE_PREFIX_PATH=/opt/ros/humble /usr/bin/cmake --build /root/AGV/build/bumperbot_description -- -j8 -l8
[0.610s] Invoking command in '/root/AGV/build/bumperbot_description': CMAKE_PREFIX_PATH=/opt/ros/humble /usr/bin/cmake --install /root/AGV/build/bumperbot_description
[0.642s] -- Install configuration: ""
[0.642s] -- Up-to-date: /root/AGV/install/bumperbot_description/share/bumperbot_description/meshes
[0.642s] -- Up-to-date: /root/AGV/install/bumperbot_description/share/bumperbot_description/meshes/wheel_left_link.STL
[0.642s] -- Up-to-date: /root/AGV/install/bumperbot_description/share/bumperbot_description/meshes/wheel_right_link.STL
[0.642s] -- Up-to-date: /root/AGV/install/bumperbot_description/share/bumperbot_description/meshes/caster_rear_link.STL
[0.642s] -- Up-to-date: /root/AGV/install/bumperbot_description/share/bumperbot_description/meshes/caster_front_link.STL
[0.642s] -- Up-to-date: /root/AGV/install/bumperbot_description/share/bumperbot_description/meshes/imu_link.STL
[0.642s] -- Up-to-date: /root/AGV/install/bumperbot_description/share/bumperbot_description/meshes/laser_link.STL
[0.642s] -- Up-to-date: /root/AGV/install/bumperbot_description/share/bumperbot_description/meshes/base_link.STL
[0.642s] -- Up-to-date: /root/AGV/install/bumperbot_description/share/bumperbot_description/urdf
[0.642s] -- Up-to-date: /root/AGV/install/bumperbot_description/share/bumperbot_description/urdf/bumperbot.gazebo.xacro
[0.643s] -- Up-to-date: /root/AGV/install/bumperbot_description/share/bumperbot_description/urdf/bumperbot_ros2_control.xacro
[0.643s] -- Up-to-date: /root/AGV/install/bumperbot_description/share/bumperbot_description/urdf/bumperbot.urdf.xacro
[0.643s] -- Up-to-date: /root/AGV/install/bumperbot_description/share/bumperbot_description/launch
[0.643s] -- Up-to-date: /root/AGV/install/bumperbot_description/share/bumperbot_description/launch/display.launch.py
[0.643s] -- Up-to-date: /root/AGV/install/bumperbot_description/share/bumperbot_description/launch/gazebo.launch.py
[0.643s] -- Up-to-date: /root/AGV/install/bumperbot_description/share/bumperbot_description/rviz
[0.643s] -- Up-to-date: /root/AGV/install/bumperbot_description/share/bumperbot_description/rviz/display.rviz
[0.643s] -- Up-to-date: /root/AGV/install/bumperbot_description/share/bumperbot_description/models
[0.643s] -- Up-to-date: /root/AGV/install/bumperbot_description/share/bumperbot_description/models/aws_robomaker_residential_Tablet_01
[0.643s] -- Up-to-date: /root/AGV/install/bumperbot_description/share/bumperbot_description/models/aws_robomaker_residential_Tablet_01/model.config:Zone.Identifier
[0.643s] -- Up-to-date: /root/AGV/install/bumperbot_description/share/bumperbot_description/models/aws_robomaker_residential_Tablet_01/.DS_Store:Zone.Identifier
[0.643s] -- Up-to-date: /root/AGV/install/bumperbot_description/share/bumperbot_description/models/aws_robomaker_residential_Tablet_01/model.sdf:Zone.Identifier
[0.643s] -- Up-to-date: /root/AGV/install/bumperbot_description/share/bumperbot_description/models/aws_robomaker_residential_Tablet_01/model.config
[0.643s] -- Up-to-date: /root/AGV/install/bumperbot_description/share/bumperbot_description/models/aws_robomaker_residential_Tablet_01/meshes
[0.643s] -- Up-to-date: /root/AGV/install/bumperbot_description/share/bumperbot_description/models/aws_robomaker_residential_Tablet_01/meshes/aws_Tablet_01_visual.DAE:Zone.Identifier
[0.643s] -- Up-to-date: /root/AGV/install/bumperbot_description/share/bumperbot_description/models/aws_robomaker_residential_Tablet_01/meshes/aws_Tablet_01_collision.DAE
[0.644s] -- Up-to-date: /root/AGV/install/bumperbot_description/share/bumperbot_description/models/aws_robomaker_residential_Tablet_01/meshes/aws_Tablet_01_collision.DAE:Zone.Identifier
[0.644s] -- Up-to-date: /root/AGV/install/bumperbot_description/share/bumperbot_description/models/aws_robomaker_residential_Tablet_01/meshes/aws_Tablet_01_visual.DAE
[0.644s] -- Up-to-date: /root/AGV/install/bumperbot_description/share/bumperbot_description/models/aws_robomaker_residential_Tablet_01/model.sdf
[0.644s] -- Up-to-date: /root/AGV/install/bumperbot_description/share/bumperbot_description/models/aws_robomaker_residential_Tablet_01/materials
[0.644s] -- Up-to-date: /root/AGV/install/bumperbot_description/share/bumperbot_description/models/aws_robomaker_residential_Tablet_01/materials/.DS_Store:Zone.Identifier
[0.644s] -- Up-to-date: /root/AGV/install/bumperbot_description/share/bumperbot_description/models/aws_robomaker_residential_Tablet_01/materials/.DS_Store
[0.644s] -- Up-to-date: /root/AGV/install/bumperbot_description/share/bumperbot_description/models/aws_robomaker_residential_Tablet_01/materials/textures
[0.644s] -- Up-to-date: /root/AGV/install/bumperbot_description/share/bumperbot_description/models/aws_robomaker_residential_Tablet_01/materials/textures/aws_Tablet_01_nologo.png:Zone.Identifier
[0.644s] -- Up-to-date: /root/AGV/install/bumperbot_description/share/bumperbot_description/models/aws_robomaker_residential_Tablet_01/materials/textures/aws_Tablet_01_nologo.png
[0.644s] -- Up-to-date: /root/AGV/install/bumperbot_description/share/bumperbot_description/models/aws_robomaker_residential_Tablet_01/.DS_Store
[0.644s] -- Up-to-date: /root/AGV/install/bumperbot_description/share/bumperbot_description/models/aws_robomaker_residential_ChairA_01
[0.644s] -- Up-to-date: /root/AGV/install/bumperbot_description/share/bumperbot_description/models/aws_robomaker_residential_ChairA_01/model.config:Zone.Identifier
[0.644s] -- Up-to-date: /root/AGV/install/bumperbot_description/share/bumperbot_description/models/aws_robomaker_residential_ChairA_01/model.sdf:Zone.Identifier
[0.644s] -- Up-to-date: /root/AGV/install/bumperbot_description/share/bumperbot_description/models/aws_robomaker_residential_ChairA_01/model.config
[0.644s] -- Up-to-date: /root/AGV/install/bumperbot_description/share/bumperbot_description/models/aws_robomaker_residential_ChairA_01/meshes
[0.645s] -- Up-to-date: /root/AGV/install/bumperbot_description/share/bumperbot_description/models/aws_robomaker_residential_ChairA_01/meshes/aws_ChairA_01_visual.DAE
[0.645s] -- Up-to-date: /root/AGV/install/bumperbot_description/share/bumperbot_description/models/aws_robomaker_residential_ChairA_01/meshes/aws_ChairA_01_collision.DAE
[0.645s] -- Up-to-date: /root/AGV/install/bumperbot_description/share/bumperbot_description/models/aws_robomaker_residential_ChairA_01/meshes/aws_ChairA_01_collision.DAE:Zone.Identifier
[0.645s] -- Up-to-date: /root/AGV/install/bumperbot_description/share/bumperbot_description/models/aws_robomaker_residential_ChairA_01/meshes/aws_ChairA_01_visual.DAE:Zone.Identifier
[0.645s] -- Up-to-date: /root/AGV/install/bumperbot_description/share/bumperbot_description/models/aws_robomaker_residential_ChairA_01/model.sdf
[0.645s] -- Up-to-date: /root/AGV/install/bumperbot_description/share/bumperbot_description/models/aws_robomaker_residential_ChairA_01/materials
[0.645s] -- Up-to-date: /root/AGV/install/bumperbot_description/share/bumperbot_description/models/aws_robomaker_residential_ChairA_01/materials/textures
[0.645s] -- Up-to-date: /root/AGV/install/bumperbot_description/share/bumperbot_description/models/aws_robomaker_residential_ChairA_01/materials/textures/aws_ChairA_01.png
[0.645s] -- Up-to-date: /root/AGV/install/bumperbot_description/share/bumperbot_description/models/aws_robomaker_residential_ChairA_01/materials/textures/aws_ChairA_01.png:Zone.Identifier
[0.645s] -- Up-to-date: /root/AGV/install/bumperbot_description/share/bumperbot_description/models/aws_robomaker_residential_FoldingDoor_02
[0.645s] -- Up-to-date: /root/AGV/install/bumperbot_description/share/bumperbot_description/models/aws_robomaker_residential_FoldingDoor_02/model.config:Zone.Identifier
[0.645s] -- Up-to-date: /root/AGV/install/bumperbot_description/share/bumperbot_description/models/aws_robomaker_residential_FoldingDoor_02/model.sdf:Zone.Identifier
[0.645s] -- Up-to-date: /root/AGV/install/bumperbot_description/share/bumperbot_description/models/aws_robomaker_residential_FoldingDoor_02/model.config
[0.645s] -- Up-to-date: /root/AGV/install/bumperbot_description/share/bumperbot_description/models/aws_robomaker_residential_FoldingDoor_02/meshes
[0.645s] -- Up-to-date: /root/AGV/install/bumperbot_description/share/bumperbot_description/models/aws_robomaker_residential_FoldingDoor_02/meshes/aws_FoldingDoor_02_collision.DAE
[0.645s] -- Up-to-date: /root/AGV/install/bumperbot_description/share/bumperbot_description/models/aws_robomaker_residential_FoldingDoor_02/meshes/aws_FoldingDoor_02_visual.DAE:Zone.Identifier
[0.646s] -- Up-to-date: /root/AGV/install/bumperbot_description/share/bumperbot_description/models/aws_robomaker_residential_FoldingDoor_02/meshes/aws_FoldingDoor_02_collision.DAE:Zone.Identifier
[0.646s] -- Up-to-date: /root/AGV/install/bumperbot_description/share/bumperbot_description/models/aws_robomaker_residential_FoldingDoor_02/meshes/aws_FoldingDoor_02_visual.DAE
[0.646s] -- Up-to-date: /root/AGV/install/bumperbot_description/share/bumperbot_description/models/aws_robomaker_residential_FoldingDoor_02/model.sdf
[0.646s] -- Up-to-date: /root/AGV/install/bumperbot_description/share/bumperbot_description/models/aws_robomaker_residential_FoldingDoor_02/materials
[0.646s] -- Up-to-date: /root/AGV/install/bumperbot_description/share/bumperbot_description/models/aws_robomaker_residential_FoldingDoor_02/materials/textures
[0.646s] -- Up-to-date: /root/AGV/install/bumperbot_description/share/bumperbot_description/models/aws_robomaker_residential_FoldingDoor_02/materials/textures/aws_FoldingDoor_02.png
[0.646s] -- Up-to-date: /root/AGV/install/bumperbot_description/share/bumperbot_description/models/aws_robomaker_residential_FoldingDoor_02/materials/textures/aws_FoldingDoor_02.png:Zone.Identifier
[0.646s] -- Up-to-date: /root/AGV/install/bumperbot_description/share/bumperbot_description/models/aws_robomaker_residential_DeskPortraitD_03
[0.646s] -- Up-to-date: /root/AGV/install/bumperbot_description/share/bumperbot_description/models/aws_robomaker_residential_DeskPortraitD_03/model.config:Zone.Identifier
[0.646s] -- Up-to-date: /root/AGV/install/bumperbot_description/share/bumperbot_description/models/aws_robomaker_residential_DeskPortraitD_03/model.sdf:Zone.Identifier
[0.646s] -- Up-to-date: /root/AGV/install/bumperbot_description/share/bumperbot_description/models/aws_robomaker_residential_DeskPortraitD_03/model.config
[0.646s] -- Up-to-date: /root/AGV/install/bumperbot_description/share/bumperbot_description/models/aws_robomaker_residential_DeskPortraitD_03/meshes
[0.646s] -- Up-to-date: /root/AGV/install/bumperbot_description/share/bumperbot_description/models/aws_robomaker_residential_DeskPortraitD_03/meshes/aws_DeskPortraitD_01_collision.DAE:Zone.Identifier
[0.646s] -- Up-to-date: /root/AGV/install/bumperbot_description/share/bumperbot_description/models/aws_robomaker_residential_DeskPortraitD_03/meshes/aws_DeskPortraitD_01_visual.DAE:Zone.Identifier
[0.646s] -- Up-to-date: /root/AGV/install/bumperbot_description/share/bumperbot_description/models/aws_robomaker_residential_DeskPortraitD_03/meshes/aws_DeskPortraitD_01_collision.DAE
[0.646s] -- Up-to-date: /root/AGV/install/bumperbot_description/share/bumperbot_description/models/aws_robomaker_residential_DeskPortraitD_03/meshes/aws_DeskPortraitD_01_visual.DAE
[0.647s] -- Up-to-date: /root/AGV/install/bumperbot_description/share/bumperbot_description/models/aws_robomaker_residential_DeskPortraitD_03/model.sdf
[0.647s] -- Up-to-date: /root/AGV/install/bumperbot_description/share/bumperbot_description/models/aws_robomaker_residential_DeskPortraitD_03/materials
[0.647s] -- Up-to-date: /root/AGV/install/bumperbot_description/share/bumperbot_description/models/aws_robomaker_residential_DeskPortraitD_03/materials/textures
[0.647s] -- Up-to-date: /root/AGV/install/bumperbot_description/share/bumperbot_description/models/aws_robomaker_residential_DeskPortraitD_03/materials/textures/DeskPortraitD_03.jpg
[0.647s] -- Up-to-date: /root/AGV/install/bumperbot_description/share/bumperbot_description/models/aws_robomaker_residential_DeskPortraitD_03/materials/textures/aws_DeskPortraitD_02.png:Zone.Identifier
[0.647s] -- Up-to-date: /root/AGV/install/bumperbot_description/share/bumperbot_description/models/aws_robomaker_residential_DeskPortraitD_03/materials/textures/aws_DeskPortraitD_01.png:Zone.Identifier
[0.647s] -- Up-to-date: /root/AGV/install/bumperbot_description/share/bumperbot_description/models/aws_robomaker_residential_DeskPortraitD_03/materials/textures/aws_DeskPortraitD_02.png
[0.647s] -- Up-to-date: /root/AGV/install/bumperbot_description/share/bumperbot_description/models/aws_robomaker_residential_DeskPortraitD_03/materials/textures/DeskPortraitD_03.jpg:Zone.Identifier
[0.647s] -- Up-to-date: /root/AGV/install/bumperbot_description/share/bumperbot_description/models/aws_robomaker_residential_DeskPortraitD_03/materials/textures/aws_DeskPortraitD_01.png
[0.647s] -- Up-to-date: /root/AGV/install/bumperbot_description/share/bumperbot_description/models/aws_robomaker_residential_TV_01
[0.651s] -- Up-to-date: /root/AGV/install/bumperbot_description/share/bumperbot_description/models/aws_robomaker_residential_TV_01/model.config:Zone.Identifier
[0.656s] -- Up-to-date: /root/AGV/install/bumperbot_description/share/bumperbot_description/models/aws_robomaker_residential_TV_01/model.sdf:Zone.Identifier
[0.657s] -- Up-to-date: /root/AGV/install/bumperbot_description/share/bumperbot_description/models/aws_robomaker_residential_TV_01/model.config
[0.669s] -- Up-to-date: /root/AGV/install/bumperbot_description/share/bumperbot_description/models/aws_robomaker_residential_TV_01/meshes
[0.670s] -- Up-to-date: /root/AGV/install/bumperbot_description/share/bumperbot_description/models/aws_robomaker_residential_TV_01/meshes/aws_TV_01_visual.DAE:Zone.Identifier
[0.670s] -- Up-to-date: /root/AGV/install/bumperbot_description/share/bumperbot_description/models/aws_robomaker_residential_TV_01/meshes/aws_TV_01_collision.DAE:Zone.Identifier
[0.670s] -- Up-to-date: /root/AGV/install/bumperbot_description/share/bumperbot_description/models/aws_robomaker_residential_TV_01/meshes/aws_TV_01_visual.DAE
[0.670s] -- Up-to-date: /root/AGV/install/bumperbot_description/share/bumperbot_description/models/aws_robomaker_residential_TV_01/meshes/aws_TV_01_collision.DAE
[0.670s] -- Up-to-date: /root/AGV/install/bumperbot_description/share/bumperbot_description/models/aws_robomaker_residential_TV_01/model.sdf
[0.670s] -- Up-to-date: /root/AGV/install/bumperbot_description/share/bumperbot_description/models/aws_robomaker_residential_TV_01/materials
[0.670s] -- Up-to-date: /root/AGV/install/bumperbot_description/share/bumperbot_description/models/aws_robomaker_residential_TV_01/materials/textures
[0.670s] -- Up-to-date: /root/AGV/install/bumperbot_description/share/bumperbot_description/models/aws_robomaker_residential_TV_01/materials/textures/aws_TV_01.png:Zone.Identifier
[0.670s] -- Up-to-date: /root/AGV/install/bumperbot_description/share/bumperbot_description/models/aws_robomaker_residential_TV_01/materials/textures/aws_TV_01.png
[0.671s] -- Up-to-date: /root/AGV/install/bumperbot_description/share/bumperbot_description/models/aws_robomaker_residential_DeskPortraitD_02
[0.671s] -- Up-to-date: /root/AGV/install/bumperbot_description/share/bumperbot_description/models/aws_robomaker_residential_DeskPortraitD_02/model.config:Zone.Identifier
[0.671s] -- Up-to-date: /root/AGV/install/bumperbot_description/share/bumperbot_description/models/aws_robomaker_residential_DeskPortraitD_02/model.sdf:Zone.Identifier
[0.671s] -- Up-to-date: /root/AGV/install/bumperbot_description/share/bumperbot_description/models/aws_robomaker_residential_DeskPortraitD_02/model.config
[0.671s] -- Up-to-date: /root/AGV/install/bumperbot_description/share/bumperbot_description/models/aws_robomaker_residential_DeskPortraitD_02/meshes
[0.671s] -- Up-to-date: /root/AGV/install/bumperbot_description/share/bumperbot_description/models/aws_robomaker_residential_DeskPortraitD_02/meshes/aws_DeskPortraitD_01_collision.DAE:Zone.Identifier
[0.671s] -- Up-to-date: /root/AGV/install/bumperbot_description/share/bumperbot_description/models/aws_robomaker_residential_DeskPortraitD_02/meshes/aws_DeskPortraitD_01_visual.DAE:Zone.Identifier
[0.672s] -- Up-to-date: /root/AGV/install/bumperbot_description/share/bumperbot_description/models/aws_robomaker_residential_DeskPortraitD_02/meshes/aws_DeskPortraitD_01_collision.DAE
[0.672s] -- Up-to-date: /root/AGV/install/bumperbot_description/share/bumperbot_description/models/aws_robomaker_residential_DeskPortraitD_02/meshes/aws_DeskPortraitD_01_visual.DAE
[0.672s] -- Up-to-date: /root/AGV/install/bumperbot_description/share/bumperbot_description/models/aws_robomaker_residential_DeskPortraitD_02/model.sdf
[0.674s] -- Up-to-date: /root/AGV/install/bumperbot_description/share/bumperbot_description/models/aws_robomaker_residential_DeskPortraitD_02/materials
[0.675s] -- Up-to-date: /root/AGV/install/bumperbot_description/share/bumperbot_description/models/aws_robomaker_residential_DeskPortraitD_02/materials/textures
[0.676s] -- Up-to-date: /root/AGV/install/bumperbot_description/share/bumperbot_description/models/aws_robomaker_residential_DeskPortraitD_02/materials/textures/DeskPortraitD_02.jpg
[0.676s] -- Up-to-date: /root/AGV/install/bumperbot_description/share/bumperbot_description/models/aws_robomaker_residential_DeskPortraitD_02/materials/textures/aws_DeskPortraitD_02.png:Zone.Identifier
[0.676s] -- Up-to-date: /root/AGV/install/bumperbot_description/share/bumperbot_description/models/aws_robomaker_residential_DeskPortraitD_02/materials/textures/aws_DeskPortraitD_01.png:Zone.Identifier
[0.676s] -- Up-to-date: /root/AGV/install/bumperbot_description/share/bumperbot_description/models/aws_robomaker_residential_DeskPortraitD_02/materials/textures/aws_DeskPortraitD_02.png
[0.676s] -- Up-to-date: /root/AGV/install/bumperbot_description/share/bumperbot_description/models/aws_robomaker_residential_DeskPortraitD_02/materials/textures/DeskPortraitD_02.jpg:Zone.Identifier
[0.676s] -- Up-to-date: /root/AGV/install/bumperbot_description/share/bumperbot_description/models/aws_robomaker_residential_DeskPortraitD_02/materials/textures/aws_DeskPortraitD_01.png
[0.677s] -- Up-to-date: /root/AGV/install/bumperbot_description/share/bumperbot_description/models/aws_robomaker_residential_HouseWallB_01
[0.678s] -- Up-to-date: /root/AGV/install/bumperbot_description/share/bumperbot_description/models/aws_robomaker_residential_HouseWallB_01/model.config:Zone.Identifier
[0.678s] -- Up-to-date: /root/AGV/install/bumperbot_description/share/bumperbot_description/models/aws_robomaker_residential_HouseWallB_01/model.sdf:Zone.Identifier
[0.678s] -- Up-to-date: /root/AGV/install/bumperbot_description/share/bumperbot_description/models/aws_robomaker_residential_HouseWallB_01/model.config
[0.678s] -- Up-to-date: /root/AGV/install/bumperbot_description/share/bumperbot_description/models/aws_robomaker_residential_HouseWallB_01/meshes
[0.678s] -- Up-to-date: /root/AGV/install/bumperbot_description/share/bumperbot_description/models/aws_robomaker_residential_HouseWallB_01/meshes/aws_HouseWallB_01_visual.DAE
[0.678s] -- Up-to-date: /root/AGV/install/bumperbot_description/share/bumperbot_description/models/aws_robomaker_residential_HouseWallB_01/meshes/aws_HouseWallB_01_collision.DAE
[0.678s] -- Up-to-date: /root/AGV/install/bumperbot_description/share/bumperbot_description/models/aws_robomaker_residential_HouseWallB_01/meshes/aws_HouseWallB_01_collision.DAE:Zone.Identifier
[0.678s] -- Up-to-date: /root/AGV/install/bumperbot_description/share/bumperbot_description/models/aws_robomaker_residential_HouseWallB_01/meshes/aws_HouseWallB_01_visual.DAE:Zone.Identifier
[0.678s] -- Up-to-date: /root/AGV/install/bumperbot_description/share/bumperbot_description/models/aws_robomaker_residential_HouseWallB_01/model.sdf
[0.678s] -- Up-to-date: /root/AGV/install/bumperbot_description/share/bumperbot_description/models/aws_robomaker_residential_HouseWallB_01/materials
[0.679s] -- Up-to-date: /root/AGV/install/bumperbot_description/share/bumperbot_description/models/aws_robomaker_residential_HouseWallB_01/materials/textures
[0.679s] -- Up-to-date: /root/AGV/install/bumperbot_description/share/bumperbot_description/models/aws_robomaker_residential_HouseWallB_01/materials/textures/aws_HouseWallB_01.png:Zone.Identifier
[0.679s] -- Up-to-date: /root/AGV/install/bumperbot_description/share/bumperbot_description/models/aws_robomaker_residential_HouseWallB_01/materials/textures/aws_HouseWallB_01.png
[0.679s] -- Up-to-date: /root/AGV/install/bumperbot_description/share/bumperbot_description/models/aws_robomaker_residential_ChairD_01
[0.679s] -- Up-to-date: /root/AGV/install/bumperbot_description/share/bumperbot_description/models/aws_robomaker_residential_ChairD_01/model.config:Zone.Identifier
[0.679s] -- Up-to-date: /root/AGV/install/bumperbot_description/share/bumperbot_description/models/aws_robomaker_residential_ChairD_01/model.sdf:Zone.Identifier
[0.680s] -- Up-to-date: /root/AGV/install/bumperbot_description/share/bumperbot_description/models/aws_robomaker_residential_ChairD_01/model.config
[0.680s] -- Up-to-date: /root/AGV/install/bumperbot_description/share/bumperbot_description/models/aws_robomaker_residential_ChairD_01/meshes
[0.680s] -- Up-to-date: /root/AGV/install/bumperbot_description/share/bumperbot_description/models/aws_robomaker_residential_ChairD_01/meshes/aws_ChairD_01_collision.DAE
[0.680s] -- Up-to-date: /root/AGV/install/bumperbot_description/share/bumperbot_description/models/aws_robomaker_residential_ChairD_01/meshes/aws_ChairD_01_visual.DAE
[0.681s] -- Up-to-date: /root/AGV/install/bumperbot_description/share/bumperbot_description/models/aws_robomaker_residential_ChairD_01/meshes/aws_ChairD_01_collision.DAE:Zone.Identifier
[0.681s] -- Up-to-date: /root/AGV/install/bumperbot_description/share/bumperbot_description/models/aws_robomaker_residential_ChairD_01/meshes/aws_ChairD_01_visual.DAE:Zone.Identifier
[0.681s] -- Up-to-date: /root/AGV/install/bumperbot_description/share/bumperbot_description/models/aws_robomaker_residential_ChairD_01/model.sdf
[0.682s] -- Up-to-date: /root/AGV/install/bumperbot_description/share/bumperbot_description/models/aws_robomaker_residential_ChairD_01/materials
[0.682s] -- Up-to-date: /root/AGV/install/bumperbot_description/share/bumperbot_description/models/aws_robomaker_residential_ChairD_01/materials/textures
[0.682s] -- Up-to-date: /root/AGV/install/bumperbot_description/share/bumperbot_description/models/aws_robomaker_residential_ChairD_01/materials/textures/aws_ChairD_01.png:Zone.Identifier
[0.682s] -- Up-to-date: /root/AGV/install/bumperbot_description/share/bumperbot_description/models/aws_robomaker_residential_ChairD_01/materials/textures/aws_ChairD_01.png
[0.683s] -- Up-to-date: /root/AGV/install/bumperbot_description/share/bumperbot_description/models/sun
[0.683s] -- Up-to-date: /root/AGV/install/bumperbot_description/share/bumperbot_description/models/sun/model-1_2.sdf
[0.684s] -- Up-to-date: /root/AGV/install/bumperbot_description/share/bumperbot_description/models/sun/model.config:Zone.Identifier
[0.684s] -- Up-to-date: /root/AGV/install/bumperbot_description/share/bumperbot_description/models/sun/model.sdf:Zone.Identifier
[0.684s] -- Up-to-date: /root/AGV/install/bumperbot_description/share/bumperbot_description/models/sun/model.config
[0.684s] -- Up-to-date: /root/AGV/install/bumperbot_description/share/bumperbot_description/models/sun/model-1_4.sdf
[0.684s] -- Up-to-date: /root/AGV/install/bumperbot_description/share/bumperbot_description/models/sun/model-1_3.sdf
[0.684s] -- Up-to-date: /root/AGV/install/bumperbot_description/share/bumperbot_description/models/sun/model.sdf
[0.685s] -- Up-to-date: /root/AGV/install/bumperbot_description/share/bumperbot_description/models/sun/model-1_4.sdf:Zone.Identifier
[0.685s] -- Up-to-date: /root/AGV/install/bumperbot_description/share/bumperbot_description/models/sun/model-1_3.sdf:Zone.Identifier
[0.685s] -- Up-to-date: /root/AGV/install/bumperbot_description/share/bumperbot_description/models/sun/model-1_2.sdf:Zone.Identifier
[0.685s] -- Up-to-date: /root/AGV/install/bumperbot_description/share/bumperbot_description/models/aws_robomaker_residential_PortraitD_02
[0.685s] -- Up-to-date: /root/AGV/install/bumperbot_description/share/bumperbot_description/models/aws_robomaker_residential_PortraitD_02/model.config:Zone.Identifier
[0.685s] -- Up-to-date: /root/AGV/install/bumperbot_description/share/bumperbot_description/models/aws_robomaker_residential_PortraitD_02/model.sdf:Zone.Identifier
[0.693s] -- Up-to-date: /root/AGV/install/bumperbot_description/share/bumperbot_description/models/aws_robomaker_residential_PortraitD_02/model.config
[0.693s] -- Up-to-date: /root/AGV/install/bumperbot_description/share/bumperbot_description/models/aws_robomaker_residential_PortraitD_02/meshes
[0.693s] -- Up-to-date: /root/AGV/install/bumperbot_description/share/bumperbot_description/models/aws_robomaker_residential_PortraitD_02/meshes/aws_PortraitD_01_collision.DAE:Zone.Identifier
[0.694s] -- Up-to-date: /root/AGV/install/bumperbot_description/share/bumperbot_description/models/aws_robomaker_residential_PortraitD_02/meshes/aws_PortraitD_01_collision.DAE
[0.694s] -- Up-to-date: /root/AGV/install/bumperbot_description/share/bumperbot_description/models/aws_robomaker_residential_PortraitD_02/meshes/aws_PortraitD_01_visual.DAE
[0.694s] -- Up-to-date: /root/AGV/install/bumperbot_description/share/bumperbot_description/models/aws_robomaker_residential_PortraitD_02/meshes/aws_PortraitD_01_visual.DAE:Zone.Identifier
[0.694s] -- Up-to-date: /root/AGV/install/bumperbot_description/share/bumperbot_description/models/aws_robomaker_residential_PortraitD_02/model.sdf
[0.694s] -- Up-to-date: /root/AGV/install/bumperbot_description/share/bumperbot_description/models/aws_robomaker_residential_PortraitD_02/materials
[0.694s] -- Up-to-date: /root/AGV/install/bumperbot_description/share/bumperbot_description/models/aws_robomaker_residential_PortraitD_02/materials/textures
[0.695s] -- Up-to-date: /root/AGV/install/bumperbot_description/share/bumperbot_description/models/aws_robomaker_residential_PortraitD_02/materials/textures/PortraitD_02.jpg:Zone.Identifier
[0.701s] -- Up-to-date: /root/AGV/install/bumperbot_description/share/bumperbot_description/models/aws_robomaker_residential_PortraitD_02/materials/textures/PortraitD_02.jpg
[0.703s] -- Up-to-date: /root/AGV/install/bumperbot_description/share/bumperbot_description/models/aws_robomaker_residential_PortraitD_02/materials/textures/aws_PortraitD_02.png:Zone.Identifier
[0.703s] -- Up-to-date: /root/AGV/install/bumperbot_description/share/bumperbot_description/models/aws_robomaker_residential_PortraitD_02/materials/textures/aws_PortraitD_01.png
[0.703s] -- Up-to-date: /root/AGV/install/bumperbot_description/share/bumperbot_description/models/aws_robomaker_residential_PortraitD_02/materials/textures/aws_PortraitD_01.png:Zone.Identifier
[0.703s] -- Up-to-date: /root/AGV/install/bumperbot_description/share/bumperbot_description/models/aws_robomaker_residential_PortraitD_02/materials/textures/aws_PortraitD_02.png
[0.703s] -- Up-to-date: /root/AGV/install/bumperbot_description/share/bumperbot_description/models/aws_robomaker_residential_RoomWall_01
[0.704s] -- Up-to-date: /root/AGV/install/bumperbot_description/share/bumperbot_description/models/aws_robomaker_residential_RoomWall_01/model.config:Zone.Identifier
[0.706s] -- Up-to-date: /root/AGV/install/bumperbot_description/share/bumperbot_description/models/aws_robomaker_residential_RoomWall_01/model.sdf:Zone.Identifier
[0.706s] -- Up-to-date: /root/AGV/install/bumperbot_description/share/bumperbot_description/models/aws_robomaker_residential_RoomWall_01/model.config
[0.706s] -- Up-to-date: /root/AGV/install/bumperbot_description/share/bumperbot_description/models/aws_robomaker_residential_RoomWall_01/meshes
[0.706s] -- Up-to-date: /root/AGV/install/bumperbot_description/share/bumperbot_description/models/aws_robomaker_residential_RoomWall_01/meshes/aws_RoomWall_01_collision.DAE
[0.706s] -- Up-to-date: /root/AGV/install/bumperbot_description/share/bumperbot_description/models/aws_robomaker_residential_RoomWall_01/meshes/aws_RoomWall_01_collision.DAE:Zone.Identifier
[0.706s] -- Up-to-date: /root/AGV/install/bumperbot_description/share/bumperbot_description/models/aws_robomaker_residential_RoomWall_01/meshes/aws_RoomWall_01_visual.DAE
[0.707s] -- Up-to-date: /root/AGV/install/bumperbot_description/share/bumperbot_description/models/aws_robomaker_residential_RoomWall_01/meshes/aws_RoomWall_01_visual.DAE:Zone.Identifier
[0.707s] -- Up-to-date: /root/AGV/install/bumperbot_description/share/bumperbot_description/models/aws_robomaker_residential_RoomWall_01/model.sdf
[0.707s] -- Up-to-date: /root/AGV/install/bumperbot_description/share/bumperbot_description/models/aws_robomaker_residential_RoomWall_01/materials
[0.707s] -- Up-to-date: /root/AGV/install/bumperbot_description/share/bumperbot_description/models/aws_robomaker_residential_RoomWall_01/materials/textures
[0.707s] -- Up-to-date: /root/AGV/install/bumperbot_description/share/bumperbot_description/models/aws_robomaker_residential_RoomWall_01/materials/textures/aws_RoomWall_01.png
[0.707s] -- Up-to-date: /root/AGV/install/bumperbot_description/share/bumperbot_description/models/aws_robomaker_residential_RoomWall_01/materials/textures/aws_RoomWall_01.png:Zone.Identifier
[0.708s] -- Up-to-date: /root/AGV/install/bumperbot_description/share/bumperbot_description/models/aws_robomaker_residential_CookingBench_01
[0.708s] -- Up-to-date: /root/AGV/install/bumperbot_description/share/bumperbot_description/models/aws_robomaker_residential_CookingBench_01/model.config:Zone.Identifier
[0.708s] -- Up-to-date: /root/AGV/install/bumperbot_description/share/bumperbot_description/models/aws_robomaker_residential_CookingBench_01/model.sdf:Zone.Identifier
[0.708s] -- Up-to-date: /root/AGV/install/bumperbot_description/share/bumperbot_description/models/aws_robomaker_residential_CookingBench_01/model.config
[0.708s] -- Up-to-date: /root/AGV/install/bumperbot_description/share/bumperbot_description/models/aws_robomaker_residential_CookingBench_01/meshes
[0.708s] -- Up-to-date: /root/AGV/install/bumperbot_description/share/bumperbot_description/models/aws_robomaker_residential_CookingBench_01/meshes/aws_CookingBench_01_visual.DAE
[0.708s] -- Up-to-date: /root/AGV/install/bumperbot_description/share/bumperbot_description/models/aws_robomaker_residential_CookingBench_01/meshes/aws_CookingBench_01.DAE:Zone.Identifier
[0.708s] -- Up-to-date: /root/AGV/install/bumperbot_description/share/bumperbot_description/models/aws_robomaker_residential_CookingBench_01/meshes/aws_CookingBench_01_collision.DAE
[0.709s] -- Up-to-date: /root/AGV/install/bumperbot_description/share/bumperbot_description/models/aws_robomaker_residential_CookingBench_01/meshes/aws_CookingBench_01_visual.DAE:Zone.Identifier
[0.709s] -- Up-to-date: /root/AGV/install/bumperbot_description/share/bumperbot_description/models/aws_robomaker_residential_CookingBench_01/meshes/aws_CookingBench_01_collision.DAE:Zone.Identifier
[0.709s] -- Up-to-date: /root/AGV/install/bumperbot_description/share/bumperbot_description/models/aws_robomaker_residential_CookingBench_01/meshes/aws_CookingBench_01.DAE
[0.709s] -- Up-to-date: /root/AGV/install/bumperbot_description/share/bumperbot_description/models/aws_robomaker_residential_CookingBench_01/model.sdf
[0.709s] -- Up-to-date: /root/AGV/install/bumperbot_description/share/bumperbot_description/models/aws_robomaker_residential_CookingBench_01/materials
[0.709s] -- Up-to-date: /root/AGV/install/bumperbot_description/share/bumperbot_description/models/aws_robomaker_residential_CookingBench_01/materials/textures
[0.709s] -- Up-to-date: /root/AGV/install/bumperbot_description/share/bumperbot_description/models/aws_robomaker_residential_CookingBench_01/materials/textures/aws_CookingBench_01.png
[0.709s] -- Up-to-date: /root/AGV/install/bumperbot_description/share/bumperbot_description/models/aws_robomaker_residential_CookingBench_01/materials/textures/aws_CookingBench_01.png:Zone.Identifier
[0.709s] -- Up-to-date: /root/AGV/install/bumperbot_description/share/bumperbot_description/models/aws_robomaker_residential_Trash_01
[0.710s] -- Up-to-date: /root/AGV/install/bumperbot_description/share/bumperbot_description/models/aws_robomaker_residential_Trash_01/model.config:Zone.Identifier
[0.710s] -- Up-to-date: /root/AGV/install/bumperbot_description/share/bumperbot_description/models/aws_robomaker_residential_Trash_01/model.sdf:Zone.Identifier
[0.710s] -- Up-to-date: /root/AGV/install/bumperbot_description/share/bumperbot_description/models/aws_robomaker_residential_Trash_01/model.config
[0.710s] -- Up-to-date: /root/AGV/install/bumperbot_description/share/bumperbot_description/models/aws_robomaker_residential_Trash_01/meshes
[0.710s] -- Up-to-date: /root/AGV/install/bumperbot_description/share/bumperbot_description/models/aws_robomaker_residential_Trash_01/meshes/aws_Trash_01_collision.DAE
[0.710s] -- Up-to-date: /root/AGV/install/bumperbot_description/share/bumperbot_description/models/aws_robomaker_residential_Trash_01/meshes/aws_Trash_01_visual.DAE:Zone.Identifier
[0.710s] -- Up-to-date: /root/AGV/install/bumperbot_description/share/bumperbot_description/models/aws_robomaker_residential_Trash_01/meshes/aws_Trash_01_visual.DAE
[0.710s] -- Up-to-date: /root/AGV/install/bumperbot_description/share/bumperbot_description/models/aws_robomaker_residential_Trash_01/meshes/aws_Trash_01_collision.DAE:Zone.Identifier
[0.711s] -- Up-to-date: /root/AGV/install/bumperbot_description/share/bumperbot_description/models/aws_robomaker_residential_Trash_01/model.sdf
[0.711s] -- Up-to-date: /root/AGV/install/bumperbot_description/share/bumperbot_description/models/aws_robomaker_residential_Trash_01/materials
[0.711s] -- Up-to-date: /root/AGV/install/bumperbot_description/share/bumperbot_description/models/aws_robomaker_residential_Trash_01/materials/textures
[0.711s] -- Up-to-date: /root/AGV/install/bumperbot_description/share/bumperbot_description/models/aws_robomaker_residential_Trash_01/materials/textures/aws_Trash_01.png:Zone.Identifier
[0.711s] -- Up-to-date: /root/AGV/install/bumperbot_description/share/bumperbot_description/models/aws_robomaker_residential_Trash_01/materials/textures/aws_Trash_01.png
[0.711s] -- Up-to-date: /root/AGV/install/bumperbot_description/share/bumperbot_description/models/aws_robomaker_residential_DeskPortraitD_01
[0.711s] -- Up-to-date: /root/AGV/install/bumperbot_description/share/bumperbot_description/models/aws_robomaker_residential_DeskPortraitD_01/model.config:Zone.Identifier
[0.712s] -- Up-to-date: /root/AGV/install/bumperbot_description/share/bumperbot_description/models/aws_robomaker_residential_DeskPortraitD_01/model.sdf:Zone.Identifier
[0.712s] -- Up-to-date: /root/AGV/install/bumperbot_description/share/bumperbot_description/models/aws_robomaker_residential_DeskPortraitD_01/model.config
[0.712s] -- Up-to-date: /root/AGV/install/bumperbot_description/share/bumperbot_description/models/aws_robomaker_residential_DeskPortraitD_01/meshes
[0.712s] -- Up-to-date: /root/AGV/install/bumperbot_description/share/bumperbot_description/models/aws_robomaker_residential_DeskPortraitD_01/meshes/aws_DeskPortraitD_01_collision.DAE:Zone.Identifier
[0.713s] -- Up-to-date: /root/AGV/install/bumperbot_description/share/bumperbot_description/models/aws_robomaker_residential_DeskPortraitD_01/meshes/aws_DeskPortraitD_01_visual.DAE:Zone.Identifier
[0.713s] -- Up-to-date: /root/AGV/install/bumperbot_description/share/bumperbot_description/models/aws_robomaker_residential_DeskPortraitD_01/meshes/aws_DeskPortraitD_01_collision.DAE
[0.713s] -- Up-to-date: /root/AGV/install/bumperbot_description/share/bumperbot_description/models/aws_robomaker_residential_DeskPortraitD_01/meshes/aws_DeskPortraitD_01_visual.DAE
[0.713s] -- Up-to-date: /root/AGV/install/bumperbot_description/share/bumperbot_description/models/aws_robomaker_residential_DeskPortraitD_01/model.sdf
[0.713s] -- Up-to-date: /root/AGV/install/bumperbot_description/share/bumperbot_description/models/aws_robomaker_residential_DeskPortraitD_01/materials
[0.713s] -- Up-to-date: /root/AGV/install/bumperbot_description/share/bumperbot_description/models/aws_robomaker_residential_DeskPortraitD_01/materials/textures
[0.713s] -- Up-to-date: /root/AGV/install/bumperbot_description/share/bumperbot_description/models/aws_robomaker_residential_DeskPortraitD_01/materials/textures/aws_DeskPortraitD_02.png:Zone.Identifier
[0.714s] -- Up-to-date: /root/AGV/install/bumperbot_description/share/bumperbot_description/models/aws_robomaker_residential_DeskPortraitD_01/materials/textures/DeskPortraitD_01.jpg:Zone.Identifier
[0.714s] -- Up-to-date: /root/AGV/install/bumperbot_description/share/bumperbot_description/models/aws_robomaker_residential_DeskPortraitD_01/materials/textures/aws_DeskPortraitD_01.png:Zone.Identifier
[0.714s] -- Up-to-date: /root/AGV/install/bumperbot_description/share/bumperbot_description/models/aws_robomaker_residential_DeskPortraitD_01/materials/textures/aws_DeskPortraitD_02.png
[0.714s] -- Up-to-date: /root/AGV/install/bumperbot_description/share/bumperbot_description/models/aws_robomaker_residential_DeskPortraitD_01/materials/textures/DeskPortraitD_01.jpg
[0.714s] -- Up-to-date: /root/AGV/install/bumperbot_description/share/bumperbot_description/models/aws_robomaker_residential_DeskPortraitD_01/materials/textures/aws_DeskPortraitD_01.png
[0.714s] -- Up-to-date: /root/AGV/install/bumperbot_description/share/bumperbot_description/models/aws_robomaker_residential_Dumbbell_01
[0.715s] -- Up-to-date: /root/AGV/install/bumperbot_description/share/bumperbot_description/models/aws_robomaker_residential_Dumbbell_01/model.config:Zone.Identifier
[0.715s] -- Up-to-date: /root/AGV/install/bumperbot_description/share/bumperbot_description/models/aws_robomaker_residential_Dumbbell_01/model.sdf:Zone.Identifier
[0.715s] -- Up-to-date: /root/AGV/install/bumperbot_description/share/bumperbot_description/models/aws_robomaker_residential_Dumbbell_01/model.config
[0.719s] -- Up-to-date: /root/AGV/install/bumperbot_description/share/bumperbot_description/models/aws_robomaker_residential_Dumbbell_01/meshes
[0.719s] -- Up-to-date: /root/AGV/install/bumperbot_description/share/bumperbot_description/models/aws_robomaker_residential_Dumbbell_01/meshes/aws_Dumbbell_01_visual.DAE
[0.720s] -- Up-to-date: /root/AGV/install/bumperbot_description/share/bumperbot_description/models/aws_robomaker_residential_Dumbbell_01/meshes/aws_Dumbbell_01_visual.DAE:Zone.Identifier
[0.720s] -- Up-to-date: /root/AGV/install/bumperbot_description/share/bumperbot_description/models/aws_robomaker_residential_Dumbbell_01/meshes/aws_Dumbbell_01_collision.DAE:Zone.Identifier
[0.723s] -- Up-to-date: /root/AGV/install/bumperbot_description/share/bumperbot_description/models/aws_robomaker_residential_Dumbbell_01/meshes/aws_Dumbbell_01_collision.DAE
[0.725s] -- Up-to-date: /root/AGV/install/bumperbot_description/share/bumperbot_description/models/aws_robomaker_residential_Dumbbell_01/model.sdf
[0.727s] -- Up-to-date: /root/AGV/install/bumperbot_description/share/bumperbot_description/models/aws_robomaker_residential_Dumbbell_01/materials
[0.727s] -- Up-to-date: /root/AGV/install/bumperbot_description/share/bumperbot_description/models/aws_robomaker_residential_Dumbbell_01/materials/textures
[0.727s] -- Up-to-date: /root/AGV/install/bumperbot_description/share/bumperbot_description/models/aws_robomaker_residential_Dumbbell_01/materials/textures/aws_Dumbbell_01.png:Zone.Identifier
[0.727s] -- Up-to-date: /root/AGV/install/bumperbot_description/share/bumperbot_description/models/aws_robomaker_residential_Dumbbell_01/materials/textures/aws_Dumbbell_01.png
[0.727s] -- Up-to-date: /root/AGV/install/bumperbot_description/share/bumperbot_description/models/aws_robomaker_residential_PortraitB_02
[0.728s] -- Up-to-date: /root/AGV/install/bumperbot_description/share/bumperbot_description/models/aws_robomaker_residential_PortraitB_02/model.config:Zone.Identifier
[0.728s] -- Up-to-date: /root/AGV/install/bumperbot_description/share/bumperbot_description/models/aws_robomaker_residential_PortraitB_02/model.sdf:Zone.Identifier
[0.728s] -- Up-to-date: /root/AGV/install/bumperbot_description/share/bumperbot_description/models/aws_robomaker_residential_PortraitB_02/model.config
[0.728s] -- Up-to-date: /root/AGV/install/bumperbot_description/share/bumperbot_description/models/aws_robomaker_residential_PortraitB_02/meshes
[0.728s] -- Up-to-date: /root/AGV/install/bumperbot_description/share/bumperbot_description/models/aws_robomaker_residential_PortraitB_02/meshes/aws_PortraitB_01_collision.DAE:Zone.Identifier
[0.728s] -- Up-to-date: /root/AGV/install/bumperbot_description/share/bumperbot_description/models/aws_robomaker_residential_PortraitB_02/meshes/aws_PortraitB_01_visual.DAE:Zone.Identifier
[0.728s] -- Up-to-date: /root/AGV/install/bumperbot_description/share/bumperbot_description/models/aws_robomaker_residential_PortraitB_02/meshes/aws_PortraitB_01_collision.DAE
[0.728s] -- Up-to-date: /root/AGV/install/bumperbot_description/share/bumperbot_description/models/aws_robomaker_residential_PortraitB_02/meshes/aws_PortraitB_01_visual.DAE
[0.728s] -- Up-to-date: /root/AGV/install/bumperbot_description/share/bumperbot_description/models/aws_robomaker_residential_PortraitB_02/model.sdf
[0.728s] -- Up-to-date: /root/AGV/install/bumperbot_description/share/bumperbot_description/models/aws_robomaker_residential_PortraitB_02/materials
[0.729s] -- Up-to-date: /root/AGV/install/bumperbot_description/share/bumperbot_description/models/aws_robomaker_residential_PortraitB_02/materials/textures
[0.729s] -- Up-to-date: /root/AGV/install/bumperbot_description/share/bumperbot_description/models/aws_robomaker_residential_PortraitB_02/materials/textures/aws_PortraitB_01.png:Zone.Identifier
[0.729s] -- Up-to-date: /root/AGV/install/bumperbot_description/share/bumperbot_description/models/aws_robomaker_residential_PortraitB_02/materials/textures/PortraitB_02.jpg
[0.729s] -- Up-to-date: /root/AGV/install/bumperbot_description/share/bumperbot_description/models/aws_robomaker_residential_PortraitB_02/materials/textures/aws_PortraitB_02.png
[0.729s] -- Up-to-date: /root/AGV/install/bumperbot_description/share/bumperbot_description/models/aws_robomaker_residential_PortraitB_02/materials/textures/PortraitB_02.jpg:Zone.Identifier
[0.729s] -- Up-to-date: /root/AGV/install/bumperbot_description/share/bumperbot_description/models/aws_robomaker_residential_PortraitB_02/materials/textures/aws_PortraitB_01.png
[0.729s] -- Up-to-date: /root/AGV/install/bumperbot_description/share/bumperbot_description/models/aws_robomaker_residential_PortraitB_02/materials/textures/aws_PortraitB_02.png:Zone.Identifier
[0.729s] -- Up-to-date: /root/AGV/install/bumperbot_description/share/bumperbot_description/models/aws_robomaker_residential_Tableware_01
[0.729s] -- Up-to-date: /root/AGV/install/bumperbot_description/share/bumperbot_description/models/aws_robomaker_residential_Tableware_01/model.config:Zone.Identifier
[0.729s] -- Up-to-date: /root/AGV/install/bumperbot_description/share/bumperbot_description/models/aws_robomaker_residential_Tableware_01/model.sdf:Zone.Identifier
[0.729s] -- Up-to-date: /root/AGV/install/bumperbot_description/share/bumperbot_description/models/aws_robomaker_residential_Tableware_01/model.config
[0.729s] -- Up-to-date: /root/AGV/install/bumperbot_description/share/bumperbot_description/models/aws_robomaker_residential_Tableware_01/meshes
[0.730s] -- Up-to-date: /root/AGV/install/bumperbot_description/share/bumperbot_description/models/aws_robomaker_residential_Tableware_01/meshes/aws_Tableware_01_collision.DAE
[0.730s] -- Up-to-date: /root/AGV/install/bumperbot_description/share/bumperbot_description/models/aws_robomaker_residential_Tableware_01/meshes/aws_Tableware_01_visual.DAE
[0.730s] -- Up-to-date: /root/AGV/install/bumperbot_description/share/bumperbot_description/models/aws_robomaker_residential_Tableware_01/meshes/aws_Tableware_01_visual.DAE:Zone.Identifier
[0.730s] -- Up-to-date: /root/AGV/install/bumperbot_description/share/bumperbot_description/models/aws_robomaker_residential_Tableware_01/meshes/aws_Tableware_01_collision.DAE:Zone.Identifier
[0.730s] -- Up-to-date: /root/AGV/install/bumperbot_description/share/bumperbot_description/models/aws_robomaker_residential_Tableware_01/model.sdf
[0.730s] -- Up-to-date: /root/AGV/install/bumperbot_description/share/bumperbot_description/models/aws_robomaker_residential_Tableware_01/materials
[0.730s] -- Up-to-date: /root/AGV/install/bumperbot_description/share/bumperbot_description/models/aws_robomaker_residential_Tableware_01/materials/textures
[0.731s] -- Up-to-date: /root/AGV/install/bumperbot_description/share/bumperbot_description/models/aws_robomaker_residential_Tableware_01/materials/textures/aws_Tableware_01.png
[0.731s] -- Up-to-date: /root/AGV/install/bumperbot_description/share/bumperbot_description/models/aws_robomaker_residential_Tableware_01/materials/textures/aws_Tableware_01.png:Zone.Identifier
[0.731s] -- Up-to-date: /root/AGV/install/bumperbot_description/share/bumperbot_description/models/aws_robomaker_residential_PortraitD_01
[0.731s] -- Up-to-date: /root/AGV/install/bumperbot_description/share/bumperbot_description/models/aws_robomaker_residential_PortraitD_01/model.config:Zone.Identifier
[0.731s] -- Up-to-date: /root/AGV/install/bumperbot_description/share/bumperbot_description/models/aws_robomaker_residential_PortraitD_01/model.sdf:Zone.Identifier
[0.731s] -- Up-to-date: /root/AGV/install/bumperbot_description/share/bumperbot_description/models/aws_robomaker_residential_PortraitD_01/model.config
[0.731s] -- Up-to-date: /root/AGV/install/bumperbot_description/share/bumperbot_description/models/aws_robomaker_residential_PortraitD_01/meshes
[0.731s] -- Up-to-date: /root/AGV/install/bumperbot_description/share/bumperbot_description/models/aws_robomaker_residential_PortraitD_01/meshes/aws_PortraitD_01_collision.DAE:Zone.Identifier
[0.731s] -- Up-to-date: /root/AGV/install/bumperbot_description/share/bumperbot_description/models/aws_robomaker_residential_PortraitD_01/meshes/aws_PortraitD_01_collision.DAE
[0.732s] -- Up-to-date: /root/AGV/install/bumperbot_description/share/bumperbot_description/models/aws_robomaker_residential_PortraitD_01/meshes/aws_PortraitD_01_visual.DAE
[0.732s] -- Up-to-date: /root/AGV/install/bumperbot_description/share/bumperbot_description/models/aws_robomaker_residential_PortraitD_01/meshes/aws_PortraitD_01_visual.DAE:Zone.Identifier
[0.732s] -- Up-to-date: /root/AGV/install/bumperbot_description/share/bumperbot_description/models/aws_robomaker_residential_PortraitD_01/model.sdf
[0.732s] -- Up-to-date: /root/AGV/install/bumperbot_description/share/bumperbot_description/models/aws_robomaker_residential_PortraitD_01/materials
[0.733s] -- Up-to-date: /root/AGV/install/bumperbot_description/share/bumperbot_description/models/aws_robomaker_residential_PortraitD_01/materials/textures
[0.733s] -- Up-to-date: /root/AGV/install/bumperbot_description/share/bumperbot_description/models/aws_robomaker_residential_PortraitD_01/materials/textures/PortraitD_01.jpg
[0.733s] -- Up-to-date: /root/AGV/install/bumperbot_description/share/bumperbot_description/models/aws_robomaker_residential_PortraitD_01/materials/textures/aws_PortraitD_02.png:Zone.Identifier
[0.733s] -- Up-to-date: /root/AGV/install/bumperbot_description/share/bumperbot_description/models/aws_robomaker_residential_PortraitD_01/materials/textures/PortraitD_01.jpg:Zone.Identifier
[0.734s] -- Up-to-date: /root/AGV/install/bumperbot_description/share/bumperbot_description/models/aws_robomaker_residential_PortraitD_01/materials/textures/aws_PortraitD_01.png
[0.734s] -- Up-to-date: /root/AGV/install/bumperbot_description/share/bumperbot_description/models/aws_robomaker_residential_PortraitD_01/materials/textures/aws_PortraitD_01.png:Zone.Identifier
[0.734s] -- Up-to-date: /root/AGV/install/bumperbot_description/share/bumperbot_description/models/aws_robomaker_residential_PortraitD_01/materials/textures/aws_PortraitD_02.png
[0.734s] -- Up-to-date: /root/AGV/install/bumperbot_description/share/bumperbot_description/models/aws_robomaker_residential_Ball_01
[0.734s] -- Up-to-date: /root/AGV/install/bumperbot_description/share/bumperbot_description/models/aws_robomaker_residential_Ball_01/model.config:Zone.Identifier
[0.734s] -- Up-to-date: /root/AGV/install/bumperbot_description/share/bumperbot_description/models/aws_robomaker_residential_Ball_01/model.sdf:Zone.Identifier
[0.735s] -- Up-to-date: /root/AGV/install/bumperbot_description/share/bumperbot_description/models/aws_robomaker_residential_Ball_01/model.config
[0.735s] -- Up-to-date: /root/AGV/install/bumperbot_description/share/bumperbot_description/models/aws_robomaker_residential_Ball_01/meshes
[0.735s] -- Up-to-date: /root/AGV/install/bumperbot_description/share/bumperbot_description/models/aws_robomaker_residential_Ball_01/meshes/aws_Ball_01_collision.DAE
[0.735s] -- Up-to-date: /root/AGV/install/bumperbot_description/share/bumperbot_description/models/aws_robomaker_residential_Ball_01/meshes/aws_Ball_01_collision.DAE:Zone.Identifier
[0.735s] -- Up-to-date: /root/AGV/install/bumperbot_description/share/bumperbot_description/models/aws_robomaker_residential_Ball_01/meshes/aws_Ball_01_visual.DAE
[0.735s] -- Up-to-date: /root/AGV/install/bumperbot_description/share/bumperbot_description/models/aws_robomaker_residential_Ball_01/meshes/aws_Ball_01_visual.DAE:Zone.Identifier
[0.735s] -- Up-to-date: /root/AGV/install/bumperbot_description/share/bumperbot_description/models/aws_robomaker_residential_Ball_01/model.sdf
[0.736s] -- Up-to-date: /root/AGV/install/bumperbot_description/share/bumperbot_description/models/aws_robomaker_residential_Ball_01/materials
[0.736s] -- Up-to-date: /root/AGV/install/bumperbot_description/share/bumperbot_description/models/aws_robomaker_residential_Ball_01/materials/textures
[0.736s] -- Up-to-date: /root/AGV/install/bumperbot_description/share/bumperbot_description/models/aws_robomaker_residential_Ball_01/materials/textures/aws_Ball_01.png:Zone.Identifier
[0.737s] -- Up-to-date: /root/AGV/install/bumperbot_description/share/bumperbot_description/models/aws_robomaker_residential_Ball_01/materials/textures/aws_Ball_01.png
[0.737s] -- Up-to-date: /root/AGV/install/bumperbot_description/share/bumperbot_description/models/aws_robomaker_residential_PortraitB_01
[0.737s] -- Up-to-date: /root/AGV/install/bumperbot_description/share/bumperbot_description/models/aws_robomaker_residential_PortraitB_01/model.config:Zone.Identifier
[0.737s] -- Up-to-date: /root/AGV/install/bumperbot_description/share/bumperbot_description/models/aws_robomaker_residential_PortraitB_01/model.sdf:Zone.Identifier
[0.737s] -- Up-to-date: /root/AGV/install/bumperbot_description/share/bumperbot_description/models/aws_robomaker_residential_PortraitB_01/model.config
[0.737s] -- Up-to-date: /root/AGV/install/bumperbot_description/share/bumperbot_description/models/aws_robomaker_residential_PortraitB_01/meshes
[0.737s] -- Up-to-date: /root/AGV/install/bumperbot_description/share/bumperbot_description/models/aws_robomaker_residential_PortraitB_01/meshes/aws_PortraitB_01_collision.DAE:Zone.Identifier
[0.738s] -- Up-to-date: /root/AGV/install/bumperbot_description/share/bumperbot_description/models/aws_robomaker_residential_PortraitB_01/meshes/aws_PortraitB_01_visual.DAE:Zone.Identifier
[0.738s] -- Up-to-date: /root/AGV/install/bumperbot_description/share/bumperbot_description/models/aws_robomaker_residential_PortraitB_01/meshes/aws_PortraitB_01_collision.DAE
[0.738s] -- Up-to-date: /root/AGV/install/bumperbot_description/share/bumperbot_description/models/aws_robomaker_residential_PortraitB_01/meshes/aws_PortraitB_01_visual.DAE
[0.738s] -- Up-to-date: /root/AGV/install/bumperbot_description/share/bumperbot_description/models/aws_robomaker_residential_PortraitB_01/model.sdf
[0.740s] -- Up-to-date: /root/AGV/install/bumperbot_description/share/bumperbot_description/models/aws_robomaker_residential_PortraitB_01/materials
[0.740s] -- Up-to-date: /root/AGV/install/bumperbot_description/share/bumperbot_description/models/aws_robomaker_residential_PortraitB_01/materials/textures
[0.741s] -- Up-to-date: /root/AGV/install/bumperbot_description/share/bumperbot_description/models/aws_robomaker_residential_PortraitB_01/materials/textures/aws_PortraitB_01.png:Zone.Identifier
[0.741s] -- Up-to-date: /root/AGV/install/bumperbot_description/share/bumperbot_description/models/aws_robomaker_residential_PortraitB_01/materials/textures/aws_PortraitB_02.png
[0.741s] -- Up-to-date: /root/AGV/install/bumperbot_description/share/bumperbot_description/models/aws_robomaker_residential_PortraitB_01/materials/textures/aws_PortraitB_01.png
[0.741s] -- Up-to-date: /root/AGV/install/bumperbot_description/share/bumperbot_description/models/aws_robomaker_residential_PortraitB_01/materials/textures/PortraitB_01.jpg:Zone.Identifier
[0.741s] -- Up-to-date: /root/AGV/install/bumperbot_description/share/bumperbot_description/models/aws_robomaker_residential_PortraitB_01/materials/textures/PortraitB_01.jpg
[0.742s] -- Up-to-date: /root/AGV/install/bumperbot_description/share/bumperbot_description/models/aws_robomaker_residential_PortraitB_01/materials/textures/aws_PortraitB_02.png:Zone.Identifier
[0.742s] -- Up-to-date: /root/AGV/install/bumperbot_description/share/bumperbot_description/models/aws_robomaker_residential_LightC_01
[0.742s] -- Up-to-date: /root/AGV/install/bumperbot_description/share/bumperbot_description/models/aws_robomaker_residential_LightC_01/model.config:Zone.Identifier
[0.742s] -- Up-to-date: /root/AGV/install/bumperbot_description/share/bumperbot_description/models/aws_robomaker_residential_LightC_01/model.sdf:Zone.Identifier
[0.742s] -- Up-to-date: /root/AGV/install/bumperbot_description/share/bumperbot_description/models/aws_robomaker_residential_LightC_01/model.config
[0.742s] -- Up-to-date: /root/AGV/install/bumperbot_description/share/bumperbot_description/models/aws_robomaker_residential_LightC_01/meshes
[0.742s] -- Up-to-date: /root/AGV/install/bumperbot_description/share/bumperbot_description/models/aws_robomaker_residential_LightC_01/meshes/aws_LightC_01_visual.DAE
[0.743s] -- Up-to-date: /root/AGV/install/bumperbot_description/share/bumperbot_description/models/aws_robomaker_residential_LightC_01/meshes/aws_LightC_01_collision.DAE
[0.743s] -- Up-to-date: /root/AGV/install/bumperbot_description/share/bumperbot_description/models/aws_robomaker_residential_LightC_01/meshes/aws_LightC_01_visual.DAE:Zone.Identifier
[0.743s] -- Up-to-date: /root/AGV/install/bumperbot_description/share/bumperbot_description/models/aws_robomaker_residential_LightC_01/meshes/aws_LightC_01_collision.DAE:Zone.Identifier
[0.743s] -- Up-to-date: /root/AGV/install/bumperbot_description/share/bumperbot_description/models/aws_robomaker_residential_LightC_01/model.sdf
[0.743s] -- Up-to-date: /root/AGV/install/bumperbot_description/share/bumperbot_description/models/aws_robomaker_residential_LightC_01/materials
[0.743s] -- Up-to-date: /root/AGV/install/bumperbot_description/share/bumperbot_description/models/aws_robomaker_residential_LightC_01/materials/textures
[0.743s] -- Up-to-date: /root/AGV/install/bumperbot_description/share/bumperbot_description/models/aws_robomaker_residential_LightC_01/materials/textures/aws_LightC_01.png
[0.743s] -- Up-to-date: /root/AGV/install/bumperbot_description/share/bumperbot_description/models/aws_robomaker_residential_LightC_01/materials/textures/aws_LightC_01.png:Zone.Identifier
[0.744s] -- Up-to-date: /root/AGV/install/bumperbot_description/share/bumperbot_description/models/aws_robomaker_residential_ShoeRack_01
[0.744s] -- Up-to-date: /root/AGV/install/bumperbot_description/share/bumperbot_description/models/aws_robomaker_residential_ShoeRack_01/model.config:Zone.Identifier
[0.744s] -- Up-to-date: /root/AGV/install/bumperbot_description/share/bumperbot_description/models/aws_robomaker_residential_ShoeRack_01/model.sdf:Zone.Identifier
[0.744s] -- Up-to-date: /root/AGV/install/bumperbot_description/share/bumperbot_description/models/aws_robomaker_residential_ShoeRack_01/model.config
[0.744s] -- Up-to-date: /root/AGV/install/bumperbot_description/share/bumperbot_description/models/aws_robomaker_residential_ShoeRack_01/meshes
[0.744s] -- Up-to-date: /root/AGV/install/bumperbot_description/share/bumperbot_description/models/aws_robomaker_residential_ShoeRack_01/meshes/aws_ShoeRack_01_collision.DAE
[0.744s] -- Up-to-date: /root/AGV/install/bumperbot_description/share/bumperbot_description/models/aws_robomaker_residential_ShoeRack_01/meshes/aws_ShoeRack_01_visual.DAE:Zone.Identifier
[0.744s] -- Up-to-date: /root/AGV/install/bumperbot_description/share/bumperbot_description/models/aws_robomaker_residential_ShoeRack_01/meshes/aws_ShoeRack_01_collision.DAE:Zone.Identifier
[0.744s] -- Up-to-date: /root/AGV/install/bumperbot_description/share/bumperbot_description/models/aws_robomaker_residential_ShoeRack_01/meshes/aws_ShoeRack_01_visual.DAE
[0.744s] -- Up-to-date: /root/AGV/install/bumperbot_description/share/bumperbot_description/models/aws_robomaker_residential_ShoeRack_01/model.sdf
[0.744s] -- Up-to-date: /root/AGV/install/bumperbot_description/share/bumperbot_description/models/aws_robomaker_residential_ShoeRack_01/materials
[0.744s] -- Up-to-date: /root/AGV/install/bumperbot_description/share/bumperbot_description/models/aws_robomaker_residential_ShoeRack_01/materials/textures
[0.745s] -- Up-to-date: /root/AGV/install/bumperbot_description/share/bumperbot_description/models/aws_robomaker_residential_ShoeRack_01/materials/textures/aws_ShoeRack_01.png
[0.745s] -- Up-to-date: /root/AGV/install/bumperbot_description/share/bumperbot_description/models/aws_robomaker_residential_ShoeRack_01/materials/textures/aws_ShoeRack_01.png:Zone.Identifier
[0.745s] -- Up-to-date: /root/AGV/install/bumperbot_description/share/bumperbot_description/models/aws_robomaker_residential_Refrigerator_01
[0.746s] -- Up-to-date: /root/AGV/install/bumperbot_description/share/bumperbot_description/models/aws_robomaker_residential_Refrigerator_01/model.config:Zone.Identifier
[0.746s] -- Up-to-date: /root/AGV/install/bumperbot_description/share/bumperbot_description/models/aws_robomaker_residential_Refrigerator_01/model.sdf:Zone.Identifier
[0.746s] -- Up-to-date: /root/AGV/install/bumperbot_description/share/bumperbot_description/models/aws_robomaker_residential_Refrigerator_01/model.config
[0.746s] -- Up-to-date: /root/AGV/install/bumperbot_description/share/bumperbot_description/models/aws_robomaker_residential_Refrigerator_01/meshes
[0.746s] -- Up-to-date: /root/AGV/install/bumperbot_description/share/bumperbot_description/models/aws_robomaker_residential_Refrigerator_01/meshes/aws_Refrigerator_01.DAE:Zone.Identifier
[0.746s] -- Up-to-date: /root/AGV/install/bumperbot_description/share/bumperbot_description/models/aws_robomaker_residential_Refrigerator_01/meshes/aws_Refrigerator_01_visual.DAE:Zone.Identifier
[0.747s] -- Up-to-date: /root/AGV/install/bumperbot_description/share/bumperbot_description/models/aws_robomaker_residential_Refrigerator_01/meshes/aws_Refrigerator_01_visual.DAE
[0.747s] -- Up-to-date: /root/AGV/install/bumperbot_description/share/bumperbot_description/models/aws_robomaker_residential_Refrigerator_01/meshes/aws_Refrigerator_01.DAE
[0.747s] -- Up-to-date: /root/AGV/install/bumperbot_description/share/bumperbot_description/models/aws_robomaker_residential_Refrigerator_01/meshes/aws_Refrigerator_01_collision.DAE
[0.747s] -- Up-to-date: /root/AGV/install/bumperbot_description/share/bumperbot_description/models/aws_robomaker_residential_Refrigerator_01/meshes/aws_Refrigerator_01_collision.DAE:Zone.Identifier
[0.747s] -- Up-to-date: /root/AGV/install/bumperbot_description/share/bumperbot_description/models/aws_robomaker_residential_Refrigerator_01/model.sdf
[0.747s] -- Up-to-date: /root/AGV/install/bumperbot_description/share/bumperbot_description/models/aws_robomaker_residential_Refrigerator_01/materials
[0.747s] -- Up-to-date: /root/AGV/install/bumperbot_description/share/bumperbot_description/models/aws_robomaker_residential_Refrigerator_01/materials/textures
[0.747s] -- Up-to-date: /root/AGV/install/bumperbot_description/share/bumperbot_description/models/aws_robomaker_residential_Refrigerator_01/materials/textures/aws_Refrigerator_01.png:Zone.Identifier
[0.747s] -- Up-to-date: /root/AGV/install/bumperbot_description/share/bumperbot_description/models/aws_robomaker_residential_Refrigerator_01/materials/textures/aws_Refrigerator_02.png
[0.747s] -- Up-to-date: /root/AGV/install/bumperbot_description/share/bumperbot_description/models/aws_robomaker_residential_Refrigerator_01/materials/textures/aws_Refrigerator_01.png
[0.748s] -- Up-to-date: /root/AGV/install/bumperbot_description/share/bumperbot_description/models/aws_robomaker_residential_Refrigerator_01/materials/textures/aws_Refrigerator_02.png:Zone.Identifier
[0.748s] -- Up-to-date: /root/AGV/install/bumperbot_description/share/bumperbot_description/models/aws_robomaker_residential_Bed_01
[0.748s] -- Up-to-date: /root/AGV/install/bumperbot_description/share/bumperbot_description/models/aws_robomaker_residential_Bed_01/model.config:Zone.Identifier
[0.748s] -- Up-to-date: /root/AGV/install/bumperbot_description/share/bumperbot_description/models/aws_robomaker_residential_Bed_01/model.sdf:Zone.Identifier
[0.748s] -- Up-to-date: /root/AGV/install/bumperbot_description/share/bumperbot_description/models/aws_robomaker_residential_Bed_01/model.config
[0.748s] -- Up-to-date: /root/AGV/install/bumperbot_description/share/bumperbot_description/models/aws_robomaker_residential_Bed_01/meshes
[0.748s] -- Up-to-date: /root/AGV/install/bumperbot_description/share/bumperbot_description/models/aws_robomaker_residential_Bed_01/meshes/aws_Bed_01_collision.DAE:Zone.Identifier
[0.748s] -- Up-to-date: /root/AGV/install/bumperbot_description/share/bumperbot_description/models/aws_robomaker_residential_Bed_01/meshes/aws_Bed_01_visual.DAE:Zone.Identifier
[0.748s] -- Up-to-date: /root/AGV/install/bumperbot_description/share/bumperbot_description/models/aws_robomaker_residential_Bed_01/meshes/aws_Bed_01_visual.DAE
[0.748s] -- Up-to-date: /root/AGV/install/bumperbot_description/share/bumperbot_description/models/aws_robomaker_residential_Bed_01/meshes/aws_Bed_01_collision.DAE
[0.748s] -- Up-to-date: /root/AGV/install/bumperbot_description/share/bumperbot_description/models/aws_robomaker_residential_Bed_01/model.sdf
[0.748s] -- Up-to-date: /root/AGV/install/bumperbot_description/share/bumperbot_description/models/aws_robomaker_residential_Bed_01/materials
[0.748s] -- Up-to-date: /root/AGV/install/bumperbot_description/share/bumperbot_description/models/aws_robomaker_residential_Bed_01/materials/textures
[0.749s] -- Up-to-date: /root/AGV/install/bumperbot_description/share/bumperbot_description/models/aws_robomaker_residential_Bed_01/materials/textures/aws_BedB_01.png
[0.749s] -- Up-to-date: /root/AGV/install/bumperbot_description/share/bumperbot_description/models/aws_robomaker_residential_Bed_01/materials/textures/aws_BedA_01.png:Zone.Identifier
[0.749s] -- Up-to-date: /root/AGV/install/bumperbot_description/share/bumperbot_description/models/aws_robomaker_residential_Bed_01/materials/textures/aws_Bed_01.png:Zone.Identifier
[0.749s] -- Up-to-date: /root/AGV/install/bumperbot_description/share/bumperbot_description/models/aws_robomaker_residential_Bed_01/materials/textures/aws_Bed_01.png
[0.749s] -- Up-to-date: /root/AGV/install/bumperbot_description/share/bumperbot_description/models/aws_robomaker_residential_Bed_01/materials/textures/aws_BedB_01.png:Zone.Identifier
[0.749s] -- Up-to-date: /root/AGV/install/bumperbot_description/share/bumperbot_description/models/aws_robomaker_residential_Bed_01/materials/textures/aws_BedC_01.png
[0.750s] -- Up-to-date: /root/AGV/install/bumperbot_description/share/bumperbot_description/models/aws_robomaker_residential_Bed_01/materials/textures/aws_BedC_01.png:Zone.Identifier
[0.750s] -- Up-to-date: /root/AGV/install/bumperbot_description/share/bumperbot_description/models/aws_robomaker_residential_Bed_01/materials/textures/aws_BedA_01.png
[0.750s] -- Up-to-date: /root/AGV/install/bumperbot_description/share/bumperbot_description/models/aws_robomaker_residential_Pillow_01
[0.750s] -- Up-to-date: /root/AGV/install/bumperbot_description/share/bumperbot_description/models/aws_robomaker_residential_Pillow_01/model.config:Zone.Identifier
[0.750s] -- Up-to-date: /root/AGV/install/bumperbot_description/share/bumperbot_description/models/aws_robomaker_residential_Pillow_01/model.sdf:Zone.Identifier
[0.750s] -- Up-to-date: /root/AGV/install/bumperbot_description/share/bumperbot_description/models/aws_robomaker_residential_Pillow_01/model.config
[0.751s] -- Up-to-date: /root/AGV/install/bumperbot_description/share/bumperbot_description/models/aws_robomaker_residential_Pillow_01/meshes
[0.759s] -- Up-to-date: /root/AGV/install/bumperbot_description/share/bumperbot_description/models/aws_robomaker_residential_Pillow_01/meshes/aws_Pillow_01_collision.DAE:Zone.Identifier
[0.760s] -- Up-to-date: /root/AGV/install/bumperbot_description/share/bumperbot_description/models/aws_robomaker_residential_Pillow_01/meshes/aws_Pillow_01_collision.DAE
[0.760s] -- Up-to-date: /root/AGV/install/bumperbot_description/share/bumperbot_description/models/aws_robomaker_residential_Pillow_01/meshes/aws_Pillow_01_visual.DAE
[0.760s] -- Up-to-date: /root/AGV/install/bumperbot_description/share/bumperbot_description/models/aws_robomaker_residential_Pillow_01/meshes/aws_Pillow_01_visual.DAE:Zone.Identifier
[0.761s] -- Up-to-date: /root/AGV/install/bumperbot_description/share/bumperbot_description/models/aws_robomaker_residential_Pillow_01/model.sdf
[0.761s] -- Up-to-date: /root/AGV/install/bumperbot_description/share/bumperbot_description/models/aws_robomaker_residential_Pillow_01/materials
[0.761s] -- Up-to-date: /root/AGV/install/bumperbot_description/share/bumperbot_description/models/aws_robomaker_residential_Pillow_01/materials/textures
[0.761s] -- Up-to-date: /root/AGV/install/bumperbot_description/share/bumperbot_description/models/aws_robomaker_residential_Pillow_01/materials/textures/aws_Pillow_01.png
[0.761s] -- Up-to-date: /root/AGV/install/bumperbot_description/share/bumperbot_description/models/aws_robomaker_residential_Pillow_01/materials/textures/aws_Pillow_01.png:Zone.Identifier
[0.761s] -- Up-to-date: /root/AGV/install/bumperbot_description/share/bumperbot_description/models/aws_robomaker_residential_DeskPortraitD_04
[0.761s] -- Up-to-date: /root/AGV/install/bumperbot_description/share/bumperbot_description/models/aws_robomaker_residential_DeskPortraitD_04/model.config:Zone.Identifier
[0.761s] -- Up-to-date: /root/AGV/install/bumperbot_description/share/bumperbot_description/models/aws_robomaker_residential_DeskPortraitD_04/model.sdf:Zone.Identifier
[0.761s] -- Up-to-date: /root/AGV/install/bumperbot_description/share/bumperbot_description/models/aws_robomaker_residential_DeskPortraitD_04/model.config
[0.761s] -- Up-to-date: /root/AGV/install/bumperbot_description/share/bumperbot_description/models/aws_robomaker_residential_DeskPortraitD_04/meshes
[0.761s] -- Up-to-date: /root/AGV/install/bumperbot_description/share/bumperbot_description/models/aws_robomaker_residential_DeskPortraitD_04/meshes/aws_DeskPortraitD_01_collision.DAE:Zone.Identifier
[0.762s] -- Up-to-date: /root/AGV/install/bumperbot_description/share/bumperbot_description/models/aws_robomaker_residential_DeskPortraitD_04/meshes/aws_DeskPortraitD_01_visual.DAE:Zone.Identifier
[0.762s] -- Up-to-date: /root/AGV/install/bumperbot_description/share/bumperbot_description/models/aws_robomaker_residential_DeskPortraitD_04/meshes/aws_DeskPortraitD_01_collision.DAE
[0.762s] -- Up-to-date: /root/AGV/install/bumperbot_description/share/bumperbot_description/models/aws_robomaker_residential_DeskPortraitD_04/meshes/aws_DeskPortraitD_01_visual.DAE
[0.762s] -- Up-to-date: /root/AGV/install/bumperbot_description/share/bumperbot_description/models/aws_robomaker_residential_DeskPortraitD_04/model.sdf
[0.762s] -- Up-to-date: /root/AGV/install/bumperbot_description/share/bumperbot_description/models/aws_robomaker_residential_DeskPortraitD_04/materials
[0.762s] -- Up-to-date: /root/AGV/install/bumperbot_description/share/bumperbot_description/models/aws_robomaker_residential_DeskPortraitD_04/materials/textures
[0.762s] -- Up-to-date: /root/AGV/install/bumperbot_description/share/bumperbot_description/models/aws_robomaker_residential_DeskPortraitD_04/materials/textures/aws_DeskPortraitD_02.png:Zone.Identifier
[0.763s] -- Up-to-date: /root/AGV/install/bumperbot_description/share/bumperbot_description/models/aws_robomaker_residential_DeskPortraitD_04/materials/textures/DeskPortraitD_04.jpg
[0.763s] -- Up-to-date: /root/AGV/install/bumperbot_description/share/bumperbot_description/models/aws_robomaker_residential_DeskPortraitD_04/materials/textures/aws_DeskPortraitD_01.png:Zone.Identifier
[0.763s] -- Up-to-date: /root/AGV/install/bumperbot_description/share/bumperbot_description/models/aws_robomaker_residential_DeskPortraitD_04/materials/textures/DeskPortraitD_04.jpg:Zone.Identifier
[0.763s] -- Up-to-date: /root/AGV/install/bumperbot_description/share/bumperbot_description/models/aws_robomaker_residential_DeskPortraitD_04/materials/textures/aws_DeskPortraitD_02.png
[0.763s] -- Up-to-date: /root/AGV/install/bumperbot_description/share/bumperbot_description/models/aws_robomaker_residential_DeskPortraitD_04/materials/textures/aws_DeskPortraitD_01.png
[0.764s] -- Up-to-date: /root/AGV/install/bumperbot_description/share/bumperbot_description/models/aws_robomaker_residential_PortraitB_03
[0.764s] -- Up-to-date: /root/AGV/install/bumperbot_description/share/bumperbot_description/models/aws_robomaker_residential_PortraitB_03/model.config:Zone.Identifier
[0.764s] -- Up-to-date: /root/AGV/install/bumperbot_description/share/bumperbot_description/models/aws_robomaker_residential_PortraitB_03/model.sdf:Zone.Identifier
[0.764s] -- Up-to-date: /root/AGV/install/bumperbot_description/share/bumperbot_description/models/aws_robomaker_residential_PortraitB_03/model.config
[0.764s] -- Up-to-date: /root/AGV/install/bumperbot_description/share/bumperbot_description/models/aws_robomaker_residential_PortraitB_03/meshes
[0.764s] -- Up-to-date: /root/AGV/install/bumperbot_description/share/bumperbot_description/models/aws_robomaker_residential_PortraitB_03/meshes/aws_PortraitB_01_collision.DAE:Zone.Identifier
[0.764s] -- Up-to-date: /root/AGV/install/bumperbot_description/share/bumperbot_description/models/aws_robomaker_residential_PortraitB_03/meshes/aws_PortraitB_01_visual.DAE:Zone.Identifier
[0.764s] -- Up-to-date: /root/AGV/install/bumperbot_description/share/bumperbot_description/models/aws_robomaker_residential_PortraitB_03/meshes/aws_PortraitB_01_collision.DAE
[0.764s] -- Up-to-date: /root/AGV/install/bumperbot_description/share/bumperbot_description/models/aws_robomaker_residential_PortraitB_03/meshes/aws_PortraitB_01_visual.DAE
[0.764s] -- Up-to-date: /root/AGV/install/bumperbot_description/share/bumperbot_description/models/aws_robomaker_residential_PortraitB_03/model.sdf
[0.765s] -- Up-to-date: /root/AGV/install/bumperbot_description/share/bumperbot_description/models/aws_robomaker_residential_PortraitB_03/materials
[0.765s] -- Up-to-date: /root/AGV/install/bumperbot_description/share/bumperbot_description/models/aws_robomaker_residential_PortraitB_03/materials/textures
[0.765s] -- Up-to-date: /root/AGV/install/bumperbot_description/share/bumperbot_description/models/aws_robomaker_residential_PortraitB_03/materials/textures/aws_PortraitB_01.png:Zone.Identifier
[0.765s] -- Up-to-date: /root/AGV/install/bumperbot_description/share/bumperbot_description/models/aws_robomaker_residential_PortraitB_03/materials/textures/PortraitB_03.jpg
[0.765s] -- Up-to-date: /root/AGV/install/bumperbot_description/share/bumperbot_description/models/aws_robomaker_residential_PortraitB_03/materials/textures/aws_PortraitB_02.png
[0.765s] -- Up-to-date: /root/AGV/install/bumperbot_description/share/bumperbot_description/models/aws_robomaker_residential_PortraitB_03/materials/textures/PortraitB_03.jpg:Zone.Identifier
[0.765s] -- Up-to-date: /root/AGV/install/bumperbot_description/share/bumperbot_description/models/aws_robomaker_residential_PortraitB_03/materials/textures/aws_PortraitB_01.png
[0.766s] -- Up-to-date: /root/AGV/install/bumperbot_description/share/bumperbot_description/models/aws_robomaker_residential_PortraitB_03/materials/textures/aws_PortraitB_02.png:Zone.Identifier
[0.766s] -- Up-to-date: /root/AGV/install/bumperbot_description/share/bumperbot_description/models/aws_robomaker_residential_FoldingDoor_01
[0.766s] -- Up-to-date: /root/AGV/install/bumperbot_description/share/bumperbot_description/models/aws_robomaker_residential_FoldingDoor_01/model.config:Zone.Identifier
[0.766s] -- Up-to-date: /root/AGV/install/bumperbot_description/share/bumperbot_description/models/aws_robomaker_residential_FoldingDoor_01/model.sdf:Zone.Identifier
[0.766s] -- Up-to-date: /root/AGV/install/bumperbot_description/share/bumperbot_description/models/aws_robomaker_residential_FoldingDoor_01/model.config
[0.766s] -- Up-to-date: /root/AGV/install/bumperbot_description/share/bumperbot_description/models/aws_robomaker_residential_FoldingDoor_01/meshes
[0.766s] -- Up-to-date: /root/AGV/install/bumperbot_description/share/bumperbot_description/models/aws_robomaker_residential_FoldingDoor_01/meshes/aws_FoldingDoor_01_collision.DAE:Zone.Identifier
[0.766s] -- Up-to-date: /root/AGV/install/bumperbot_description/share/bumperbot_description/models/aws_robomaker_residential_FoldingDoor_01/meshes/aws_FoldingDoor_01_visual.DAE:Zone.Identifier
[0.766s] -- Up-to-date: /root/AGV/install/bumperbot_description/share/bumperbot_description/models/aws_robomaker_residential_FoldingDoor_01/meshes/aws_FoldingDoor_01_visual.DAE
[0.767s] -- Up-to-date: /root/AGV/install/bumperbot_description/share/bumperbot_description/models/aws_robomaker_residential_FoldingDoor_01/meshes/aws_FoldingDoor_01_collision.DAE
[0.767s] -- Up-to-date: /root/AGV/install/bumperbot_description/share/bumperbot_description/models/aws_robomaker_residential_FoldingDoor_01/model.sdf
[0.767s] -- Up-to-date: /root/AGV/install/bumperbot_description/share/bumperbot_description/models/aws_robomaker_residential_FoldingDoor_01/materials
[0.767s] -- Up-to-date: /root/AGV/install/bumperbot_description/share/bumperbot_description/models/aws_robomaker_residential_FoldingDoor_01/materials/textures
[0.767s] -- Up-to-date: /root/AGV/install/bumperbot_description/share/bumperbot_description/models/aws_robomaker_residential_FoldingDoor_01/materials/textures/aws_FoldingDoor_01.png:Zone.Identifier
[0.767s] -- Up-to-date: /root/AGV/install/bumperbot_description/share/bumperbot_description/models/aws_robomaker_residential_FoldingDoor_01/materials/textures/aws_FoldingDoor_01.png
[0.767s] -- Up-to-date: /root/AGV/install/bumperbot_description/share/bumperbot_description/models/aws_robomaker_residential_AirconditionerB_01
[0.767s] -- Up-to-date: /root/AGV/install/bumperbot_description/share/bumperbot_description/models/aws_robomaker_residential_AirconditionerB_01/model.config:Zone.Identifier
[0.767s] -- Up-to-date: /root/AGV/install/bumperbot_description/share/bumperbot_description/models/aws_robomaker_residential_AirconditionerB_01/model.sdf:Zone.Identifier
[0.767s] -- Up-to-date: /root/AGV/install/bumperbot_description/share/bumperbot_description/models/aws_robomaker_residential_AirconditionerB_01/model.config
[0.767s] -- Up-to-date: /root/AGV/install/bumperbot_description/share/bumperbot_description/models/aws_robomaker_residential_AirconditionerB_01/meshes
[0.767s] -- Up-to-date: /root/AGV/install/bumperbot_description/share/bumperbot_description/models/aws_robomaker_residential_AirconditionerB_01/meshes/aws_AirconditionerB_01_collision.DAE
[0.768s] -- Up-to-date: /root/AGV/install/bumperbot_description/share/bumperbot_description/models/aws_robomaker_residential_AirconditionerB_01/meshes/aws_AirconditionerB_01_collision.DAE:Zone.Identifier
[0.768s] -- Up-to-date: /root/AGV/install/bumperbot_description/share/bumperbot_description/models/aws_robomaker_residential_AirconditionerB_01/meshes/aws_AirconditionerB_01_visual.DAE:Zone.Identifier
[0.768s] -- Up-to-date: /root/AGV/install/bumperbot_description/share/bumperbot_description/models/aws_robomaker_residential_AirconditionerB_01/meshes/aws_AirconditionerB_01_visual.DAE
[0.768s] -- Up-to-date: /root/AGV/install/bumperbot_description/share/bumperbot_description/models/aws_robomaker_residential_AirconditionerB_01/model.sdf
[0.768s] -- Up-to-date: /root/AGV/install/bumperbot_description/share/bumperbot_description/models/aws_robomaker_residential_AirconditionerB_01/materials
[0.768s] -- Up-to-date: /root/AGV/install/bumperbot_description/share/bumperbot_description/models/aws_robomaker_residential_AirconditionerB_01/materials/textures
[0.768s] -- Up-to-date: /root/AGV/install/bumperbot_description/share/bumperbot_description/models/aws_robomaker_residential_AirconditionerB_01/materials/textures/aws_AirconditionerB_01.png
[0.768s] -- Up-to-date: /root/AGV/install/bumperbot_description/share/bumperbot_description/models/aws_robomaker_residential_AirconditionerB_01/materials/textures/aws_AirconditionerB_01.png:Zone.Identifier
[0.768s] -- Up-to-date: /root/AGV/install/bumperbot_description/share/bumperbot_description/models/aws_robomaker_residential_NightStand_01
[0.768s] -- Up-to-date: /root/AGV/install/bumperbot_description/share/bumperbot_description/models/aws_robomaker_residential_NightStand_01/model.config:Zone.Identifier
[0.768s] -- Up-to-date: /root/AGV/install/bumperbot_description/share/bumperbot_description/models/aws_robomaker_residential_NightStand_01/model.sdf:Zone.Identifier
[0.768s] -- Up-to-date: /root/AGV/install/bumperbot_description/share/bumperbot_description/models/aws_robomaker_residential_NightStand_01/model.config
[0.769s] -- Up-to-date: /root/AGV/install/bumperbot_description/share/bumperbot_description/models/aws_robomaker_residential_NightStand_01/meshes
[0.769s] -- Up-to-date: /root/AGV/install/bumperbot_description/share/bumperbot_description/models/aws_robomaker_residential_NightStand_01/meshes/aws_NightStand_01_collision.DAE:Zone.Identifier
[0.769s] -- Up-to-date: /root/AGV/install/bumperbot_description/share/bumperbot_description/models/aws_robomaker_residential_NightStand_01/meshes/aws_NightStand_01_visual.DAE
[0.769s] -- Up-to-date: /root/AGV/install/bumperbot_description/share/bumperbot_description/models/aws_robomaker_residential_NightStand_01/meshes/aws_NightStand_01_collision.DAE
[0.773s] -- Up-to-date: /root/AGV/install/bumperbot_description/share/bumperbot_description/models/aws_robomaker_residential_NightStand_01/meshes/aws_NightStand_01_visual.DAE:Zone.Identifier
[0.777s] -- Up-to-date: /root/AGV/install/bumperbot_description/share/bumperbot_description/models/aws_robomaker_residential_NightStand_01/model.sdf
[0.778s] -- Up-to-date: /root/AGV/install/bumperbot_description/share/bumperbot_description/models/aws_robomaker_residential_NightStand_01/materials
[0.778s] -- Up-to-date: /root/AGV/install/bumperbot_description/share/bumperbot_description/models/aws_robomaker_residential_NightStand_01/materials/textures
[0.778s] -- Up-to-date: /root/AGV/install/bumperbot_description/share/bumperbot_description/models/aws_robomaker_residential_NightStand_01/materials/textures/aws_NightStand_01.png:Zone.Identifier
[0.778s] -- Up-to-date: /root/AGV/install/bumperbot_description/share/bumperbot_description/models/aws_robomaker_residential_NightStand_01/materials/textures/aws_NightStand_01.png
[0.778s] -- Up-to-date: /root/AGV/install/bumperbot_description/share/bumperbot_description/models/aws_robomaker_residential_ReadingDesk_01
[0.778s] -- Up-to-date: /root/AGV/install/bumperbot_description/share/bumperbot_description/models/aws_robomaker_residential_ReadingDesk_01/model.config:Zone.Identifier
[0.778s] -- Up-to-date: /root/AGV/install/bumperbot_description/share/bumperbot_description/models/aws_robomaker_residential_ReadingDesk_01/model.sdf:Zone.Identifier
[0.783s] -- Up-to-date: /root/AGV/install/bumperbot_description/share/bumperbot_description/models/aws_robomaker_residential_ReadingDesk_01/model.config
[0.783s] -- Up-to-date: /root/AGV/install/bumperbot_description/share/bumperbot_description/models/aws_robomaker_residential_ReadingDesk_01/meshes
[0.783s] -- Up-to-date: /root/AGV/install/bumperbot_description/share/bumperbot_description/models/aws_robomaker_residential_ReadingDesk_01/meshes/aws_ReadingDesk_01_collision.DAE
[0.784s] -- Up-to-date: /root/AGV/install/bumperbot_description/share/bumperbot_description/models/aws_robomaker_residential_ReadingDesk_01/meshes/aws_ReadingDesk_01_visual.DAE:Zone.Identifier
[0.784s] -- Up-to-date: /root/AGV/install/bumperbot_description/share/bumperbot_description/models/aws_robomaker_residential_ReadingDesk_01/meshes/aws_ReadingDesk_01_collision.DAE:Zone.Identifier
[0.784s] -- Up-to-date: /root/AGV/install/bumperbot_description/share/bumperbot_description/models/aws_robomaker_residential_ReadingDesk_01/meshes/aws_ReadingDesk_01_visual.DAE
[0.784s] -- Up-to-date: /root/AGV/install/bumperbot_description/share/bumperbot_description/models/aws_robomaker_residential_ReadingDesk_01/model.sdf
[0.784s] -- Up-to-date: /root/AGV/install/bumperbot_description/share/bumperbot_description/models/aws_robomaker_residential_ReadingDesk_01/materials
[0.784s] -- Up-to-date: /root/AGV/install/bumperbot_description/share/bumperbot_description/models/aws_robomaker_residential_ReadingDesk_01/materials/textures
[0.784s] -- Up-to-date: /root/AGV/install/bumperbot_description/share/bumperbot_description/models/aws_robomaker_residential_ReadingDesk_01/materials/textures/aws_ReadingDesk_01.png:Zone.Identifier
[0.784s] -- Up-to-date: /root/AGV/install/bumperbot_description/share/bumperbot_description/models/aws_robomaker_residential_ReadingDesk_01/materials/textures/aws_ReadingDesk_01.png
[0.784s] -- Up-to-date: /root/AGV/install/bumperbot_description/share/bumperbot_description/models/aws_robomaker_residential_KitchenTable_01
[0.784s] -- Up-to-date: /root/AGV/install/bumperbot_description/share/bumperbot_description/models/aws_robomaker_residential_KitchenTable_01/model.config:Zone.Identifier
[0.784s] -- Up-to-date: /root/AGV/install/bumperbot_description/share/bumperbot_description/models/aws_robomaker_residential_KitchenTable_01/model.sdf:Zone.Identifier
[0.785s] -- Up-to-date: /root/AGV/install/bumperbot_description/share/bumperbot_description/models/aws_robomaker_residential_KitchenTable_01/model.config
[0.785s] -- Up-to-date: /root/AGV/install/bumperbot_description/share/bumperbot_description/models/aws_robomaker_residential_KitchenTable_01/meshes
[0.785s] -- Up-to-date: /root/AGV/install/bumperbot_description/share/bumperbot_description/models/aws_robomaker_residential_KitchenTable_01/meshes/aws_KitchenTable_01_collision.DAE
[0.785s] -- Up-to-date: /root/AGV/install/bumperbot_description/share/bumperbot_description/models/aws_robomaker_residential_KitchenTable_01/meshes/aws_KitchenTable_01_visual.DAE:Zone.Identifier
[0.785s] -- Up-to-date: /root/AGV/install/bumperbot_description/share/bumperbot_description/models/aws_robomaker_residential_KitchenTable_01/meshes/aws_KitchenTable_01_visual.DAE
[0.785s] -- Up-to-date: /root/AGV/install/bumperbot_description/share/bumperbot_description/models/aws_robomaker_residential_KitchenTable_01/meshes/aws_KitchenTable_01_collision.DAE:Zone.Identifier
[0.785s] -- Up-to-date: /root/AGV/install/bumperbot_description/share/bumperbot_description/models/aws_robomaker_residential_KitchenTable_01/model.sdf
[0.785s] -- Up-to-date: /root/AGV/install/bumperbot_description/share/bumperbot_description/models/aws_robomaker_residential_KitchenTable_01/materials
[0.785s] -- Up-to-date: /root/AGV/install/bumperbot_description/share/bumperbot_description/models/aws_robomaker_residential_KitchenTable_01/materials/textures
[0.785s] -- Up-to-date: /root/AGV/install/bumperbot_description/share/bumperbot_description/models/aws_robomaker_residential_KitchenTable_01/materials/textures/aws_KitchenTable_01.png:Zone.Identifier
[0.785s] -- Up-to-date: /root/AGV/install/bumperbot_description/share/bumperbot_description/models/aws_robomaker_residential_KitchenTable_01/materials/textures/aws_KitchenTable_01.png
[0.786s] -- Up-to-date: /root/AGV/install/bumperbot_description/share/bumperbot_description/models/aws_robomaker_residential_PortraitE_02
[0.786s] -- Up-to-date: /root/AGV/install/bumperbot_description/share/bumperbot_description/models/aws_robomaker_residential_PortraitE_02/model.config:Zone.Identifier
[0.786s] -- Up-to-date: /root/AGV/install/bumperbot_description/share/bumperbot_description/models/aws_robomaker_residential_PortraitE_02/model.sdf:Zone.Identifier
[0.786s] -- Up-to-date: /root/AGV/install/bumperbot_description/share/bumperbot_description/models/aws_robomaker_residential_PortraitE_02/model.config
[0.786s] -- Up-to-date: /root/AGV/install/bumperbot_description/share/bumperbot_description/models/aws_robomaker_residential_PortraitE_02/meshes
[0.786s] -- Up-to-date: /root/AGV/install/bumperbot_description/share/bumperbot_description/models/aws_robomaker_residential_PortraitE_02/meshes/aws_PortraitE_01_visual.DAE:Zone.Identifier
[0.786s] -- Up-to-date: /root/AGV/install/bumperbot_description/share/bumperbot_description/models/aws_robomaker_residential_PortraitE_02/meshes/aws_PortraitE_01_collision.DAE:Zone.Identifier
[0.786s] -- Up-to-date: /root/AGV/install/bumperbot_description/share/bumperbot_description/models/aws_robomaker_residential_PortraitE_02/meshes/aws_PortraitE_01_collision.DAE
[0.786s] -- Up-to-date: /root/AGV/install/bumperbot_description/share/bumperbot_description/models/aws_robomaker_residential_PortraitE_02/meshes/aws_PortraitE_01_visual.DAE
[0.786s] -- Up-to-date: /root/AGV/install/bumperbot_description/share/bumperbot_description/models/aws_robomaker_residential_PortraitE_02/model.sdf
[0.786s] -- Up-to-date: /root/AGV/install/bumperbot_description/share/bumperbot_description/models/aws_robomaker_residential_PortraitE_02/materials
[0.786s] -- Up-to-date: /root/AGV/install/bumperbot_description/share/bumperbot_description/models/aws_robomaker_residential_PortraitE_02/materials/textures
[0.787s] -- Up-to-date: /root/AGV/install/bumperbot_description/share/bumperbot_description/models/aws_robomaker_residential_PortraitE_02/materials/textures/aws_PortraitE_02.png
[0.787s] -- Up-to-date: /root/AGV/install/bumperbot_description/share/bumperbot_description/models/aws_robomaker_residential_PortraitE_02/materials/textures/PortraitE_02.jpg:Zone.Identifier
[0.787s] -- Up-to-date: /root/AGV/install/bumperbot_description/share/bumperbot_description/models/aws_robomaker_residential_PortraitE_02/materials/textures/aws_PortraitE_01.png
[0.787s] -- Up-to-date: /root/AGV/install/bumperbot_description/share/bumperbot_description/models/aws_robomaker_residential_PortraitE_02/materials/textures/aws_PortraitE_02.png:Zone.Identifier
[0.788s] -- Up-to-date: /root/AGV/install/bumperbot_description/share/bumperbot_description/models/aws_robomaker_residential_PortraitE_02/materials/textures/aws_PortraitE_01.png:Zone.Identifier
[0.788s] -- Up-to-date: /root/AGV/install/bumperbot_description/share/bumperbot_description/models/aws_robomaker_residential_PortraitE_02/materials/textures/PortraitE_02.jpg
[0.788s] -- Up-to-date: /root/AGV/install/bumperbot_description/share/bumperbot_description/models/aws_robomaker_residential_FloorB_01
[0.788s] -- Up-to-date: /root/AGV/install/bumperbot_description/share/bumperbot_description/models/aws_robomaker_residential_FloorB_01/model.config:Zone.Identifier
[0.788s] -- Up-to-date: /root/AGV/install/bumperbot_description/share/bumperbot_description/models/aws_robomaker_residential_FloorB_01/model.sdf:Zone.Identifier
[0.789s] -- Up-to-date: /root/AGV/install/bumperbot_description/share/bumperbot_description/models/aws_robomaker_residential_FloorB_01/model.config
[0.789s] -- Up-to-date: /root/AGV/install/bumperbot_description/share/bumperbot_description/models/aws_robomaker_residential_FloorB_01/meshes
[0.789s] -- Up-to-date: /root/AGV/install/bumperbot_description/share/bumperbot_description/models/aws_robomaker_residential_FloorB_01/meshes/aws_FloorB_01_visual.DAE
[0.789s] -- Up-to-date: /root/AGV/install/bumperbot_description/share/bumperbot_description/models/aws_robomaker_residential_FloorB_01/meshes/aws_FloorB_01_visual.DAE:Zone.Identifier
[0.790s] -- Up-to-date: /root/AGV/install/bumperbot_description/share/bumperbot_description/models/aws_robomaker_residential_FloorB_01/meshes/aws_FloorB_01_collision.DAE
[0.790s] -- Up-to-date: /root/AGV/install/bumperbot_description/share/bumperbot_description/models/aws_robomaker_residential_FloorB_01/meshes/aws_FloorB_01_collision.DAE:Zone.Identifier
[0.790s] -- Up-to-date: /root/AGV/install/bumperbot_description/share/bumperbot_description/models/aws_robomaker_residential_FloorB_01/model.sdf
[0.790s] -- Up-to-date: /root/AGV/install/bumperbot_description/share/bumperbot_description/models/aws_robomaker_residential_FloorB_01/materials
[0.790s] -- Up-to-date: /root/AGV/install/bumperbot_description/share/bumperbot_description/models/aws_robomaker_residential_FloorB_01/materials/textures
[0.790s] -- Up-to-date: /root/AGV/install/bumperbot_description/share/bumperbot_description/models/aws_robomaker_residential_FloorB_01/materials/textures/aws_FloorB_01.png
[0.790s] -- Up-to-date: /root/AGV/install/bumperbot_description/share/bumperbot_description/models/aws_robomaker_residential_FloorB_01/materials/textures/aws_FloorB_01.png:Zone.Identifier
[0.790s] -- Up-to-date: /root/AGV/install/bumperbot_description/share/bumperbot_description/models/aws_robomaker_residential_PortraitA_02
[0.790s] -- Up-to-date: /root/AGV/install/bumperbot_description/share/bumperbot_description/models/aws_robomaker_residential_PortraitA_02/model.config:Zone.Identifier
[0.790s] -- Up-to-date: /root/AGV/install/bumperbot_description/share/bumperbot_description/models/aws_robomaker_residential_PortraitA_02/model.sdf:Zone.Identifier
[0.790s] -- Up-to-date: /root/AGV/install/bumperbot_description/share/bumperbot_description/models/aws_robomaker_residential_PortraitA_02/model.config
[0.790s] -- Up-to-date: /root/AGV/install/bumperbot_description/share/bumperbot_description/models/aws_robomaker_residential_PortraitA_02/meshes
[0.790s] -- Up-to-date: /root/AGV/install/bumperbot_description/share/bumperbot_description/models/aws_robomaker_residential_PortraitA_02/meshes/aws_PortraitA_01_collision.DAE:Zone.Identifier
[0.790s] -- Up-to-date: /root/AGV/install/bumperbot_description/share/bumperbot_description/models/aws_robomaker_residential_PortraitA_02/meshes/aws_PortraitA_01_collision.DAE
[0.791s] -- Up-to-date: /root/AGV/install/bumperbot_description/share/bumperbot_description/models/aws_robomaker_residential_PortraitA_02/meshes/aws_PortraitA_01_visual.DAE:Zone.Identifier
[0.791s] -- Up-to-date: /root/AGV/install/bumperbot_description/share/bumperbot_description/models/aws_robomaker_residential_PortraitA_02/meshes/aws_PortraitA_01_visual.DAE
[0.791s] -- Up-to-date: /root/AGV/install/bumperbot_description/share/bumperbot_description/models/aws_robomaker_residential_PortraitA_02/model.sdf
[0.792s] -- Up-to-date: /root/AGV/install/bumperbot_description/share/bumperbot_description/models/aws_robomaker_residential_PortraitA_02/materials
[0.792s] -- Up-to-date: /root/AGV/install/bumperbot_description/share/bumperbot_description/models/aws_robomaker_residential_PortraitA_02/materials/textures
[0.792s] -- Up-to-date: /root/AGV/install/bumperbot_description/share/bumperbot_description/models/aws_robomaker_residential_PortraitA_02/materials/textures/PortraitA_02.jpg
[0.792s] -- Up-to-date: /root/AGV/install/bumperbot_description/share/bumperbot_description/models/aws_robomaker_residential_PortraitA_02/materials/textures/aws_PortraitA_01.png
[0.792s] -- Up-to-date: /root/AGV/install/bumperbot_description/share/bumperbot_description/models/aws_robomaker_residential_PortraitA_02/materials/textures/aws_PortraitA_01.png:Zone.Identifier
[0.793s] -- Up-to-date: /root/AGV/install/bumperbot_description/share/bumperbot_description/models/aws_robomaker_residential_PortraitA_02/materials/textures/aws_PortraitA_02.png:Zone.Identifier
[0.793s] -- Up-to-date: /root/AGV/install/bumperbot_description/share/bumperbot_description/models/aws_robomaker_residential_PortraitA_02/materials/textures/aws_PortraitA_02.png
[0.793s] -- Up-to-date: /root/AGV/install/bumperbot_description/share/bumperbot_description/models/aws_robomaker_residential_PortraitA_02/materials/textures/PortraitA_02.jpg:Zone.Identifier
[0.793s] -- Up-to-date: /root/AGV/install/bumperbot_description/share/bumperbot_description/models/aws_robomaker_residential_BalconyTable_01
[0.794s] -- Up-to-date: /root/AGV/install/bumperbot_description/share/bumperbot_description/models/aws_robomaker_residential_BalconyTable_01/model.config:Zone.Identifier
[0.794s] -- Up-to-date: /root/AGV/install/bumperbot_description/share/bumperbot_description/models/aws_robomaker_residential_BalconyTable_01/model.sdf:Zone.Identifier
[0.794s] -- Up-to-date: /root/AGV/install/bumperbot_description/share/bumperbot_description/models/aws_robomaker_residential_BalconyTable_01/model.config
[0.794s] -- Up-to-date: /root/AGV/install/bumperbot_description/share/bumperbot_description/models/aws_robomaker_residential_BalconyTable_01/meshes
[0.794s] -- Up-to-date: /root/AGV/install/bumperbot_description/share/bumperbot_description/models/aws_robomaker_residential_BalconyTable_01/meshes/aws_BalconyTable_01_visual.DAE:Zone.Identifier
[0.794s] -- Up-to-date: /root/AGV/install/bumperbot_description/share/bumperbot_description/models/aws_robomaker_residential_BalconyTable_01/meshes/aws_BalconyTable_01_collision.DAE:Zone.Identifier
[0.794s] -- Up-to-date: /root/AGV/install/bumperbot_description/share/bumperbot_description/models/aws_robomaker_residential_BalconyTable_01/meshes/aws_BalconyTable_01_collision.DAE
[0.794s] -- Up-to-date: /root/AGV/install/bumperbot_description/share/bumperbot_description/models/aws_robomaker_residential_BalconyTable_01/meshes/aws_BalconyTable_01_visual.DAE
[0.794s] -- Up-to-date: /root/AGV/install/bumperbot_description/share/bumperbot_description/models/aws_robomaker_residential_BalconyTable_01/model.sdf
[0.794s] -- Up-to-date: /root/AGV/install/bumperbot_description/share/bumperbot_description/models/aws_robomaker_residential_BalconyTable_01/materials
[0.794s] -- Up-to-date: /root/AGV/install/bumperbot_description/share/bumperbot_description/models/aws_robomaker_residential_BalconyTable_01/materials/textures
[0.795s] -- Up-to-date: /root/AGV/install/bumperbot_description/share/bumperbot_description/models/aws_robomaker_residential_BalconyTable_01/materials/textures/aws_BalconyTable_01.png
[0.795s] -- Up-to-date: /root/AGV/install/bumperbot_description/share/bumperbot_description/models/aws_robomaker_residential_BalconyTable_01/materials/textures/aws_BalconyTable_01.png:Zone.Identifier
[0.795s] -- Up-to-date: /root/AGV/install/bumperbot_description/share/bumperbot_description/models/aws_robomaker_residential_SecurityCamera_01
[0.795s] -- Up-to-date: /root/AGV/install/bumperbot_description/share/bumperbot_description/models/aws_robomaker_residential_SecurityCamera_01/model.config:Zone.Identifier
[0.795s] -- Up-to-date: /root/AGV/install/bumperbot_description/share/bumperbot_description/models/aws_robomaker_residential_SecurityCamera_01/model.sdf:Zone.Identifier
[0.796s] -- Up-to-date: /root/AGV/install/bumperbot_description/share/bumperbot_description/models/aws_robomaker_residential_SecurityCamera_01/model.config
[0.796s] -- Up-to-date: /root/AGV/install/bumperbot_description/share/bumperbot_description/models/aws_robomaker_residential_SecurityCamera_01/meshes
[0.796s] -- Up-to-date: /root/AGV/install/bumperbot_description/share/bumperbot_description/models/aws_robomaker_residential_SecurityCamera_01/meshes/aws_SecurityCamera_01_visual.DAE
[0.796s] -- Up-to-date: /root/AGV/install/bumperbot_description/share/bumperbot_description/models/aws_robomaker_residential_SecurityCamera_01/meshes/aws_SecurityCamera_01_visual.DAE:Zone.Identifier
[0.796s] -- Up-to-date: /root/AGV/install/bumperbot_description/share/bumperbot_description/models/aws_robomaker_residential_SecurityCamera_01/meshes/aws_SecurityCamera_01_collision.DAE
[0.796s] -- Up-to-date: /root/AGV/install/bumperbot_description/share/bumperbot_description/models/aws_robomaker_residential_SecurityCamera_01/meshes/aws_SecurityCamera_01_collision.DAE:Zone.Identifier
[0.796s] -- Up-to-date: /root/AGV/install/bumperbot_description/share/bumperbot_description/models/aws_robomaker_residential_SecurityCamera_01/model.sdf
[0.796s] -- Up-to-date: /root/AGV/install/bumperbot_description/share/bumperbot_description/models/aws_robomaker_residential_SecurityCamera_01/materials
[0.796s] -- Up-to-date: /root/AGV/install/bumperbot_description/share/bumperbot_description/models/aws_robomaker_residential_SecurityCamera_01/materials/textures
[0.796s] -- Up-to-date: /root/AGV/install/bumperbot_description/share/bumperbot_description/models/aws_robomaker_residential_SecurityCamera_01/materials/textures/aws_SecurityCamera_01.png:Zone.Identifier
[0.796s] -- Up-to-date: /root/AGV/install/bumperbot_description/share/bumperbot_description/models/aws_robomaker_residential_SecurityCamera_01/materials/textures/aws_SecurityCamera_01.png
[0.797s] -- Up-to-date: /root/AGV/install/bumperbot_description/share/bumperbot_description/models/aws_robomaker_residential_Rangehood_01
[0.797s] -- Up-to-date: /root/AGV/install/bumperbot_description/share/bumperbot_description/models/aws_robomaker_residential_Rangehood_01/model.config:Zone.Identifier
[0.799s] -- Up-to-date: /root/AGV/install/bumperbot_description/share/bumperbot_description/models/aws_robomaker_residential_Rangehood_01/model.sdf:Zone.Identifier
[0.799s] -- Up-to-date: /root/AGV/install/bumperbot_description/share/bumperbot_description/models/aws_robomaker_residential_Rangehood_01/model.config
[0.800s] -- Up-to-date: /root/AGV/install/bumperbot_description/share/bumperbot_description/models/aws_robomaker_residential_Rangehood_01/meshes
[0.800s] -- Up-to-date: /root/AGV/install/bumperbot_description/share/bumperbot_description/models/aws_robomaker_residential_Rangehood_01/meshes/aws_Rangehood_01_collision.DAE
[0.800s] -- Up-to-date: /root/AGV/install/bumperbot_description/share/bumperbot_description/models/aws_robomaker_residential_Rangehood_01/meshes/aws_Rangehood_01_visual.DAE
[0.800s] -- Up-to-date: /root/AGV/install/bumperbot_description/share/bumperbot_description/models/aws_robomaker_residential_Rangehood_01/meshes/aws_Rangehood_01_collision.DAE:Zone.Identifier
[0.800s] -- Up-to-date: /root/AGV/install/bumperbot_description/share/bumperbot_description/models/aws_robomaker_residential_Rangehood_01/meshes/aws_Rangehood_01_visual.DAE:Zone.Identifier
[0.800s] -- Up-to-date: /root/AGV/install/bumperbot_description/share/bumperbot_description/models/aws_robomaker_residential_Rangehood_01/model.sdf
[0.801s] -- Up-to-date: /root/AGV/install/bumperbot_description/share/bumperbot_description/models/aws_robomaker_residential_Rangehood_01/materials
[0.801s] -- Up-to-date: /root/AGV/install/bumperbot_description/share/bumperbot_description/models/aws_robomaker_residential_Rangehood_01/materials/textures
[0.801s] -- Up-to-date: /root/AGV/install/bumperbot_description/share/bumperbot_description/models/aws_robomaker_residential_Rangehood_01/materials/textures/aws_Rangehood_01.png
[0.801s] -- Up-to-date: /root/AGV/install/bumperbot_description/share/bumperbot_description/models/aws_robomaker_residential_Rangehood_01/materials/textures/aws_Rangehood_01.png:Zone.Identifier
[0.801s] -- Up-to-date: /root/AGV/install/bumperbot_description/share/bumperbot_description/models/aws_robomaker_residential_DeskPortraitC_02
[0.801s] -- Up-to-date: /root/AGV/install/bumperbot_description/share/bumperbot_description/models/aws_robomaker_residential_DeskPortraitC_02/model.config:Zone.Identifier
[0.803s] -- Up-to-date: /root/AGV/install/bumperbot_description/share/bumperbot_description/models/aws_robomaker_residential_DeskPortraitC_02/model.sdf:Zone.Identifier
[0.803s] -- Up-to-date: /root/AGV/install/bumperbot_description/share/bumperbot_description/models/aws_robomaker_residential_DeskPortraitC_02/model.config
[0.803s] -- Up-to-date: /root/AGV/install/bumperbot_description/share/bumperbot_description/models/aws_robomaker_residential_DeskPortraitC_02/meshes
[0.803s] -- Up-to-date: /root/AGV/install/bumperbot_description/share/bumperbot_description/models/aws_robomaker_residential_DeskPortraitC_02/meshes/aws_DeskPortraitC_01_collision.DAE
[0.803s] -- Up-to-date: /root/AGV/install/bumperbot_description/share/bumperbot_description/models/aws_robomaker_residential_DeskPortraitC_02/meshes/aws_DeskPortraitC_01_visual.DAE
[0.804s] -- Up-to-date: /root/AGV/install/bumperbot_description/share/bumperbot_description/models/aws_robomaker_residential_DeskPortraitC_02/meshes/aws_DeskPortraitC_01_collision.DAE:Zone.Identifier
[0.804s] -- Up-to-date: /root/AGV/install/bumperbot_description/share/bumperbot_description/models/aws_robomaker_residential_DeskPortraitC_02/meshes/aws_DeskPortraitC_01_visual.DAE:Zone.Identifier
[0.804s] -- Up-to-date: /root/AGV/install/bumperbot_description/share/bumperbot_description/models/aws_robomaker_residential_DeskPortraitC_02/model.sdf
[0.804s] -- Up-to-date: /root/AGV/install/bumperbot_description/share/bumperbot_description/models/aws_robomaker_residential_DeskPortraitC_02/materials
[0.804s] -- Up-to-date: /root/AGV/install/bumperbot_description/share/bumperbot_description/models/aws_robomaker_residential_DeskPortraitC_02/materials/textures
[0.805s] -- Up-to-date: /root/AGV/install/bumperbot_description/share/bumperbot_description/models/aws_robomaker_residential_DeskPortraitC_02/materials/textures/DeskPortraitC_02.jpg
[0.805s] -- Up-to-date: /root/AGV/install/bumperbot_description/share/bumperbot_description/models/aws_robomaker_residential_DeskPortraitC_02/materials/textures/aws_DeskPortraitC_01.png
[0.805s] -- Up-to-date: /root/AGV/install/bumperbot_description/share/bumperbot_description/models/aws_robomaker_residential_DeskPortraitC_02/materials/textures/aws_DeskPortraitC_02.png:Zone.Identifier
[0.805s] -- Up-to-date: /root/AGV/install/bumperbot_description/share/bumperbot_description/models/aws_robomaker_residential_DeskPortraitC_02/materials/textures/aws_DeskPortraitC_02.png
[0.805s] -- Up-to-date: /root/AGV/install/bumperbot_description/share/bumperbot_description/models/aws_robomaker_residential_DeskPortraitC_02/materials/textures/aws_DeskPortraitC_01.png:Zone.Identifier
[0.806s] -- Up-to-date: /root/AGV/install/bumperbot_description/share/bumperbot_description/models/aws_robomaker_residential_DeskPortraitC_02/materials/textures/DeskPortraitC_02.jpg:Zone.Identifier
[0.806s] -- Up-to-date: /root/AGV/install/bumperbot_description/share/bumperbot_description/models/aws_robomaker_residential_Board_01
[0.806s] -- Up-to-date: /root/AGV/install/bumperbot_description/share/bumperbot_description/models/aws_robomaker_residential_Board_01/model.config:Zone.Identifier
[0.806s] -- Up-to-date: /root/AGV/install/bumperbot_description/share/bumperbot_description/models/aws_robomaker_residential_Board_01/model.sdf:Zone.Identifier
[0.807s] -- Up-to-date: /root/AGV/install/bumperbot_description/share/bumperbot_description/models/aws_robomaker_residential_Board_01/model.config
[0.807s] -- Up-to-date: /root/AGV/install/bumperbot_description/share/bumperbot_description/models/aws_robomaker_residential_Board_01/meshes
[0.808s] -- Up-to-date: /root/AGV/install/bumperbot_description/share/bumperbot_description/models/aws_robomaker_residential_Board_01/meshes/aws_Board_01_collision.DAE
[0.808s] -- Up-to-date: /root/AGV/install/bumperbot_description/share/bumperbot_description/models/aws_robomaker_residential_Board_01/meshes/aws_Board_01_collision.DAE:Zone.Identifier
[0.808s] -- Up-to-date: /root/AGV/install/bumperbot_description/share/bumperbot_description/models/aws_robomaker_residential_Board_01/meshes/aws_Board_01_visual.DAE:Zone.Identifier
[0.808s] -- Up-to-date: /root/AGV/install/bumperbot_description/share/bumperbot_description/models/aws_robomaker_residential_Board_01/meshes/aws_Board_01_visual.DAE
[0.808s] -- Up-to-date: /root/AGV/install/bumperbot_description/share/bumperbot_description/models/aws_robomaker_residential_Board_01/model.sdf
[0.808s] -- Up-to-date: /root/AGV/install/bumperbot_description/share/bumperbot_description/models/aws_robomaker_residential_Board_01/materials
[0.808s] -- Up-to-date: /root/AGV/install/bumperbot_description/share/bumperbot_description/models/aws_robomaker_residential_Board_01/materials/textures
[0.808s] -- Up-to-date: /root/AGV/install/bumperbot_description/share/bumperbot_description/models/aws_robomaker_residential_Board_01/materials/textures/aws_Board_01.png
[0.808s] -- Up-to-date: /root/AGV/install/bumperbot_description/share/bumperbot_description/models/aws_robomaker_residential_Board_01/materials/textures/aws_Board_01.png:Zone.Identifier
[0.808s] -- Up-to-date: /root/AGV/install/bumperbot_description/share/bumperbot_description/models/willowgarage
[0.808s] -- Up-to-date: /root/AGV/install/bumperbot_description/share/bumperbot_description/models/willowgarage/meshes
[0.808s] -- Up-to-date: /root/AGV/install/bumperbot_description/share/bumperbot_description/models/willowgarage/meshes/willowgarage_collision.dae:Zone.Identifier
[0.809s] -- Up-to-date: /root/AGV/install/bumperbot_description/share/bumperbot_description/models/willowgarage/meshes/willowgarage_collision.dae
[0.809s] -- Up-to-date: /root/AGV/install/bumperbot_description/share/bumperbot_description/models/willowgarage/meshes/willowgarage_visual.dae
[0.809s] -- Up-to-date: /root/AGV/install/bumperbot_description/share/bumperbot_description/models/willowgarage/meshes/willowgarage_visual.dae:Zone.Identifier
[0.809s] -- Up-to-date: /root/AGV/install/bumperbot_description/share/bumperbot_description/models/willowgarage/materials
[0.809s] -- Up-to-date: /root/AGV/install/bumperbot_description/share/bumperbot_description/models/willowgarage/materials/textures
[0.809s] -- Up-to-date: /root/AGV/install/bumperbot_description/share/bumperbot_description/models/willowgarage/materials/textures/Wood_Bamboo_Medium_.png
[0.809s] -- Up-to-date: /root/AGV/install/bumperbot_description/share/bumperbot_description/models/willowgarage/materials/textures/__Wood_Bamboo_Medium_1.png:Zone.Identifier
[0.809s] -- Up-to-date: /root/AGV/install/bumperbot_description/share/bumperbot_description/models/willowgarage/materials/textures/Wood_Cherry_Original_.png:Zone.Identifier
[0.811s] -- Up-to-date: /root/AGV/install/bumperbot_description/share/bumperbot_description/models/willowgarage/materials/textures/Wood_Bamboo_Medium_.png:Zone.Identifier
[0.812s] -- Up-to-date: /root/AGV/install/bumperbot_description/share/bumperbot_description/models/willowgarage/materials/textures/__auto_12.png:Zone.Identifier
[0.812s] -- Up-to-date: /root/AGV/install/bumperbot_description/share/bumperbot_description/models/willowgarage/materials/textures/__auto_12.png
[0.812s] -- Up-to-date: /root/AGV/install/bumperbot_description/share/bumperbot_description/models/willowgarage/materials/textures/__auto_2.png:Zone.Identifier
[0.812s] -- Up-to-date: /root/AGV/install/bumperbot_description/share/bumperbot_description/models/willowgarage/materials/textures/__auto_2.png
[0.812s] -- Up-to-date: /root/AGV/install/bumperbot_description/share/bumperbot_description/models/willowgarage/materials/textures/Wood_Cherry_Original_.png
[0.813s] -- Up-to-date: /root/AGV/install/bumperbot_description/share/bumperbot_description/models/willowgarage/materials/textures/Stone_Brushed_Khaki_.png
[0.813s] -- Up-to-date: /root/AGV/install/bumperbot_description/share/bumperbot_description/models/willowgarage/materials/textures/Carpet_Berber_Pattern_Gray_.png:Zone.Identifier
[0.813s] -- Up-to-date: /root/AGV/install/bumperbot_description/share/bumperbot_description/models/willowgarage/materials/textures/__Wood_Bamboo_Medium_1.png
[0.813s] -- Up-to-date: /root/AGV/install/bumperbot_description/share/bumperbot_description/models/willowgarage/materials/textures/Carpet_Berber_Pattern_Gray_.png
[0.813s] -- Up-to-date: /root/AGV/install/bumperbot_description/share/bumperbot_description/models/willowgarage/materials/textures/Stone_Brushed_Khaki_.png:Zone.Identifier
[0.813s] -- Up-to-date: /root/AGV/install/bumperbot_description/share/bumperbot_description/models/aws_robomaker_residential_Handle_01
[0.813s] -- Up-to-date: /root/AGV/install/bumperbot_description/share/bumperbot_description/models/aws_robomaker_residential_Handle_01/model.config:Zone.Identifier
[0.813s] -- Up-to-date: /root/AGV/install/bumperbot_description/share/bumperbot_description/models/aws_robomaker_residential_Handle_01/model.sdf:Zone.Identifier
[0.813s] -- Up-to-date: /root/AGV/install/bumperbot_description/share/bumperbot_description/models/aws_robomaker_residential_Handle_01/model.config
[0.813s] -- Up-to-date: /root/AGV/install/bumperbot_description/share/bumperbot_description/models/aws_robomaker_residential_Handle_01/meshes
[0.813s] -- Up-to-date: /root/AGV/install/bumperbot_description/share/bumperbot_description/models/aws_robomaker_residential_Handle_01/meshes/aws_Handle_01_collision.DAE:Zone.Identifier
[0.813s] -- Up-to-date: /root/AGV/install/bumperbot_description/share/bumperbot_description/models/aws_robomaker_residential_Handle_01/meshes/aws_Handle_01_visual.DAE:Zone.Identifier
[0.813s] -- Up-to-date: /root/AGV/install/bumperbot_description/share/bumperbot_description/models/aws_robomaker_residential_Handle_01/meshes/aws_Handle_01_visual.DAE
[0.814s] -- Up-to-date: /root/AGV/install/bumperbot_description/share/bumperbot_description/models/aws_robomaker_residential_Handle_01/meshes/aws_Handle_01_collision.DAE
[0.814s] -- Up-to-date: /root/AGV/install/bumperbot_description/share/bumperbot_description/models/aws_robomaker_residential_Handle_01/model.sdf
[0.814s] -- Up-to-date: /root/AGV/install/bumperbot_description/share/bumperbot_description/models/aws_robomaker_residential_Handle_01/materials
[0.814s] -- Up-to-date: /root/AGV/install/bumperbot_description/share/bumperbot_description/models/aws_robomaker_residential_Handle_01/materials/textures
[0.814s] -- Up-to-date: /root/AGV/install/bumperbot_description/share/bumperbot_description/models/aws_robomaker_residential_Handle_01/materials/textures/aws_Handle_01.png:Zone.Identifier
[0.814s] -- Up-to-date: /root/AGV/install/bumperbot_description/share/bumperbot_description/models/aws_robomaker_residential_Handle_01/materials/textures/aws_Handle_01.png
[0.814s] -- Up-to-date: /root/AGV/install/bumperbot_description/share/bumperbot_description/models/aws_robomaker_residential_Carpet_01
[0.814s] -- Up-to-date: /root/AGV/install/bumperbot_description/share/bumperbot_description/models/aws_robomaker_residential_Carpet_01/model.config:Zone.Identifier
[0.814s] -- Up-to-date: /root/AGV/install/bumperbot_description/share/bumperbot_description/models/aws_robomaker_residential_Carpet_01/model.sdf:Zone.Identifier
[0.814s] -- Up-to-date: /root/AGV/install/bumperbot_description/share/bumperbot_description/models/aws_robomaker_residential_Carpet_01/model.config
[0.814s] -- Up-to-date: /root/AGV/install/bumperbot_description/share/bumperbot_description/models/aws_robomaker_residential_Carpet_01/meshes
[0.814s] -- Up-to-date: /root/AGV/install/bumperbot_description/share/bumperbot_description/models/aws_robomaker_residential_Carpet_01/meshes/aws_Carpet_01_visual.DAE:Zone.Identifier
[0.814s] -- Up-to-date: /root/AGV/install/bumperbot_description/share/bumperbot_description/models/aws_robomaker_residential_Carpet_01/meshes/aws_Carpet_01_collision.DAE
[0.815s] -- Up-to-date: /root/AGV/install/bumperbot_description/share/bumperbot_description/models/aws_robomaker_residential_Carpet_01/meshes/aws_Carpet_01_collision.DAE:Zone.Identifier
[0.815s] -- Up-to-date: /root/AGV/install/bumperbot_description/share/bumperbot_description/models/aws_robomaker_residential_Carpet_01/meshes/aws_Carpet_01_visual.DAE
[0.815s] -- Up-to-date: /root/AGV/install/bumperbot_description/share/bumperbot_description/models/aws_robomaker_residential_Carpet_01/model.sdf
[0.815s] -- Up-to-date: /root/AGV/install/bumperbot_description/share/bumperbot_description/models/aws_robomaker_residential_Carpet_01/materials
[0.815s] -- Up-to-date: /root/AGV/install/bumperbot_description/share/bumperbot_description/models/aws_robomaker_residential_Carpet_01/materials/textures
[0.815s] -- Up-to-date: /root/AGV/install/bumperbot_description/share/bumperbot_description/models/aws_robomaker_residential_Carpet_01/materials/textures/aws_Carpet_01.png:Zone.Identifier
[0.815s] -- Up-to-date: /root/AGV/install/bumperbot_description/share/bumperbot_description/models/aws_robomaker_residential_Carpet_01/materials/textures/aws_Carpet_01.png
[0.815s] -- Up-to-date: /root/AGV/install/bumperbot_description/share/bumperbot_description/models/aws_robomaker_residential_DeskPortraitA_02
[0.818s] -- Up-to-date: /root/AGV/install/bumperbot_description/share/bumperbot_description/models/aws_robomaker_residential_DeskPortraitA_02/model.config:Zone.Identifier
[0.818s] -- Up-to-date: /root/AGV/install/bumperbot_description/share/bumperbot_description/models/aws_robomaker_residential_DeskPortraitA_02/model.sdf:Zone.Identifier
[0.818s] -- Up-to-date: /root/AGV/install/bumperbot_description/share/bumperbot_description/models/aws_robomaker_residential_DeskPortraitA_02/model.config
[0.819s] -- Up-to-date: /root/AGV/install/bumperbot_description/share/bumperbot_description/models/aws_robomaker_residential_DeskPortraitA_02/meshes
[0.819s] -- Up-to-date: /root/AGV/install/bumperbot_description/share/bumperbot_description/models/aws_robomaker_residential_DeskPortraitA_02/meshes/aws_DeskPortraitA_01_collision.DAE
[0.819s] -- Up-to-date: /root/AGV/install/bumperbot_description/share/bumperbot_description/models/aws_robomaker_residential_DeskPortraitA_02/meshes/aws_DeskPortraitA_01_collision.DAE:Zone.Identifier
[0.819s] -- Up-to-date: /root/AGV/install/bumperbot_description/share/bumperbot_description/models/aws_robomaker_residential_DeskPortraitA_02/meshes/aws_DeskPortraitA_01_visual.DAE
[0.819s] -- Up-to-date: /root/AGV/install/bumperbot_description/share/bumperbot_description/models/aws_robomaker_residential_DeskPortraitA_02/meshes/aws_DeskPortraitA_01_visual.DAE:Zone.Identifier
[0.819s] -- Up-to-date: /root/AGV/install/bumperbot_description/share/bumperbot_description/models/aws_robomaker_residential_DeskPortraitA_02/model.sdf
[0.819s] -- Up-to-date: /root/AGV/install/bumperbot_description/share/bumperbot_description/models/aws_robomaker_residential_DeskPortraitA_02/materials
[0.819s] -- Up-to-date: /root/AGV/install/bumperbot_description/share/bumperbot_description/models/aws_robomaker_residential_DeskPortraitA_02/materials/textures
[0.819s] -- Up-to-date: /root/AGV/install/bumperbot_description/share/bumperbot_description/models/aws_robomaker_residential_DeskPortraitA_02/materials/textures/aws_DeskPortraitA_02.png:Zone.Identifier
[0.819s] -- Up-to-date: /root/AGV/install/bumperbot_description/share/bumperbot_description/models/aws_robomaker_residential_DeskPortraitA_02/materials/textures/aws_DeskPortraitA_02.png
[0.819s] -- Up-to-date: /root/AGV/install/bumperbot_description/share/bumperbot_description/models/aws_robomaker_residential_DeskPortraitA_02/materials/textures/DeskPortraitA_02.jpg:Zone.Identifier
[0.819s] -- Up-to-date: /root/AGV/install/bumperbot_description/share/bumperbot_description/models/aws_robomaker_residential_DeskPortraitA_02/materials/textures/aws_DeskPortraitA_01.png
[0.819s] -- Up-to-date: /root/AGV/install/bumperbot_description/share/bumperbot_description/models/aws_robomaker_residential_DeskPortraitA_02/materials/textures/DeskPortraitA_02.jpg
[0.820s] -- Up-to-date: /root/AGV/install/bumperbot_description/share/bumperbot_description/models/aws_robomaker_residential_DeskPortraitA_02/materials/textures/aws_DeskPortraitA_01.png:Zone.Identifier
[0.820s] -- Up-to-date: /root/AGV/install/bumperbot_description/share/bumperbot_description/models/aws_robomaker_residential_Wardrobe_01
[0.820s] -- Up-to-date: /root/AGV/install/bumperbot_description/share/bumperbot_description/models/aws_robomaker_residential_Wardrobe_01/model.config:Zone.Identifier
[0.823s] -- Up-to-date: /root/AGV/install/bumperbot_description/share/bumperbot_description/models/aws_robomaker_residential_Wardrobe_01/model.sdf:Zone.Identifier
[0.824s] -- Up-to-date: /root/AGV/install/bumperbot_description/share/bumperbot_description/models/aws_robomaker_residential_Wardrobe_01/model.config
[0.824s] -- Up-to-date: /root/AGV/install/bumperbot_description/share/bumperbot_description/models/aws_robomaker_residential_Wardrobe_01/meshes
[0.824s] -- Up-to-date: /root/AGV/install/bumperbot_description/share/bumperbot_description/models/aws_robomaker_residential_Wardrobe_01/meshes/aws_Wardrobe_01_collision.DAE:Zone.Identifier
[0.824s] -- Up-to-date: /root/AGV/install/bumperbot_description/share/bumperbot_description/models/aws_robomaker_residential_Wardrobe_01/meshes/aws_Wardrobe_01_collision.DAE
[0.825s] -- Up-to-date: /root/AGV/install/bumperbot_description/share/bumperbot_description/models/aws_robomaker_residential_Wardrobe_01/meshes/aws_Wardrobe_01_visual.DAE:Zone.Identifier
[0.825s] -- Up-to-date: /root/AGV/install/bumperbot_description/share/bumperbot_description/models/aws_robomaker_residential_Wardrobe_01/meshes/aws_Wardrobe_01_visual.DAE
[0.825s] -- Up-to-date: /root/AGV/install/bumperbot_description/share/bumperbot_description/models/aws_robomaker_residential_Wardrobe_01/model.sdf
[0.825s] -- Up-to-date: /root/AGV/install/bumperbot_description/share/bumperbot_description/models/aws_robomaker_residential_Wardrobe_01/materials
[0.825s] -- Up-to-date: /root/AGV/install/bumperbot_description/share/bumperbot_description/models/aws_robomaker_residential_Wardrobe_01/materials/textures
[0.825s] -- Up-to-date: /root/AGV/install/bumperbot_description/share/bumperbot_description/models/aws_robomaker_residential_Wardrobe_01/materials/textures/aws_Wardrobe_01.png:Zone.Identifier
[0.825s] -- Up-to-date: /root/AGV/install/bumperbot_description/share/bumperbot_description/models/aws_robomaker_residential_Wardrobe_01/materials/textures/aws_Wardrobe_01.png
[0.826s] -- Up-to-date: /root/AGV/install/bumperbot_description/share/bumperbot_description/models/aws_robomaker_residential_AirconditionerA_01
[0.826s] -- Up-to-date: /root/AGV/install/bumperbot_description/share/bumperbot_description/models/aws_robomaker_residential_AirconditionerA_01/model.config:Zone.Identifier
[0.826s] -- Up-to-date: /root/AGV/install/bumperbot_description/share/bumperbot_description/models/aws_robomaker_residential_AirconditionerA_01/model.sdf:Zone.Identifier
[0.826s] -- Up-to-date: /root/AGV/install/bumperbot_description/share/bumperbot_description/models/aws_robomaker_residential_AirconditionerA_01/model.config
[0.826s] -- Up-to-date: /root/AGV/install/bumperbot_description/share/bumperbot_description/models/aws_robomaker_residential_AirconditionerA_01/meshes
[0.827s] -- Up-to-date: /root/AGV/install/bumperbot_description/share/bumperbot_description/models/aws_robomaker_residential_AirconditionerA_01/meshes/aws_AirconditionerA_01_visual.DAE
[0.827s] -- Up-to-date: /root/AGV/install/bumperbot_description/share/bumperbot_description/models/aws_robomaker_residential_AirconditionerA_01/meshes/aws_AirconditionerA_01_collision.DAE
[0.827s] -- Up-to-date: /root/AGV/install/bumperbot_description/share/bumperbot_description/models/aws_robomaker_residential_AirconditionerA_01/meshes/aws_AirconditionerA_01_collision.DAE:Zone.Identifier
[0.827s] -- Up-to-date: /root/AGV/install/bumperbot_description/share/bumperbot_description/models/aws_robomaker_residential_AirconditionerA_01/meshes/aws_AirconditionerA_01_visual.DAE:Zone.Identifier
[0.827s] -- Up-to-date: /root/AGV/install/bumperbot_description/share/bumperbot_description/models/aws_robomaker_residential_AirconditionerA_01/model.sdf
[0.827s] -- Up-to-date: /root/AGV/install/bumperbot_description/share/bumperbot_description/models/aws_robomaker_residential_AirconditionerA_01/materials
[0.827s] -- Up-to-date: /root/AGV/install/bumperbot_description/share/bumperbot_description/models/aws_robomaker_residential_AirconditionerA_01/materials/textures
[0.828s] -- Up-to-date: /root/AGV/install/bumperbot_description/share/bumperbot_description/models/aws_robomaker_residential_AirconditionerA_01/materials/textures/aws_AirconditionerA_01.png:Zone.Identifier
[0.828s] -- Up-to-date: /root/AGV/install/bumperbot_description/share/bumperbot_description/models/aws_robomaker_residential_AirconditionerA_01/materials/textures/aws_AirconditionerA_01.png
[0.828s] -- Up-to-date: /root/AGV/install/bumperbot_description/share/bumperbot_description/models/aws_robomaker_residential_RoomCeiling_01
[0.828s] -- Up-to-date: /root/AGV/install/bumperbot_description/share/bumperbot_description/models/aws_robomaker_residential_RoomCeiling_01/model.config:Zone.Identifier
[0.828s] -- Up-to-date: /root/AGV/install/bumperbot_description/share/bumperbot_description/models/aws_robomaker_residential_RoomCeiling_01/model.sdf:Zone.Identifier
[0.828s] -- Up-to-date: /root/AGV/install/bumperbot_description/share/bumperbot_description/models/aws_robomaker_residential_RoomCeiling_01/model.config
[0.828s] -- Up-to-date: /root/AGV/install/bumperbot_description/share/bumperbot_description/models/aws_robomaker_residential_RoomCeiling_01/meshes
[0.828s] -- Up-to-date: /root/AGV/install/bumperbot_description/share/bumperbot_description/models/aws_robomaker_residential_RoomCeiling_01/meshes/aws_RoomCeiling_01_collision.DAE
[0.828s] -- Up-to-date: /root/AGV/install/bumperbot_description/share/bumperbot_description/models/aws_robomaker_residential_RoomCeiling_01/meshes/aws_RoomCeiling_01_visual.DAE:Zone.Identifier
[0.828s] -- Up-to-date: /root/AGV/install/bumperbot_description/share/bumperbot_description/models/aws_robomaker_residential_RoomCeiling_01/meshes/aws_RoomCeiling_01_visual.DAE
[0.829s] -- Up-to-date: /root/AGV/install/bumperbot_description/share/bumperbot_description/models/aws_robomaker_residential_RoomCeiling_01/meshes/aws_RoomCeiling_01_collision.DAE:Zone.Identifier
[0.829s] -- Up-to-date: /root/AGV/install/bumperbot_description/share/bumperbot_description/models/aws_robomaker_residential_RoomCeiling_01/model.sdf
[0.829s] -- Up-to-date: /root/AGV/install/bumperbot_description/share/bumperbot_description/models/aws_robomaker_residential_RoomCeiling_01/materials
[0.829s] -- Up-to-date: /root/AGV/install/bumperbot_description/share/bumperbot_description/models/aws_robomaker_residential_RoomCeiling_01/materials/textures
[0.829s] -- Up-to-date: /root/AGV/install/bumperbot_description/share/bumperbot_description/models/aws_robomaker_residential_RoomCeiling_01/materials/textures/aws_RoomCeiling_01.png:Zone.Identifier
[0.829s] -- Up-to-date: /root/AGV/install/bumperbot_description/share/bumperbot_description/models/aws_robomaker_residential_RoomCeiling_01/materials/textures/aws_RoomCeiling_01.png
[0.829s] -- Up-to-date: /root/AGV/install/bumperbot_description/share/bumperbot_description/models/aws_robomaker_residential_SofaB_01
[0.830s] -- Up-to-date: /root/AGV/install/bumperbot_description/share/bumperbot_description/models/aws_robomaker_residential_SofaB_01/model.config:Zone.Identifier
[0.830s] -- Up-to-date: /root/AGV/install/bumperbot_description/share/bumperbot_description/models/aws_robomaker_residential_SofaB_01/model.sdf:Zone.Identifier
[0.830s] -- Up-to-date: /root/AGV/install/bumperbot_description/share/bumperbot_description/models/aws_robomaker_residential_SofaB_01/model.config
[0.830s] -- Up-to-date: /root/AGV/install/bumperbot_description/share/bumperbot_description/models/aws_robomaker_residential_SofaB_01/meshes
[0.830s] -- Up-to-date: /root/AGV/install/bumperbot_description/share/bumperbot_description/models/aws_robomaker_residential_SofaB_01/meshes/aws_SofaB_01_visual.DAE
[0.830s] -- Up-to-date: /root/AGV/install/bumperbot_description/share/bumperbot_description/models/aws_robomaker_residential_SofaB_01/meshes/aws_SofaB_01_visual.DAE:Zone.Identifier
[0.832s] -- Up-to-date: /root/AGV/install/bumperbot_description/share/bumperbot_description/models/aws_robomaker_residential_SofaB_01/meshes/aws_SofaB_01_collision.DAE
[0.832s] -- Up-to-date: /root/AGV/install/bumperbot_description/share/bumperbot_description/models/aws_robomaker_residential_SofaB_01/meshes/aws_SofaB_01_collision.DAE:Zone.Identifier
[0.832s] -- Up-to-date: /root/AGV/install/bumperbot_description/share/bumperbot_description/models/aws_robomaker_residential_SofaB_01/model.sdf
[0.832s] -- Up-to-date: /root/AGV/install/bumperbot_description/share/bumperbot_description/models/aws_robomaker_residential_SofaB_01/materials
[0.838s] -- Up-to-date: /root/AGV/install/bumperbot_description/share/bumperbot_description/models/aws_robomaker_residential_SofaB_01/materials/textures
[0.838s] -- Up-to-date: /root/AGV/install/bumperbot_description/share/bumperbot_description/models/aws_robomaker_residential_SofaB_01/materials/textures/aws_SofaB_01.png:Zone.Identifier
[0.838s] -- Up-to-date: /root/AGV/install/bumperbot_description/share/bumperbot_description/models/aws_robomaker_residential_SofaB_01/materials/textures/aws_SofaB_01.png
[0.838s] -- Up-to-date: /root/AGV/install/bumperbot_description/share/bumperbot_description/models/aws_robomaker_residential_DeskPortraitB_02
[0.838s] -- Up-to-date: /root/AGV/install/bumperbot_description/share/bumperbot_description/models/aws_robomaker_residential_DeskPortraitB_02/model.config:Zone.Identifier
[0.838s] -- Up-to-date: /root/AGV/install/bumperbot_description/share/bumperbot_description/models/aws_robomaker_residential_DeskPortraitB_02/model.sdf:Zone.Identifier
[0.838s] -- Up-to-date: /root/AGV/install/bumperbot_description/share/bumperbot_description/models/aws_robomaker_residential_DeskPortraitB_02/model.config
[0.838s] -- Up-to-date: /root/AGV/install/bumperbot_description/share/bumperbot_description/models/aws_robomaker_residential_DeskPortraitB_02/meshes
[0.839s] -- Up-to-date: /root/AGV/install/bumperbot_description/share/bumperbot_description/models/aws_robomaker_residential_DeskPortraitB_02/meshes/aws_DeskPortraitB_01_visual.DAE:Zone.Identifier
[0.839s] -- Up-to-date: /root/AGV/install/bumperbot_description/share/bumperbot_description/models/aws_robomaker_residential_DeskPortraitB_02/meshes/aws_DeskPortraitB_01_collision.DAE
[0.839s] -- Up-to-date: /root/AGV/install/bumperbot_description/share/bumperbot_description/models/aws_robomaker_residential_DeskPortraitB_02/meshes/aws_DeskPortraitB_01_collision.DAE:Zone.Identifier
[0.839s] -- Up-to-date: /root/AGV/install/bumperbot_description/share/bumperbot_description/models/aws_robomaker_residential_DeskPortraitB_02/meshes/aws_DeskPortraitB_01_visual.DAE
[0.839s] -- Up-to-date: /root/AGV/install/bumperbot_description/share/bumperbot_description/models/aws_robomaker_residential_DeskPortraitB_02/model.sdf
[0.839s] -- Up-to-date: /root/AGV/install/bumperbot_description/share/bumperbot_description/models/aws_robomaker_residential_DeskPortraitB_02/materials
[0.839s] -- Up-to-date: /root/AGV/install/bumperbot_description/share/bumperbot_description/models/aws_robomaker_residential_DeskPortraitB_02/materials/textures
[0.839s] -- Up-to-date: /root/AGV/install/bumperbot_description/share/bumperbot_description/models/aws_robomaker_residential_DeskPortraitB_02/materials/textures/aws_DeskPortraitB_01.png
[0.839s] -- Up-to-date: /root/AGV/install/bumperbot_description/share/bumperbot_description/models/aws_robomaker_residential_DeskPortraitB_02/materials/textures/aws_DeskPortraitB_02.png:Zone.Identifier
[0.839s] -- Up-to-date: /root/AGV/install/bumperbot_description/share/bumperbot_description/models/aws_robomaker_residential_DeskPortraitB_02/materials/textures/aws_DeskPortraitB_01.png:Zone.Identifier
[0.840s] -- Up-to-date: /root/AGV/install/bumperbot_description/share/bumperbot_description/models/aws_robomaker_residential_DeskPortraitB_02/materials/textures/aws_DeskPortraitB_02.png
[0.840s] -- Up-to-date: /root/AGV/install/bumperbot_description/share/bumperbot_description/models/aws_robomaker_residential_DeskPortraitB_02/materials/textures/DeskPortraitB_02.jpg
[0.840s] -- Up-to-date: /root/AGV/install/bumperbot_description/share/bumperbot_description/models/aws_robomaker_residential_DeskPortraitB_02/materials/textures/DeskPortraitB_02.jpg:Zone.Identifier
[0.840s] -- Up-to-date: /root/AGV/install/bumperbot_description/share/bumperbot_description/models/aws_robomaker_residential_KitchenUtensils_01
[0.840s] -- Up-to-date: /root/AGV/install/bumperbot_description/share/bumperbot_description/models/aws_robomaker_residential_KitchenUtensils_01/model.config:Zone.Identifier
[0.840s] -- Up-to-date: /root/AGV/install/bumperbot_description/share/bumperbot_description/models/aws_robomaker_residential_KitchenUtensils_01/model.sdf:Zone.Identifier
[0.840s] -- Up-to-date: /root/AGV/install/bumperbot_description/share/bumperbot_description/models/aws_robomaker_residential_KitchenUtensils_01/model.config
[0.840s] -- Up-to-date: /root/AGV/install/bumperbot_description/share/bumperbot_description/models/aws_robomaker_residential_KitchenUtensils_01/meshes
[0.840s] -- Up-to-date: /root/AGV/install/bumperbot_description/share/bumperbot_description/models/aws_robomaker_residential_KitchenUtensils_01/meshes/aws_KitchenUtensils_01_collision.DAE:Zone.Identifier
[0.840s] -- Up-to-date: /root/AGV/install/bumperbot_description/share/bumperbot_description/models/aws_robomaker_residential_KitchenUtensils_01/meshes/aws_KitchenUtensils_01_visual.DAE:Zone.Identifier
[0.840s] -- Up-to-date: /root/AGV/install/bumperbot_description/share/bumperbot_description/models/aws_robomaker_residential_KitchenUtensils_01/meshes/aws_KitchenUtensils_01_visual.DAE
[0.840s] -- Up-to-date: /root/AGV/install/bumperbot_description/share/bumperbot_description/models/aws_robomaker_residential_KitchenUtensils_01/meshes/aws_KitchenUtensils_01_collision.DAE
[0.840s] -- Up-to-date: /root/AGV/install/bumperbot_description/share/bumperbot_description/models/aws_robomaker_residential_KitchenUtensils_01/model.sdf
[0.841s] -- Up-to-date: /root/AGV/install/bumperbot_description/share/bumperbot_description/models/aws_robomaker_residential_KitchenUtensils_01/materials
[0.841s] -- Up-to-date: /root/AGV/install/bumperbot_description/share/bumperbot_description/models/aws_robomaker_residential_KitchenUtensils_01/materials/textures
[0.841s] -- Up-to-date: /root/AGV/install/bumperbot_description/share/bumperbot_description/models/aws_robomaker_residential_KitchenUtensils_01/materials/textures/aws_KitchenUtensils_01.png:Zone.Identifier
[0.841s] -- Up-to-date: /root/AGV/install/bumperbot_description/share/bumperbot_description/models/aws_robomaker_residential_KitchenUtensils_01/materials/textures/aws_KitchenUtensils_01.png
[0.841s] -- Up-to-date: /root/AGV/install/bumperbot_description/share/bumperbot_description/models/aws_robomaker_residential_Quilt_01
[0.841s] -- Up-to-date: /root/AGV/install/bumperbot_description/share/bumperbot_description/models/aws_robomaker_residential_Quilt_01/model.config:Zone.Identifier
[0.841s] -- Up-to-date: /root/AGV/install/bumperbot_description/share/bumperbot_description/models/aws_robomaker_residential_Quilt_01/model.sdf:Zone.Identifier
[0.841s] -- Up-to-date: /root/AGV/install/bumperbot_description/share/bumperbot_description/models/aws_robomaker_residential_Quilt_01/model.config
[0.841s] -- Up-to-date: /root/AGV/install/bumperbot_description/share/bumperbot_description/models/aws_robomaker_residential_Quilt_01/meshes
[0.841s] -- Up-to-date: /root/AGV/install/bumperbot_description/share/bumperbot_description/models/aws_robomaker_residential_Quilt_01/meshes/aws_Quilt_01_visual.DAE:Zone.Identifier
[0.841s] -- Up-to-date: /root/AGV/install/bumperbot_description/share/bumperbot_description/models/aws_robomaker_residential_Quilt_01/meshes/aws_Quilt_01_visual.DAE
[0.841s] -- Up-to-date: /root/AGV/install/bumperbot_description/share/bumperbot_description/models/aws_robomaker_residential_Quilt_01/meshes/aws_Quilt_01_collision.DAE
[0.841s] -- Up-to-date: /root/AGV/install/bumperbot_description/share/bumperbot_description/models/aws_robomaker_residential_Quilt_01/meshes/aws_Quilt_01_collision.DAE:Zone.Identifier
[0.841s] -- Up-to-date: /root/AGV/install/bumperbot_description/share/bumperbot_description/models/aws_robomaker_residential_Quilt_01/model.sdf
[0.841s] -- Up-to-date: /root/AGV/install/bumperbot_description/share/bumperbot_description/models/aws_robomaker_residential_Quilt_01/materials
[0.842s] -- Up-to-date: /root/AGV/install/bumperbot_description/share/bumperbot_description/models/aws_robomaker_residential_Quilt_01/materials/textures
[0.842s] -- Up-to-date: /root/AGV/install/bumperbot_description/share/bumperbot_description/models/aws_robomaker_residential_Quilt_01/materials/textures/aws_Quilt_01.png
[0.842s] -- Up-to-date: /root/AGV/install/bumperbot_description/share/bumperbot_description/models/aws_robomaker_residential_Quilt_01/materials/textures/aws_Quilt_01.png:Zone.Identifier
[0.842s] -- Up-to-date: /root/AGV/install/bumperbot_description/share/bumperbot_description/models/aws_robomaker_residential_KitchenCabinet_01
[0.842s] -- Up-to-date: /root/AGV/install/bumperbot_description/share/bumperbot_description/models/aws_robomaker_residential_KitchenCabinet_01/model.config:Zone.Identifier
[0.842s] -- Up-to-date: /root/AGV/install/bumperbot_description/share/bumperbot_description/models/aws_robomaker_residential_KitchenCabinet_01/model.sdf:Zone.Identifier
[0.842s] -- Up-to-date: /root/AGV/install/bumperbot_description/share/bumperbot_description/models/aws_robomaker_residential_KitchenCabinet_01/model.config
[0.842s] -- Up-to-date: /root/AGV/install/bumperbot_description/share/bumperbot_description/models/aws_robomaker_residential_KitchenCabinet_01/meshes
[0.842s] -- Up-to-date: /root/AGV/install/bumperbot_description/share/bumperbot_description/models/aws_robomaker_residential_KitchenCabinet_01/meshes/aws_KitchenCabinet_01_visual.DAE:Zone.Identifier
[0.842s] -- Up-to-date: /root/AGV/install/bumperbot_description/share/bumperbot_description/models/aws_robomaker_residential_KitchenCabinet_01/meshes/aws_KitchenCabinet_01_visual.DAE
[0.843s] -- Up-to-date: /root/AGV/install/bumperbot_description/share/bumperbot_description/models/aws_robomaker_residential_KitchenCabinet_01/meshes/aws_KitchenCabinet_01_collision.DAE
[0.843s] -- Up-to-date: /root/AGV/install/bumperbot_description/share/bumperbot_description/models/aws_robomaker_residential_KitchenCabinet_01/meshes/aws_KitchenCabinet_01_collision.DAE:Zone.Identifier
[0.843s] -- Up-to-date: /root/AGV/install/bumperbot_description/share/bumperbot_description/models/aws_robomaker_residential_KitchenCabinet_01/model.sdf
[0.843s] -- Up-to-date: /root/AGV/install/bumperbot_description/share/bumperbot_description/models/aws_robomaker_residential_KitchenCabinet_01/materials
[0.843s] -- Up-to-date: /root/AGV/install/bumperbot_description/share/bumperbot_description/models/aws_robomaker_residential_KitchenCabinet_01/materials/textures
[0.843s] -- Up-to-date: /root/AGV/install/bumperbot_description/share/bumperbot_description/models/aws_robomaker_residential_KitchenCabinet_01/materials/textures/aws_KitchenCabinet_01.png
[0.843s] -- Up-to-date: /root/AGV/install/bumperbot_description/share/bumperbot_description/models/aws_robomaker_residential_KitchenCabinet_01/materials/textures/aws_KitchenCabinet_01.png:Zone.Identifier
[0.843s] -- Up-to-date: /root/AGV/install/bumperbot_description/share/bumperbot_description/models/aws_robomaker_residential_Sofa_01
[0.843s] -- Up-to-date: /root/AGV/install/bumperbot_description/share/bumperbot_description/models/aws_robomaker_residential_Sofa_01/model.config:Zone.Identifier
[0.843s] -- Up-to-date: /root/AGV/install/bumperbot_description/share/bumperbot_description/models/aws_robomaker_residential_Sofa_01/model.sdf:Zone.Identifier
[0.843s] -- Up-to-date: /root/AGV/install/bumperbot_description/share/bumperbot_description/models/aws_robomaker_residential_Sofa_01/model.config
[0.843s] -- Up-to-date: /root/AGV/install/bumperbot_description/share/bumperbot_description/models/aws_robomaker_residential_Sofa_01/meshes
[0.844s] -- Up-to-date: /root/AGV/install/bumperbot_description/share/bumperbot_description/models/aws_robomaker_residential_Sofa_01/meshes/aws_Sofa_01_collision.DAE:Zone.Identifier
[0.844s] -- Up-to-date: /root/AGV/install/bumperbot_description/share/bumperbot_description/models/aws_robomaker_residential_Sofa_01/meshes/aws_Sofa_01_visual.DAE
[0.844s] -- Up-to-date: /root/AGV/install/bumperbot_description/share/bumperbot_description/models/aws_robomaker_residential_Sofa_01/meshes/aws_Sofa_01.DAE
[0.844s] -- Up-to-date: /root/AGV/install/bumperbot_description/share/bumperbot_description/models/aws_robomaker_residential_Sofa_01/meshes/aws_Sofa_01_collision.DAE
[0.844s] -- Up-to-date: /root/AGV/install/bumperbot_description/share/bumperbot_description/models/aws_robomaker_residential_Sofa_01/meshes/aws_Sofa_01.DAE:Zone.Identifier
[0.845s] -- Up-to-date: /root/AGV/install/bumperbot_description/share/bumperbot_description/models/aws_robomaker_residential_Sofa_01/meshes/aws_Sofa_01_visual.DAE:Zone.Identifier
[0.845s] -- Up-to-date: /root/AGV/install/bumperbot_description/share/bumperbot_description/models/aws_robomaker_residential_Sofa_01/model.sdf
[0.845s] -- Up-to-date: /root/AGV/install/bumperbot_description/share/bumperbot_description/models/aws_robomaker_residential_Sofa_01/materials
[0.846s] -- Up-to-date: /root/AGV/install/bumperbot_description/share/bumperbot_description/models/aws_robomaker_residential_Sofa_01/materials/textures
[0.846s] -- Up-to-date: /root/AGV/install/bumperbot_description/share/bumperbot_description/models/aws_robomaker_residential_Sofa_01/materials/textures/aws_Sofa_01.png:Zone.Identifier
[0.846s] -- Up-to-date: /root/AGV/install/bumperbot_description/share/bumperbot_description/models/aws_robomaker_residential_Sofa_01/materials/textures/aws_Sofa_01.png
[0.846s] -- Up-to-date: /root/AGV/install/bumperbot_description/share/bumperbot_description/models/aws_robomaker_residential_CoffeeTable_01
[0.846s] -- Up-to-date: /root/AGV/install/bumperbot_description/share/bumperbot_description/models/aws_robomaker_residential_CoffeeTable_01/model.config:Zone.Identifier
[0.846s] -- Up-to-date: /root/AGV/install/bumperbot_description/share/bumperbot_description/models/aws_robomaker_residential_CoffeeTable_01/model.sdf:Zone.Identifier
[0.846s] -- Up-to-date: /root/AGV/install/bumperbot_description/share/bumperbot_description/models/aws_robomaker_residential_CoffeeTable_01/model.config
[0.846s] -- Up-to-date: /root/AGV/install/bumperbot_description/share/bumperbot_description/models/aws_robomaker_residential_CoffeeTable_01/meshes
[0.846s] -- Up-to-date: /root/AGV/install/bumperbot_description/share/bumperbot_description/models/aws_robomaker_residential_CoffeeTable_01/meshes/aws_CoffeeTable_01_visual.DAE:Zone.Identifier
[0.846s] -- Up-to-date: /root/AGV/install/bumperbot_description/share/bumperbot_description/models/aws_robomaker_residential_CoffeeTable_01/meshes/aws_CoffeeTable_01_visual.DAE
[0.846s] -- Up-to-date: /root/AGV/install/bumperbot_description/share/bumperbot_description/models/aws_robomaker_residential_CoffeeTable_01/meshes/aws_CoffeeTable_01_collision.DAE:Zone.Identifier
[0.846s] -- Up-to-date: /root/AGV/install/bumperbot_description/share/bumperbot_description/models/aws_robomaker_residential_CoffeeTable_01/meshes/aws_CoffeeTable_01_collision.DAE
[0.846s] -- Up-to-date: /root/AGV/install/bumperbot_description/share/bumperbot_description/models/aws_robomaker_residential_CoffeeTable_01/model.sdf
[0.846s] -- Up-to-date: /root/AGV/install/bumperbot_description/share/bumperbot_description/models/aws_robomaker_residential_CoffeeTable_01/materials
[0.846s] -- Up-to-date: /root/AGV/install/bumperbot_description/share/bumperbot_description/models/aws_robomaker_residential_CoffeeTable_01/materials/textures
[0.846s] -- Up-to-date: /root/AGV/install/bumperbot_description/share/bumperbot_description/models/aws_robomaker_residential_CoffeeTable_01/materials/textures/aws_CoffeeTable_01.png
[0.846s] -- Up-to-date: /root/AGV/install/bumperbot_description/share/bumperbot_description/models/aws_robomaker_residential_CoffeeTable_01/materials/textures/aws_CoffeeTable_01.png:Zone.Identifier
[0.846s] -- Up-to-date: /root/AGV/install/bumperbot_description/share/bumperbot_description/models/aws_robomaker_residential_Vase_01
[0.846s] -- Up-to-date: /root/AGV/install/bumperbot_description/share/bumperbot_description/models/aws_robomaker_residential_Vase_01/model.config:Zone.Identifier
[0.847s] -- Up-to-date: /root/AGV/install/bumperbot_description/share/bumperbot_description/models/aws_robomaker_residential_Vase_01/model.sdf:Zone.Identifier
[0.847s] -- Up-to-date: /root/AGV/install/bumperbot_description/share/bumperbot_description/models/aws_robomaker_residential_Vase_01/model.config
[0.847s] -- Up-to-date: /root/AGV/install/bumperbot_description/share/bumperbot_description/models/aws_robomaker_residential_Vase_01/meshes
[0.847s] -- Up-to-date: /root/AGV/install/bumperbot_description/share/bumperbot_description/models/aws_robomaker_residential_Vase_01/meshes/aws_Vase_01_visual.DAE:Zone.Identifier
[0.847s] -- Up-to-date: /root/AGV/install/bumperbot_description/share/bumperbot_description/models/aws_robomaker_residential_Vase_01/meshes/aws_Vase_01_visual.DAE
[0.848s] -- Up-to-date: /root/AGV/install/bumperbot_description/share/bumperbot_description/models/aws_robomaker_residential_Vase_01/meshes/aws_Vase_01_collision.DAE:Zone.Identifier
[0.848s] -- Up-to-date: /root/AGV/install/bumperbot_description/share/bumperbot_description/models/aws_robomaker_residential_Vase_01/meshes/aws_Vase_01_collision.DAE
[0.848s] -- Up-to-date: /root/AGV/install/bumperbot_description/share/bumperbot_description/models/aws_robomaker_residential_Vase_01/model.sdf
[0.848s] -- Up-to-date: /root/AGV/install/bumperbot_description/share/bumperbot_description/models/aws_robomaker_residential_Vase_01/materials
[0.848s] -- Up-to-date: /root/AGV/install/bumperbot_description/share/bumperbot_description/models/aws_robomaker_residential_Vase_01/materials/textures
[0.848s] -- Up-to-date: /root/AGV/install/bumperbot_description/share/bumperbot_description/models/aws_robomaker_residential_Vase_01/materials/textures/aws_Vase_01.png
[0.849s] -- Up-to-date: /root/AGV/install/bumperbot_description/share/bumperbot_description/models/aws_robomaker_residential_Vase_01/materials/textures/aws_Vase_01.png:Zone.Identifier
[0.849s] -- Up-to-date: /root/AGV/install/bumperbot_description/share/bumperbot_description/models/aws_robomaker_residential_Curtain_01
[0.849s] -- Up-to-date: /root/AGV/install/bumperbot_description/share/bumperbot_description/models/aws_robomaker_residential_Curtain_01/model.config:Zone.Identifier
[0.849s] -- Up-to-date: /root/AGV/install/bumperbot_description/share/bumperbot_description/models/aws_robomaker_residential_Curtain_01/model.sdf:Zone.Identifier
[0.850s] -- Up-to-date: /root/AGV/install/bumperbot_description/share/bumperbot_description/models/aws_robomaker_residential_Curtain_01/model.config
[0.850s] -- Up-to-date: /root/AGV/install/bumperbot_description/share/bumperbot_description/models/aws_robomaker_residential_Curtain_01/meshes
[0.850s] -- Up-to-date: /root/AGV/install/bumperbot_description/share/bumperbot_description/models/aws_robomaker_residential_Curtain_01/meshes/aws_Curtain_01_collision.DAE
[0.850s] -- Up-to-date: /root/AGV/install/bumperbot_description/share/bumperbot_description/models/aws_robomaker_residential_Curtain_01/meshes/aws_Curtain_01_visual.DAE:Zone.Identifier
[0.850s] -- Up-to-date: /root/AGV/install/bumperbot_description/share/bumperbot_description/models/aws_robomaker_residential_Curtain_01/meshes/aws_Curtain_01_collision.DAE:Zone.Identifier
[0.850s] -- Up-to-date: /root/AGV/install/bumperbot_description/share/bumperbot_description/models/aws_robomaker_residential_Curtain_01/meshes/aws_Curtain_01_visual.DAE
[0.850s] -- Up-to-date: /root/AGV/install/bumperbot_description/share/bumperbot_description/models/aws_robomaker_residential_Curtain_01/model.sdf
[0.850s] -- Up-to-date: /root/AGV/install/bumperbot_description/share/bumperbot_description/models/aws_robomaker_residential_Curtain_01/materials
[0.851s] -- Up-to-date: /root/AGV/install/bumperbot_description/share/bumperbot_description/models/aws_robomaker_residential_Curtain_01/materials/textures
[0.851s] -- Up-to-date: /root/AGV/install/bumperbot_description/share/bumperbot_description/models/aws_robomaker_residential_Curtain_01/materials/textures/aws_Curtain_01.png:Zone.Identifier
[0.851s] -- Up-to-date: /root/AGV/install/bumperbot_description/share/bumperbot_description/models/aws_robomaker_residential_Curtain_01/materials/textures/aws_Curtain_01.png
[0.851s] -- Up-to-date: /root/AGV/install/bumperbot_description/share/bumperbot_description/models/aws_robomaker_residential_TV_02
[0.851s] -- Up-to-date: /root/AGV/install/bumperbot_description/share/bumperbot_description/models/aws_robomaker_residential_TV_02/model.config:Zone.Identifier
[0.851s] -- Up-to-date: /root/AGV/install/bumperbot_description/share/bumperbot_description/models/aws_robomaker_residential_TV_02/model.sdf:Zone.Identifier
[0.851s] -- Up-to-date: /root/AGV/install/bumperbot_description/share/bumperbot_description/models/aws_robomaker_residential_TV_02/model.config
[0.852s] -- Up-to-date: /root/AGV/install/bumperbot_description/share/bumperbot_description/models/aws_robomaker_residential_TV_02/meshes
[0.852s] -- Up-to-date: /root/AGV/install/bumperbot_description/share/bumperbot_description/models/aws_robomaker_residential_TV_02/meshes/aws_TV_01_visual.DAE:Zone.Identifier
[0.852s] -- Up-to-date: /root/AGV/install/bumperbot_description/share/bumperbot_description/models/aws_robomaker_residential_TV_02/meshes/aws_TV_01_collision.DAE:Zone.Identifier
[0.852s] -- Up-to-date: /root/AGV/install/bumperbot_description/share/bumperbot_description/models/aws_robomaker_residential_TV_02/meshes/aws_TV_01_visual.DAE
[0.853s] -- Up-to-date: /root/AGV/install/bumperbot_description/share/bumperbot_description/models/aws_robomaker_residential_TV_02/meshes/aws_TV_01_collision.DAE
[0.853s] -- Up-to-date: /root/AGV/install/bumperbot_description/share/bumperbot_description/models/aws_robomaker_residential_TV_02/model.sdf
[0.853s] -- Up-to-date: /root/AGV/install/bumperbot_description/share/bumperbot_description/models/aws_robomaker_residential_TV_02/materials
[0.853s] -- Up-to-date: /root/AGV/install/bumperbot_description/share/bumperbot_description/models/aws_robomaker_residential_TV_02/materials/textures
[0.853s] -- Up-to-date: /root/AGV/install/bumperbot_description/share/bumperbot_description/models/aws_robomaker_residential_TV_02/materials/textures/aws_TV_01.png:Zone.Identifier
[0.853s] -- Up-to-date: /root/AGV/install/bumperbot_description/share/bumperbot_description/models/aws_robomaker_residential_TV_02/materials/textures/aws_TV_01.png
[0.854s] -- Up-to-date: /root/AGV/install/bumperbot_description/share/bumperbot_description/models/aws_robomaker_residential_Chandelier_01
[0.854s] -- Up-to-date: /root/AGV/install/bumperbot_description/share/bumperbot_description/models/aws_robomaker_residential_Chandelier_01/model.config:Zone.Identifier
[0.854s] -- Up-to-date: /root/AGV/install/bumperbot_description/share/bumperbot_description/models/aws_robomaker_residential_Chandelier_01/model.sdf:Zone.Identifier
[0.854s] -- Up-to-date: /root/AGV/install/bumperbot_description/share/bumperbot_description/models/aws_robomaker_residential_Chandelier_01/model.config
[0.854s] -- Up-to-date: /root/AGV/install/bumperbot_description/share/bumperbot_description/models/aws_robomaker_residential_Chandelier_01/meshes
[0.855s] -- Up-to-date: /root/AGV/install/bumperbot_description/share/bumperbot_description/models/aws_robomaker_residential_Chandelier_01/meshes/aws_Chandelier_01_visual.DAE:Zone.Identifier
[0.855s] -- Up-to-date: /root/AGV/install/bumperbot_description/share/bumperbot_description/models/aws_robomaker_residential_Chandelier_01/meshes/aws_Chandelier_01_visual.DAE
[0.855s] -- Up-to-date: /root/AGV/install/bumperbot_description/share/bumperbot_description/models/aws_robomaker_residential_Chandelier_01/meshes/aws_Chandelier_01_collision.DAE
[0.855s] -- Up-to-date: /root/AGV/install/bumperbot_description/share/bumperbot_description/models/aws_robomaker_residential_Chandelier_01/meshes/aws_Chandelier_01.DAE:Zone.Identifier
[0.855s] -- Up-to-date: /root/AGV/install/bumperbot_description/share/bumperbot_description/models/aws_robomaker_residential_Chandelier_01/meshes/aws_Chandelier_01.DAE
[0.856s] -- Up-to-date: /root/AGV/install/bumperbot_description/share/bumperbot_description/models/aws_robomaker_residential_Chandelier_01/meshes/aws_Chandelier_01_collision.DAE:Zone.Identifier
[0.856s] -- Up-to-date: /root/AGV/install/bumperbot_description/share/bumperbot_description/models/aws_robomaker_residential_Chandelier_01/model.sdf
[0.856s] -- Up-to-date: /root/AGV/install/bumperbot_description/share/bumperbot_description/models/aws_robomaker_residential_Chandelier_01/materials
[0.856s] -- Up-to-date: /root/AGV/install/bumperbot_description/share/bumperbot_description/models/aws_robomaker_residential_Chandelier_01/materials/textures
[0.856s] -- Up-to-date: /root/AGV/install/bumperbot_description/share/bumperbot_description/models/aws_robomaker_residential_Chandelier_01/materials/textures/aws_Chandelier_01.png
[0.856s] -- Up-to-date: /root/AGV/install/bumperbot_description/share/bumperbot_description/models/aws_robomaker_residential_Chandelier_01/materials/textures/aws_Chandelier_01.png:Zone.Identifier
[0.856s] -- Up-to-date: /root/AGV/install/bumperbot_description/share/bumperbot_description/models/aws_robomaker_residential_SeasoningBox_01
[0.857s] -- Up-to-date: /root/AGV/install/bumperbot_description/share/bumperbot_description/models/aws_robomaker_residential_SeasoningBox_01/model.config:Zone.Identifier
[0.857s] -- Up-to-date: /root/AGV/install/bumperbot_description/share/bumperbot_description/models/aws_robomaker_residential_SeasoningBox_01/model.sdf:Zone.Identifier
[0.857s] -- Up-to-date: /root/AGV/install/bumperbot_description/share/bumperbot_description/models/aws_robomaker_residential_SeasoningBox_01/model.config
[0.857s] -- Up-to-date: /root/AGV/install/bumperbot_description/share/bumperbot_description/models/aws_robomaker_residential_SeasoningBox_01/meshes
[0.858s] -- Up-to-date: /root/AGV/install/bumperbot_description/share/bumperbot_description/models/aws_robomaker_residential_SeasoningBox_01/meshes/aws_SeasoningBox_01_visual.DAE
[0.858s] -- Up-to-date: /root/AGV/install/bumperbot_description/share/bumperbot_description/models/aws_robomaker_residential_SeasoningBox_01/meshes/aws_SeasoningBox_01_collision.DAE
[0.859s] -- Up-to-date: /root/AGV/install/bumperbot_description/share/bumperbot_description/models/aws_robomaker_residential_SeasoningBox_01/meshes/aws_SeasoningBox_01_visual.DAE:Zone.Identifier
[0.859s] -- Up-to-date: /root/AGV/install/bumperbot_description/share/bumperbot_description/models/aws_robomaker_residential_SeasoningBox_01/meshes/aws_SeasoningBox_01_collision.DAE:Zone.Identifier
[0.859s] -- Up-to-date: /root/AGV/install/bumperbot_description/share/bumperbot_description/models/aws_robomaker_residential_SeasoningBox_01/model.sdf
[0.860s] -- Up-to-date: /root/AGV/install/bumperbot_description/share/bumperbot_description/models/aws_robomaker_residential_SeasoningBox_01/materials
[0.860s] -- Up-to-date: /root/AGV/install/bumperbot_description/share/bumperbot_description/models/aws_robomaker_residential_SeasoningBox_01/materials/textures
[0.860s] -- Up-to-date: /root/AGV/install/bumperbot_description/share/bumperbot_description/models/aws_robomaker_residential_SeasoningBox_01/materials/textures/aws_SeasoningBox_01.png
[0.860s] -- Up-to-date: /root/AGV/install/bumperbot_description/share/bumperbot_description/models/aws_robomaker_residential_SeasoningBox_01/materials/textures/aws_SeasoningBox_01.png:Zone.Identifier
[0.860s] -- Up-to-date: /root/AGV/install/bumperbot_description/share/bumperbot_description/models/aws_robomaker_residential_PortraitA_01
[0.860s] -- Up-to-date: /root/AGV/install/bumperbot_description/share/bumperbot_description/models/aws_robomaker_residential_PortraitA_01/model.config:Zone.Identifier
[0.861s] -- Up-to-date: /root/AGV/install/bumperbot_description/share/bumperbot_description/models/aws_robomaker_residential_PortraitA_01/model.sdf:Zone.Identifier
[0.861s] -- Up-to-date: /root/AGV/install/bumperbot_description/share/bumperbot_description/models/aws_robomaker_residential_PortraitA_01/model.config
[0.861s] -- Up-to-date: /root/AGV/install/bumperbot_description/share/bumperbot_description/models/aws_robomaker_residential_PortraitA_01/meshes
[0.861s] -- Up-to-date: /root/AGV/install/bumperbot_description/share/bumperbot_description/models/aws_robomaker_residential_PortraitA_01/meshes/aws_PortraitA_01_collision.DAE:Zone.Identifier
[0.861s] -- Up-to-date: /root/AGV/install/bumperbot_description/share/bumperbot_description/models/aws_robomaker_residential_PortraitA_01/meshes/aws_PortraitA_01_collision.DAE
[0.861s] -- Up-to-date: /root/AGV/install/bumperbot_description/share/bumperbot_description/models/aws_robomaker_residential_PortraitA_01/meshes/aws_PortraitA_01_visual.DAE:Zone.Identifier
[0.862s] -- Up-to-date: /root/AGV/install/bumperbot_description/share/bumperbot_description/models/aws_robomaker_residential_PortraitA_01/meshes/aws_PortraitA_01_visual.DAE
[0.862s] -- Up-to-date: /root/AGV/install/bumperbot_description/share/bumperbot_description/models/aws_robomaker_residential_PortraitA_01/model.sdf
[0.862s] -- Up-to-date: /root/AGV/install/bumperbot_description/share/bumperbot_description/models/aws_robomaker_residential_PortraitA_01/materials
[0.863s] -- Up-to-date: /root/AGV/install/bumperbot_description/share/bumperbot_description/models/aws_robomaker_residential_PortraitA_01/materials/textures
[0.863s] -- Up-to-date: /root/AGV/install/bumperbot_description/share/bumperbot_description/models/aws_robomaker_residential_PortraitA_01/materials/textures/aws_PortraitA_01.png
[0.863s] -- Up-to-date: /root/AGV/install/bumperbot_description/share/bumperbot_description/models/aws_robomaker_residential_PortraitA_01/materials/textures/aws_PortraitA_01.png:Zone.Identifier
[0.863s] -- Up-to-date: /root/AGV/install/bumperbot_description/share/bumperbot_description/models/aws_robomaker_residential_PortraitA_01/materials/textures/aws_PortraitA_02.png:Zone.Identifier
[0.863s] -- Up-to-date: /root/AGV/install/bumperbot_description/share/bumperbot_description/models/aws_robomaker_residential_PortraitA_01/materials/textures/PortraitA_01.jpg:Zone.Identifier
[0.863s] -- Up-to-date: /root/AGV/install/bumperbot_description/share/bumperbot_description/models/aws_robomaker_residential_PortraitA_01/materials/textures/aws_PortraitA_02.png
[0.863s] -- Up-to-date: /root/AGV/install/bumperbot_description/share/bumperbot_description/models/aws_robomaker_residential_PortraitA_01/materials/textures/PortraitA_01.jpg
[0.864s] -- Up-to-date: /root/AGV/install/bumperbot_description/share/bumperbot_description/models/aws_robomaker_residential_PortraitC_01
[0.864s] -- Up-to-date: /root/AGV/install/bumperbot_description/share/bumperbot_description/models/aws_robomaker_residential_PortraitC_01/model.config:Zone.Identifier
[0.864s] -- Up-to-date: /root/AGV/install/bumperbot_description/share/bumperbot_description/models/aws_robomaker_residential_PortraitC_01/model.sdf:Zone.Identifier
[0.864s] -- Up-to-date: /root/AGV/install/bumperbot_description/share/bumperbot_description/models/aws_robomaker_residential_PortraitC_01/model.config
[0.864s] -- Up-to-date: /root/AGV/install/bumperbot_description/share/bumperbot_description/models/aws_robomaker_residential_PortraitC_01/meshes
[0.864s] -- Up-to-date: /root/AGV/install/bumperbot_description/share/bumperbot_description/models/aws_robomaker_residential_PortraitC_01/meshes/aws_PortraitC_01_visual.DAE:Zone.Identifier
[0.864s] -- Up-to-date: /root/AGV/install/bumperbot_description/share/bumperbot_description/models/aws_robomaker_residential_PortraitC_01/meshes/aws_PortraitC_01_collision.DAE
[0.864s] -- Up-to-date: /root/AGV/install/bumperbot_description/share/bumperbot_description/models/aws_robomaker_residential_PortraitC_01/meshes/aws_PortraitC_01_visual.DAE
[0.864s] -- Up-to-date: /root/AGV/install/bumperbot_description/share/bumperbot_description/models/aws_robomaker_residential_PortraitC_01/meshes/aws_PortraitC_01_collision.DAE:Zone.Identifier
[0.865s] -- Up-to-date: /root/AGV/install/bumperbot_description/share/bumperbot_description/models/aws_robomaker_residential_PortraitC_01/model.sdf
[0.865s] -- Up-to-date: /root/AGV/install/bumperbot_description/share/bumperbot_description/models/aws_robomaker_residential_PortraitC_01/materials
[0.865s] -- Up-to-date: /root/AGV/install/bumperbot_description/share/bumperbot_description/models/aws_robomaker_residential_PortraitC_01/materials/textures
[0.865s] -- Up-to-date: /root/AGV/install/bumperbot_description/share/bumperbot_description/models/aws_robomaker_residential_PortraitC_01/materials/textures/aws_PortraitC_02.png:Zone.Identifier
[0.865s] -- Up-to-date: /root/AGV/install/bumperbot_description/share/bumperbot_description/models/aws_robomaker_residential_PortraitC_01/materials/textures/PortraitC_01.jpg
[0.865s] -- Up-to-date: /root/AGV/install/bumperbot_description/share/bumperbot_description/models/aws_robomaker_residential_PortraitC_01/materials/textures/aws_PortraitC_02.png
[0.865s] -- Up-to-date: /root/AGV/install/bumperbot_description/share/bumperbot_description/models/aws_robomaker_residential_PortraitC_01/materials/textures/PortraitC_01.jpg:Zone.Identifier
[0.865s] -- Up-to-date: /root/AGV/install/bumperbot_description/share/bumperbot_description/models/aws_robomaker_residential_PortraitC_01/materials/textures/aws_PortraitC_01.png
[0.865s] -- Up-to-date: /root/AGV/install/bumperbot_description/share/bumperbot_description/models/aws_robomaker_residential_PortraitC_01/materials/textures/aws_PortraitC_01.png:Zone.Identifier
[0.866s] -- Up-to-date: /root/AGV/install/bumperbot_description/share/bumperbot_description/models/aws_robomaker_residential_PortraitE_01
[0.866s] -- Up-to-date: /root/AGV/install/bumperbot_description/share/bumperbot_description/models/aws_robomaker_residential_PortraitE_01/model.config:Zone.Identifier
[0.866s] -- Up-to-date: /root/AGV/install/bumperbot_description/share/bumperbot_description/models/aws_robomaker_residential_PortraitE_01/model.sdf:Zone.Identifier
[0.866s] -- Up-to-date: /root/AGV/install/bumperbot_description/share/bumperbot_description/models/aws_robomaker_residential_PortraitE_01/model.config
[0.866s] -- Up-to-date: /root/AGV/install/bumperbot_description/share/bumperbot_description/models/aws_robomaker_residential_PortraitE_01/meshes
[0.866s] -- Up-to-date: /root/AGV/install/bumperbot_description/share/bumperbot_description/models/aws_robomaker_residential_PortraitE_01/meshes/aws_PortraitE_01_visual.DAE:Zone.Identifier
[0.866s] -- Up-to-date: /root/AGV/install/bumperbot_description/share/bumperbot_description/models/aws_robomaker_residential_PortraitE_01/meshes/aws_PortraitE_01_collision.DAE:Zone.Identifier
[0.866s] -- Up-to-date: /root/AGV/install/bumperbot_description/share/bumperbot_description/models/aws_robomaker_residential_PortraitE_01/meshes/aws_PortraitE_01_collision.DAE
[0.867s] -- Up-to-date: /root/AGV/install/bumperbot_description/share/bumperbot_description/models/aws_robomaker_residential_PortraitE_01/meshes/aws_PortraitE_01_visual.DAE
[0.867s] -- Up-to-date: /root/AGV/install/bumperbot_description/share/bumperbot_description/models/aws_robomaker_residential_PortraitE_01/model.sdf
[0.867s] -- Up-to-date: /root/AGV/install/bumperbot_description/share/bumperbot_description/models/aws_robomaker_residential_PortraitE_01/materials
[0.867s] -- Up-to-date: /root/AGV/install/bumperbot_description/share/bumperbot_description/models/aws_robomaker_residential_PortraitE_01/materials/textures
[0.867s] -- Up-to-date: /root/AGV/install/bumperbot_description/share/bumperbot_description/models/aws_robomaker_residential_PortraitE_01/materials/textures/aws_PortraitE_02.png
[0.867s] -- Up-to-date: /root/AGV/install/bumperbot_description/share/bumperbot_description/models/aws_robomaker_residential_PortraitE_01/materials/textures/aws_PortraitE_01.png
[0.868s] -- Up-to-date: /root/AGV/install/bumperbot_description/share/bumperbot_description/models/aws_robomaker_residential_PortraitE_01/materials/textures/PortraitE_01.jpg:Zone.Identifier
[0.868s] -- Up-to-date: /root/AGV/install/bumperbot_description/share/bumperbot_description/models/aws_robomaker_residential_PortraitE_01/materials/textures/PortraitE_01.jpg
[0.869s] -- Up-to-date: /root/AGV/install/bumperbot_description/share/bumperbot_description/models/aws_robomaker_residential_PortraitE_01/materials/textures/aws_PortraitE_02.png:Zone.Identifier
[0.869s] -- Up-to-date: /root/AGV/install/bumperbot_description/share/bumperbot_description/models/aws_robomaker_residential_PortraitE_01/materials/textures/aws_PortraitE_01.png:Zone.Identifier
[0.871s] -- Up-to-date: /root/AGV/install/bumperbot_description/share/bumperbot_description/models/aws_robomaker_residential_FitnessEquipment_01
[0.871s] -- Up-to-date: /root/AGV/install/bumperbot_description/share/bumperbot_description/models/aws_robomaker_residential_FitnessEquipment_01/model.config:Zone.Identifier
[0.872s] -- Up-to-date: /root/AGV/install/bumperbot_description/share/bumperbot_description/models/aws_robomaker_residential_FitnessEquipment_01/model.sdf:Zone.Identifier
[0.872s] -- Up-to-date: /root/AGV/install/bumperbot_description/share/bumperbot_description/models/aws_robomaker_residential_FitnessEquipment_01/model.config
[0.872s] -- Up-to-date: /root/AGV/install/bumperbot_description/share/bumperbot_description/models/aws_robomaker_residential_FitnessEquipment_01/meshes
[0.873s] -- Up-to-date: /root/AGV/install/bumperbot_description/share/bumperbot_description/models/aws_robomaker_residential_FitnessEquipment_01/meshes/aws_FitnessEquipment_01_visual.DAE
[0.873s] -- Up-to-date: /root/AGV/install/bumperbot_description/share/bumperbot_description/models/aws_robomaker_residential_FitnessEquipment_01/meshes/aws_FitnessEquipment_01_visual.DAE:Zone.Identifier
[0.873s] -- Up-to-date: /root/AGV/install/bumperbot_description/share/bumperbot_description/models/aws_robomaker_residential_FitnessEquipment_01/meshes/aws_FitnessEquipment_01_collision.DAE:Zone.Identifier
[0.873s] -- Up-to-date: /root/AGV/install/bumperbot_description/share/bumperbot_description/models/aws_robomaker_residential_FitnessEquipment_01/meshes/aws_FitnessEquipment_01_collision.DAE
[0.873s] -- Up-to-date: /root/AGV/install/bumperbot_description/share/bumperbot_description/models/aws_robomaker_residential_FitnessEquipment_01/model.sdf
[0.873s] -- Up-to-date: /root/AGV/install/bumperbot_description/share/bumperbot_description/models/aws_robomaker_residential_FitnessEquipment_01/materials
[0.874s] -- Up-to-date: /root/AGV/install/bumperbot_description/share/bumperbot_description/models/aws_robomaker_residential_FitnessEquipment_01/materials/textures
[0.874s] -- Up-to-date: /root/AGV/install/bumperbot_description/share/bumperbot_description/models/aws_robomaker_residential_FitnessEquipment_01/materials/textures/aws_FitnessEquipment_01.png
[0.875s] -- Up-to-date: /root/AGV/install/bumperbot_description/share/bumperbot_description/models/aws_robomaker_residential_FitnessEquipment_01/materials/textures/aws_FitnessEquipment_01.png:Zone.Identifier
[0.877s] -- Up-to-date: /root/AGV/install/bumperbot_description/share/bumperbot_description/models/aws_robomaker_residential_DeskPortraitA_01
[0.877s] -- Up-to-date: /root/AGV/install/bumperbot_description/share/bumperbot_description/models/aws_robomaker_residential_DeskPortraitA_01/model.config:Zone.Identifier
[0.877s] -- Up-to-date: /root/AGV/install/bumperbot_description/share/bumperbot_description/models/aws_robomaker_residential_DeskPortraitA_01/model.sdf:Zone.Identifier
[0.877s] -- Up-to-date: /root/AGV/install/bumperbot_description/share/bumperbot_description/models/aws_robomaker_residential_DeskPortraitA_01/model.config
[0.877s] -- Up-to-date: /root/AGV/install/bumperbot_description/share/bumperbot_description/models/aws_robomaker_residential_DeskPortraitA_01/meshes
[0.877s] -- Up-to-date: /root/AGV/install/bumperbot_description/share/bumperbot_description/models/aws_robomaker_residential_DeskPortraitA_01/meshes/aws_DeskPortraitA_01_collision.DAE
[0.877s] -- Up-to-date: /root/AGV/install/bumperbot_description/share/bumperbot_description/models/aws_robomaker_residential_DeskPortraitA_01/meshes/aws_DeskPortraitA_01_collision.DAE:Zone.Identifier
[0.878s] -- Up-to-date: /root/AGV/install/bumperbot_description/share/bumperbot_description/models/aws_robomaker_residential_DeskPortraitA_01/meshes/aws_DeskPortraitA_01_visual.DAE
[0.878s] -- Up-to-date: /root/AGV/install/bumperbot_description/share/bumperbot_description/models/aws_robomaker_residential_DeskPortraitA_01/meshes/aws_DeskPortraitA_01_visual.DAE:Zone.Identifier
[0.878s] -- Up-to-date: /root/AGV/install/bumperbot_description/share/bumperbot_description/models/aws_robomaker_residential_DeskPortraitA_01/model.sdf
[0.878s] -- Up-to-date: /root/AGV/install/bumperbot_description/share/bumperbot_description/models/aws_robomaker_residential_DeskPortraitA_01/materials
[0.878s] -- Up-to-date: /root/AGV/install/bumperbot_description/share/bumperbot_description/models/aws_robomaker_residential_DeskPortraitA_01/materials/textures
[0.878s] -- Up-to-date: /root/AGV/install/bumperbot_description/share/bumperbot_description/models/aws_robomaker_residential_DeskPortraitA_01/materials/textures/aws_DeskPortraitA_02.png:Zone.Identifier
[0.878s] -- Up-to-date: /root/AGV/install/bumperbot_description/share/bumperbot_description/models/aws_robomaker_residential_DeskPortraitA_01/materials/textures/DeskPortraitA_01.jpg
[0.878s] -- Up-to-date: /root/AGV/install/bumperbot_description/share/bumperbot_description/models/aws_robomaker_residential_DeskPortraitA_01/materials/textures/aws_DeskPortraitA_02.png
[0.879s] -- Up-to-date: /root/AGV/install/bumperbot_description/share/bumperbot_description/models/aws_robomaker_residential_DeskPortraitA_01/materials/textures/aws_DeskPortraitA_01.png
[0.879s] -- Up-to-date: /root/AGV/install/bumperbot_description/share/bumperbot_description/models/aws_robomaker_residential_DeskPortraitA_01/materials/textures/DeskPortraitA_01.jpg:Zone.Identifier
[0.879s] -- Up-to-date: /root/AGV/install/bumperbot_description/share/bumperbot_description/models/aws_robomaker_residential_DeskPortraitA_01/materials/textures/aws_DeskPortraitA_01.png:Zone.Identifier
[0.879s] -- Up-to-date: /root/AGV/install/bumperbot_description/share/bumperbot_description/models/aws_robomaker_residential_SofaC_01
[0.880s] -- Up-to-date: /root/AGV/install/bumperbot_description/share/bumperbot_description/models/aws_robomaker_residential_SofaC_01/model.config:Zone.Identifier
[0.880s] -- Up-to-date: /root/AGV/install/bumperbot_description/share/bumperbot_description/models/aws_robomaker_residential_SofaC_01/model.sdf:Zone.Identifier
[0.880s] -- Up-to-date: /root/AGV/install/bumperbot_description/share/bumperbot_description/models/aws_robomaker_residential_SofaC_01/model.config
[0.880s] -- Up-to-date: /root/AGV/install/bumperbot_description/share/bumperbot_description/models/aws_robomaker_residential_SofaC_01/meshes
[0.881s] -- Up-to-date: /root/AGV/install/bumperbot_description/share/bumperbot_description/models/aws_robomaker_residential_SofaC_01/meshes/aws_SofaC_01_collision.DAE:Zone.Identifier
[0.881s] -- Up-to-date: /root/AGV/install/bumperbot_description/share/bumperbot_description/models/aws_robomaker_residential_SofaC_01/meshes/aws_SofaC_01_visual.DAE:Zone.Identifier
[0.881s] -- Up-to-date: /root/AGV/install/bumperbot_description/share/bumperbot_description/models/aws_robomaker_residential_SofaC_01/meshes/aws_SofaC_01_collision.DAE
[0.881s] -- Up-to-date: /root/AGV/install/bumperbot_description/share/bumperbot_description/models/aws_robomaker_residential_SofaC_01/meshes/aws_SofaC_01_visual.DAE
[0.881s] -- Up-to-date: /root/AGV/install/bumperbot_description/share/bumperbot_description/models/aws_robomaker_residential_SofaC_01/model.sdf
[0.881s] -- Up-to-date: /root/AGV/install/bumperbot_description/share/bumperbot_description/models/aws_robomaker_residential_SofaC_01/materials
[0.882s] -- Up-to-date: /root/AGV/install/bumperbot_description/share/bumperbot_description/models/aws_robomaker_residential_SofaC_01/materials/textures
[0.882s] -- Up-to-date: /root/AGV/install/bumperbot_description/share/bumperbot_description/models/aws_robomaker_residential_SofaC_01/materials/textures/aws_SofaC_01.png:Zone.Identifier
[0.882s] -- Up-to-date: /root/AGV/install/bumperbot_description/share/bumperbot_description/models/aws_robomaker_residential_SofaC_01/materials/textures/aws_SofaC_01.png
[0.887s] -- Up-to-date: /root/AGV/install/bumperbot_description/share/bumperbot_description/models/aws_robomaker_residential_Door_01
[0.887s] -- Up-to-date: /root/AGV/install/bumperbot_description/share/bumperbot_description/models/aws_robomaker_residential_Door_01/model.config:Zone.Identifier
[0.887s] -- Up-to-date: /root/AGV/install/bumperbot_description/share/bumperbot_description/models/aws_robomaker_residential_Door_01/model.sdf:Zone.Identifier
[0.887s] -- Up-to-date: /root/AGV/install/bumperbot_description/share/bumperbot_description/models/aws_robomaker_residential_Door_01/model.config
[0.887s] -- Up-to-date: /root/AGV/install/bumperbot_description/share/bumperbot_description/models/aws_robomaker_residential_Door_01/meshes
[0.887s] -- Up-to-date: /root/AGV/install/bumperbot_description/share/bumperbot_description/models/aws_robomaker_residential_Door_01/meshes/aws_Door_01_collision.DAE
[0.888s] -- Up-to-date: /root/AGV/install/bumperbot_description/share/bumperbot_description/models/aws_robomaker_residential_Door_01/meshes/aws_Door_01_visual.DAE:Zone.Identifier
[0.888s] -- Up-to-date: /root/AGV/install/bumperbot_description/share/bumperbot_description/models/aws_robomaker_residential_Door_01/meshes/aws_Door_01_visual.DAE
[0.888s] -- Up-to-date: /root/AGV/install/bumperbot_description/share/bumperbot_description/models/aws_robomaker_residential_Door_01/meshes/aws_Door_01_collision.DAE:Zone.Identifier
[0.888s] -- Up-to-date: /root/AGV/install/bumperbot_description/share/bumperbot_description/models/aws_robomaker_residential_Door_01/model.sdf
[0.888s] -- Up-to-date: /root/AGV/install/bumperbot_description/share/bumperbot_description/models/aws_robomaker_residential_Door_01/materials
[0.889s] -- Up-to-date: /root/AGV/install/bumperbot_description/share/bumperbot_description/models/aws_robomaker_residential_Door_01/materials/textures
[0.889s] -- Up-to-date: /root/AGV/install/bumperbot_description/share/bumperbot_description/models/aws_robomaker_residential_Door_01/materials/textures/aws_Door_01.png:Zone.Identifier
[0.889s] -- Up-to-date: /root/AGV/install/bumperbot_description/share/bumperbot_description/models/aws_robomaker_residential_Door_01/materials/textures/aws_Door_01.png
[0.889s] -- Up-to-date: /root/AGV/install/bumperbot_description/share/bumperbot_description/models/ground_plane
[0.889s] -- Up-to-date: /root/AGV/install/bumperbot_description/share/bumperbot_description/models/ground_plane/model-1_2.sdf
[0.889s] -- Up-to-date: /root/AGV/install/bumperbot_description/share/bumperbot_description/models/ground_plane/model.config:Zone.Identifier
[0.889s] -- Up-to-date: /root/AGV/install/bumperbot_description/share/bumperbot_description/models/ground_plane/model.sdf:Zone.Identifier
[0.890s] -- Up-to-date: /root/AGV/install/bumperbot_description/share/bumperbot_description/models/ground_plane/model.config
[0.890s] -- Up-to-date: /root/AGV/install/bumperbot_description/share/bumperbot_description/models/ground_plane/model-1_4.sdf
[0.890s] -- Up-to-date: /root/AGV/install/bumperbot_description/share/bumperbot_description/models/ground_plane/model-1_3.sdf
[0.890s] -- Up-to-date: /root/AGV/install/bumperbot_description/share/bumperbot_description/models/ground_plane/model.sdf
[0.890s] -- Up-to-date: /root/AGV/install/bumperbot_description/share/bumperbot_description/models/ground_plane/model-1_4.sdf:Zone.Identifier
[0.890s] -- Up-to-date: /root/AGV/install/bumperbot_description/share/bumperbot_description/models/ground_plane/model-1_3.sdf:Zone.Identifier
[0.890s] -- Up-to-date: /root/AGV/install/bumperbot_description/share/bumperbot_description/models/ground_plane/model-1_2.sdf:Zone.Identifier
[0.890s] -- Up-to-date: /root/AGV/install/bumperbot_description/share/bumperbot_description/models/aws_robomaker_residential_DeskPortraitB_01
[0.890s] -- Up-to-date: /root/AGV/install/bumperbot_description/share/bumperbot_description/models/aws_robomaker_residential_DeskPortraitB_01/model.config:Zone.Identifier
[0.891s] -- Up-to-date: /root/AGV/install/bumperbot_description/share/bumperbot_description/models/aws_robomaker_residential_DeskPortraitB_01/model.sdf:Zone.Identifier
[0.891s] -- Up-to-date: /root/AGV/install/bumperbot_description/share/bumperbot_description/models/aws_robomaker_residential_DeskPortraitB_01/model.config
[0.891s] -- Up-to-date: /root/AGV/install/bumperbot_description/share/bumperbot_description/models/aws_robomaker_residential_DeskPortraitB_01/meshes
[0.891s] -- Up-to-date: /root/AGV/install/bumperbot_description/share/bumperbot_description/models/aws_robomaker_residential_DeskPortraitB_01/meshes/aws_DeskPortraitB_01_visual.DAE:Zone.Identifier
[0.891s] -- Up-to-date: /root/AGV/install/bumperbot_description/share/bumperbot_description/models/aws_robomaker_residential_DeskPortraitB_01/meshes/aws_DeskPortraitB_01_collision.DAE
[0.892s] -- Up-to-date: /root/AGV/install/bumperbot_description/share/bumperbot_description/models/aws_robomaker_residential_DeskPortraitB_01/meshes/aws_DeskPortraitB_01_collision.DAE:Zone.Identifier
[0.892s] -- Up-to-date: /root/AGV/install/bumperbot_description/share/bumperbot_description/models/aws_robomaker_residential_DeskPortraitB_01/meshes/aws_DeskPortraitB_01_visual.DAE
[0.892s] -- Up-to-date: /root/AGV/install/bumperbot_description/share/bumperbot_description/models/aws_robomaker_residential_DeskPortraitB_01/model.sdf
[0.892s] -- Up-to-date: /root/AGV/install/bumperbot_description/share/bumperbot_description/models/aws_robomaker_residential_DeskPortraitB_01/materials
[0.893s] -- Up-to-date: /root/AGV/install/bumperbot_description/share/bumperbot_description/models/aws_robomaker_residential_DeskPortraitB_01/materials/textures
[0.893s] -- Up-to-date: /root/AGV/install/bumperbot_description/share/bumperbot_description/models/aws_robomaker_residential_DeskPortraitB_01/materials/textures/aws_DeskPortraitB_01.png
[0.893s] -- Up-to-date: /root/AGV/install/bumperbot_description/share/bumperbot_description/models/aws_robomaker_residential_DeskPortraitB_01/materials/textures/aws_DeskPortraitB_02.png:Zone.Identifier
[0.893s] -- Up-to-date: /root/AGV/install/bumperbot_description/share/bumperbot_description/models/aws_robomaker_residential_DeskPortraitB_01/materials/textures/aws_DeskPortraitB_01.png:Zone.Identifier
[0.893s] -- Up-to-date: /root/AGV/install/bumperbot_description/share/bumperbot_description/models/aws_robomaker_residential_DeskPortraitB_01/materials/textures/aws_DeskPortraitB_02.png
[0.893s] -- Up-to-date: /root/AGV/install/bumperbot_description/share/bumperbot_description/models/aws_robomaker_residential_DeskPortraitB_01/materials/textures/DeskPortraitB_01.jpg:Zone.Identifier
[0.893s] -- Up-to-date: /root/AGV/install/bumperbot_description/share/bumperbot_description/models/aws_robomaker_residential_DeskPortraitB_01/materials/textures/DeskPortraitB_01.jpg
[0.893s] -- Up-to-date: /root/AGV/install/bumperbot_description/share/bumperbot_description/models/aws_robomaker_residential_RoomWindow_01
[0.894s] -- Up-to-date: /root/AGV/install/bumperbot_description/share/bumperbot_description/models/aws_robomaker_residential_RoomWindow_01/model.config:Zone.Identifier
[0.894s] -- Up-to-date: /root/AGV/install/bumperbot_description/share/bumperbot_description/models/aws_robomaker_residential_RoomWindow_01/model.sdf:Zone.Identifier
[0.894s] -- Up-to-date: /root/AGV/install/bumperbot_description/share/bumperbot_description/models/aws_robomaker_residential_RoomWindow_01/model.config
[0.894s] -- Up-to-date: /root/AGV/install/bumperbot_description/share/bumperbot_description/models/aws_robomaker_residential_RoomWindow_01/meshes
[0.894s] -- Up-to-date: /root/AGV/install/bumperbot_description/share/bumperbot_description/models/aws_robomaker_residential_RoomWindow_01/meshes/aws_RoomWindow_01_collision.DAE:Zone.Identifier
[0.894s] -- Up-to-date: /root/AGV/install/bumperbot_description/share/bumperbot_description/models/aws_robomaker_residential_RoomWindow_01/meshes/aws_RoomWindow_01_visual.DAE:Zone.Identifier
[0.894s] -- Up-to-date: /root/AGV/install/bumperbot_description/share/bumperbot_description/models/aws_robomaker_residential_RoomWindow_01/meshes/aws_RoomWindow_01_collision.DAE
[0.894s] -- Up-to-date: /root/AGV/install/bumperbot_description/share/bumperbot_description/models/aws_robomaker_residential_RoomWindow_01/meshes/aws_RoomWindow_01_visual.DAE
[0.895s] -- Up-to-date: /root/AGV/install/bumperbot_description/share/bumperbot_description/models/aws_robomaker_residential_RoomWindow_01/model.sdf
[0.895s] -- Up-to-date: /root/AGV/install/bumperbot_description/share/bumperbot_description/models/aws_robomaker_residential_RoomWindow_01/materials
[0.895s] -- Up-to-date: /root/AGV/install/bumperbot_description/share/bumperbot_description/models/aws_robomaker_residential_RoomWindow_01/materials/textures
[0.895s] -- Up-to-date: /root/AGV/install/bumperbot_description/share/bumperbot_description/models/aws_robomaker_residential_RoomWindow_01/materials/textures/aws_RoomWindow_01.png:Zone.Identifier
[0.895s] -- Up-to-date: /root/AGV/install/bumperbot_description/share/bumperbot_description/models/aws_robomaker_residential_RoomWindow_01/materials/textures/aws_RoomWindow_01.png
[0.895s] -- Up-to-date: /root/AGV/install/bumperbot_description/share/bumperbot_description/models/aws_robomaker_residential_DeskPortraitC_01
[0.895s] -- Up-to-date: /root/AGV/install/bumperbot_description/share/bumperbot_description/models/aws_robomaker_residential_DeskPortraitC_01/model.config:Zone.Identifier
[0.896s] -- Up-to-date: /root/AGV/install/bumperbot_description/share/bumperbot_description/models/aws_robomaker_residential_DeskPortraitC_01/model.sdf:Zone.Identifier
[0.896s] -- Up-to-date: /root/AGV/install/bumperbot_description/share/bumperbot_description/models/aws_robomaker_residential_DeskPortraitC_01/model.config
[0.896s] -- Up-to-date: /root/AGV/install/bumperbot_description/share/bumperbot_description/models/aws_robomaker_residential_DeskPortraitC_01/meshes
[0.896s] -- Up-to-date: /root/AGV/install/bumperbot_description/share/bumperbot_description/models/aws_robomaker_residential_DeskPortraitC_01/meshes/aws_DeskPortraitC_01_collision.DAE
[0.897s] -- Up-to-date: /root/AGV/install/bumperbot_description/share/bumperbot_description/models/aws_robomaker_residential_DeskPortraitC_01/meshes/aws_DeskPortraitC_01_visual.DAE
[0.897s] -- Up-to-date: /root/AGV/install/bumperbot_description/share/bumperbot_description/models/aws_robomaker_residential_DeskPortraitC_01/meshes/aws_DeskPortraitC_01_collision.DAE:Zone.Identifier
[0.897s] -- Up-to-date: /root/AGV/install/bumperbot_description/share/bumperbot_description/models/aws_robomaker_residential_DeskPortraitC_01/meshes/aws_DeskPortraitC_01_visual.DAE:Zone.Identifier
[0.897s] -- Up-to-date: /root/AGV/install/bumperbot_description/share/bumperbot_description/models/aws_robomaker_residential_DeskPortraitC_01/model.sdf
[0.897s] -- Up-to-date: /root/AGV/install/bumperbot_description/share/bumperbot_description/models/aws_robomaker_residential_DeskPortraitC_01/materials
[0.898s] -- Up-to-date: /root/AGV/install/bumperbot_description/share/bumperbot_description/models/aws_robomaker_residential_DeskPortraitC_01/materials/textures
[0.898s] -- Up-to-date: /root/AGV/install/bumperbot_description/share/bumperbot_description/models/aws_robomaker_residential_DeskPortraitC_01/materials/textures/aws_DeskPortraitC_01.png
[0.898s] -- Up-to-date: /root/AGV/install/bumperbot_description/share/bumperbot_description/models/aws_robomaker_residential_DeskPortraitC_01/materials/textures/DeskPortraitC_01.jpg
[0.898s] -- Up-to-date: /root/AGV/install/bumperbot_description/share/bumperbot_description/models/aws_robomaker_residential_DeskPortraitC_01/materials/textures/aws_DeskPortraitC_02.png:Zone.Identifier
[0.898s] -- Up-to-date: /root/AGV/install/bumperbot_description/share/bumperbot_description/models/aws_robomaker_residential_DeskPortraitC_01/materials/textures/aws_DeskPortraitC_02.png
[0.899s] -- Up-to-date: /root/AGV/install/bumperbot_description/share/bumperbot_description/models/aws_robomaker_residential_DeskPortraitC_01/materials/textures/aws_DeskPortraitC_01.png:Zone.Identifier
[0.899s] -- Up-to-date: /root/AGV/install/bumperbot_description/share/bumperbot_description/models/aws_robomaker_residential_DeskPortraitC_01/materials/textures/DeskPortraitC_01.jpg:Zone.Identifier
[0.899s] -- Up-to-date: /root/AGV/install/bumperbot_description/share/bumperbot_description/models/aws_robomaker_residential_TVCabinet_01
[0.899s] -- Up-to-date: /root/AGV/install/bumperbot_description/share/bumperbot_description/models/aws_robomaker_residential_TVCabinet_01/model.config:Zone.Identifier
[0.899s] -- Up-to-date: /root/AGV/install/bumperbot_description/share/bumperbot_description/models/aws_robomaker_residential_TVCabinet_01/model.sdf:Zone.Identifier
[0.899s] -- Up-to-date: /root/AGV/install/bumperbot_description/share/bumperbot_description/models/aws_robomaker_residential_TVCabinet_01/model.config
[0.899s] -- Up-to-date: /root/AGV/install/bumperbot_description/share/bumperbot_description/models/aws_robomaker_residential_TVCabinet_01/meshes
[0.899s] -- Up-to-date: /root/AGV/install/bumperbot_description/share/bumperbot_description/models/aws_robomaker_residential_TVCabinet_01/meshes/aws_TVCabinet_01_collision.DAE
[0.899s] -- Up-to-date: /root/AGV/install/bumperbot_description/share/bumperbot_description/models/aws_robomaker_residential_TVCabinet_01/meshes/aws_TVCabinet_01_visual.DAE
[0.900s] -- Up-to-date: /root/AGV/install/bumperbot_description/share/bumperbot_description/models/aws_robomaker_residential_TVCabinet_01/meshes/aws_TVCabinet_01_visual.DAE:Zone.Identifier
[0.900s] -- Up-to-date: /root/AGV/install/bumperbot_description/share/bumperbot_description/models/aws_robomaker_residential_TVCabinet_01/meshes/aws_TVCabinet_01_collision.DAE:Zone.Identifier
[0.900s] -- Up-to-date: /root/AGV/install/bumperbot_description/share/bumperbot_description/models/aws_robomaker_residential_TVCabinet_01/model.sdf
[0.900s] -- Up-to-date: /root/AGV/install/bumperbot_description/share/bumperbot_description/models/aws_robomaker_residential_TVCabinet_01/materials
[0.900s] -- Up-to-date: /root/AGV/install/bumperbot_description/share/bumperbot_description/models/aws_robomaker_residential_TVCabinet_01/materials/textures
[0.900s] -- Up-to-date: /root/AGV/install/bumperbot_description/share/bumperbot_description/models/aws_robomaker_residential_TVCabinet_01/materials/textures/aws_TVCabinet_01.png:Zone.Identifier
[0.901s] -- Up-to-date: /root/AGV/install/bumperbot_description/share/bumperbot_description/models/aws_robomaker_residential_TVCabinet_01/materials/textures/aws_TVCabinet_01.png
[0.901s] -- Up-to-date: /root/AGV/install/bumperbot_description/share/bumperbot_description/worlds
[0.901s] -- Up-to-date: /root/AGV/install/bumperbot_description/share/bumperbot_description/worlds/willowgarage.world:Zone.Identifier
[0.901s] -- Up-to-date: /root/AGV/install/bumperbot_description/share/bumperbot_description/worlds/small_house.world:Zone.Identifier
[0.901s] -- Up-to-date: /root/AGV/install/bumperbot_description/share/bumperbot_description/worlds/small_house.world
[0.901s] -- Up-to-date: /root/AGV/install/bumperbot_description/share/bumperbot_description/worlds/willowgarage.world
[0.901s] -- Up-to-date: /root/AGV/install/bumperbot_description/share/ament_index/resource_index/package_run_dependencies/bumperbot_description
[0.901s] -- Up-to-date: /root/AGV/install/bumperbot_description/share/ament_index/resource_index/parent_prefix_path/bumperbot_description
[0.902s] -- Up-to-date: /root/AGV/install/bumperbot_description/share/bumperbot_description/environment/ament_prefix_path.sh
[0.902s] -- Up-to-date: /root/AGV/install/bumperbot_description/share/bumperbot_description/environment/ament_prefix_path.dsv
[0.902s] -- Up-to-date: /root/AGV/install/bumperbot_description/share/bumperbot_description/environment/path.sh
[0.902s] -- Up-to-date: /root/AGV/install/bumperbot_description/share/bumperbot_description/environment/path.dsv
[0.902s] -- Up-to-date: /root/AGV/install/bumperbot_description/share/bumperbot_description/local_setup.bash
[0.902s] -- Up-to-date: /root/AGV/install/bumperbot_description/share/bumperbot_description/local_setup.sh
[0.902s] -- Up-to-date: /root/AGV/install/bumperbot_description/share/bumperbot_description/local_setup.zsh
[0.903s] -- Up-to-date: /root/AGV/install/bumperbot_description/share/bumperbot_description/local_setup.dsv
[0.903s] -- Up-to-date: /root/AGV/install/bumperbot_description/share/bumperbot_description/package.dsv
[0.903s] -- Up-to-date: /root/AGV/install/bumperbot_description/share/ament_index/resource_index/packages/bumperbot_description
[0.904s] -- Up-to-date: /root/AGV/install/bumperbot_description/share/bumperbot_description/cmake/bumperbot_descriptionConfig.cmake
[0.904s] -- Up-to-date: /root/AGV/install/bumperbot_description/share/bumperbot_description/cmake/bumperbot_descriptionConfig-version.cmake
[0.904s] -- Up-to-date: /root/AGV/install/bumperbot_description/share/bumperbot_description/package.xml
[0.915s] Invoked command in '/root/AGV/build/bumperbot_description' returned '0': CMAKE_PREFIX_PATH=/opt/ros/humble /usr/bin/cmake --install /root/AGV/build/bumperbot_description
