[0.027s] Invoking command in '/home/wapush/AGV/bumperbot_ws/build/bumperbot_description': CMAKE_PREFIX_PATH=/opt/ros/humble /usr/bin/cmake /home/wapush/AGV/bumperbot_ws/src/bumperbot_description -DCMAKE_INSTALL_PREFIX=/home/wapush/AGV/bumperbot_ws/install/bumperbot_description
[0.242s] -- The C compiler identification is GNU 11.4.0
[0.416s] -- The CXX compiler identification is GNU 11.4.0
[0.537s] -- Detecting C compiler ABI info
[0.647s] -- Detecting C compiler ABI info - done
[0.654s] -- Check for working C compiler: /usr/bin/cc - skipped
[0.654s] -- Detecting C compile features
[0.654s] -- Detecting C compile features - done
[0.658s] -- Detecting CXX compiler ABI info
[0.800s] -- Detecting CXX compiler ABI info - done
[0.805s] -- Check for working CXX compiler: /usr/bin/c++ - skipped
[0.806s] -- Detecting CXX compile features
[0.806s] -- Detecting CXX compile features - done
[0.809s] -- Found ament_cmake: 1.3.10 (/opt/ros/humble/share/ament_cmake/cmake)
[0.920s] -- Found Python3: /usr/bin/python3 (found version "3.10.12") found components: Interpreter 
[0.989s] -- Found ament_lint_auto: 0.12.11 (/opt/ros/humble/share/ament_lint_auto/cmake)
[1.071s] -- Added test 'flake8' to check Python code syntax and style conventions
[1.076s] -- Added test 'lint_cmake' to check CMake code style
[1.079s] -- Added test 'pep257' to check Python code against some of the docstring style conventions in PEP 257
[1.105s] -- Added test 'xmllint' to check XML markup files
[1.106s] -- Configuring done
[1.109s] -- Generating done
[1.110s] -- Build files have been written to: /home/wapush/AGV/bumperbot_ws/build/bumperbot_description
[1.114s] Invoked command in '/home/wapush/AGV/bumperbot_ws/build/bumperbot_description' returned '0': CMAKE_PREFIX_PATH=/opt/ros/humble /usr/bin/cmake /home/wapush/AGV/bumperbot_ws/src/bumperbot_description -DCMAKE_INSTALL_PREFIX=/home/wapush/AGV/bumperbot_ws/install/bumperbot_description
[1.115s] Invoking command in '/home/wapush/AGV/bumperbot_ws/build/bumperbot_description': CMAKE_PREFIX_PATH=/opt/ros/humble /usr/bin/cmake --build /home/wapush/AGV/bumperbot_ws/build/bumperbot_description -- -j20 -l20
[1.143s] Invoked command in '/home/wapush/AGV/bumperbot_ws/build/bumperbot_description' returned '0': CMAKE_PREFIX_PATH=/opt/ros/humble /usr/bin/cmake --build /home/wapush/AGV/bumperbot_ws/build/bumperbot_description -- -j20 -l20
[1.169s] Invoking command in '/home/wapush/AGV/bumperbot_ws/build/bumperbot_description': CMAKE_PREFIX_PATH=/opt/ros/humble /usr/bin/cmake --install /home/wapush/AGV/bumperbot_ws/build/bumperbot_description
[1.173s] -- Install configuration: ""
[1.173s] -- Installing: /home/wapush/AGV/bumperbot_ws/install/bumperbot_description/share/bumperbot_description/meshes
[1.173s] -- Installing: /home/wapush/AGV/bumperbot_ws/install/bumperbot_description/share/bumperbot_description/meshes/wheel_left_link.STL
[1.179s] -- Installing: /home/wapush/AGV/bumperbot_ws/install/bumperbot_description/share/bumperbot_description/meshes/laser_link.STL
[1.195s] -- Installing: /home/wapush/AGV/bumperbot_ws/install/bumperbot_description/share/bumperbot_description/meshes/caster_front_link.STL
[1.196s] -- Installing: /home/wapush/AGV/bumperbot_ws/install/bumperbot_description/share/bumperbot_description/meshes/wheel_right_link.STL
[1.200s] -- Installing: /home/wapush/AGV/bumperbot_ws/install/bumperbot_description/share/bumperbot_description/meshes/imu_link.STL
[1.201s] -- Installing: /home/wapush/AGV/bumperbot_ws/install/bumperbot_description/share/bumperbot_description/meshes/base_link.STL
[1.249s] -- Installing: /home/wapush/AGV/bumperbot_ws/install/bumperbot_description/share/bumperbot_description/meshes/caster_rear_link.STL
[1.251s] -- Installing: /home/wapush/AGV/bumperbot_ws/install/bumperbot_description/share/bumperbot_description/urdf
[1.251s] -- Installing: /home/wapush/AGV/bumperbot_ws/install/bumperbot_description/share/bumperbot_description/urdf/bumperbot_ros2_control.xacro
[1.251s] -- Installing: /home/wapush/AGV/bumperbot_ws/install/bumperbot_description/share/bumperbot_description/urdf/bumperbot_gazebo.xacro
[1.251s] -- Installing: /home/wapush/AGV/bumperbot_ws/install/bumperbot_description/share/bumperbot_description/urdf/bumperbot.urdf.xacro
[1.251s] -- Installing: /home/wapush/AGV/bumperbot_ws/install/bumperbot_description/share/bumperbot_description/launch
[1.252s] -- Installing: /home/wapush/AGV/bumperbot_ws/install/bumperbot_description/share/bumperbot_description/launch/display.launch.py
[1.252s] -- Installing: /home/wapush/AGV/bumperbot_ws/install/bumperbot_description/share/bumperbot_description/launch/gazebo.launch.py
[1.252s] -- Installing: /home/wapush/AGV/bumperbot_ws/install/bumperbot_description/share/bumperbot_description/rviz
[1.253s] -- Installing: /home/wapush/AGV/bumperbot_ws/install/bumperbot_description/share/bumperbot_description/rviz/display.rviz
[1.253s] -- Installing: /home/wapush/AGV/bumperbot_ws/install/bumperbot_description/share/bumperbot_description/models
[1.253s] -- Installing: /home/wapush/AGV/bumperbot_ws/install/bumperbot_description/share/bumperbot_description/models/aws_robomaker_residential_PortraitD_02
[1.253s] -- Installing: /home/wapush/AGV/bumperbot_ws/install/bumperbot_description/share/bumperbot_description/models/aws_robomaker_residential_PortraitD_02/model.sdf:Zone.Identifier
[1.254s] -- Installing: /home/wapush/AGV/bumperbot_ws/install/bumperbot_description/share/bumperbot_description/models/aws_robomaker_residential_PortraitD_02/model.config:Zone.Identifier
[1.254s] -- Installing: /home/wapush/AGV/bumperbot_ws/install/bumperbot_description/share/bumperbot_description/models/aws_robomaker_residential_PortraitD_02/materials
[1.254s] -- Installing: /home/wapush/AGV/bumperbot_ws/install/bumperbot_description/share/bumperbot_description/models/aws_robomaker_residential_PortraitD_02/materials/textures
[1.255s] -- Installing: /home/wapush/AGV/bumperbot_ws/install/bumperbot_description/share/bumperbot_description/models/aws_robomaker_residential_PortraitD_02/materials/textures/aws_PortraitD_01.png:Zone.Identifier
[1.255s] -- Installing: /home/wapush/AGV/bumperbot_ws/install/bumperbot_description/share/bumperbot_description/models/aws_robomaker_residential_PortraitD_02/materials/textures/aws_PortraitD_02.png
[1.258s] -- Installing: /home/wapush/AGV/bumperbot_ws/install/bumperbot_description/share/bumperbot_description/models/aws_robomaker_residential_PortraitD_02/materials/textures/PortraitD_02.jpg
[1.258s] -- Installing: /home/wapush/AGV/bumperbot_ws/install/bumperbot_description/share/bumperbot_description/models/aws_robomaker_residential_PortraitD_02/materials/textures/aws_PortraitD_02.png:Zone.Identifier
[1.258s] -- Installing: /home/wapush/AGV/bumperbot_ws/install/bumperbot_description/share/bumperbot_description/models/aws_robomaker_residential_PortraitD_02/materials/textures/aws_PortraitD_01.png
[1.259s] -- Installing: /home/wapush/AGV/bumperbot_ws/install/bumperbot_description/share/bumperbot_description/models/aws_robomaker_residential_PortraitD_02/materials/textures/PortraitD_02.jpg:Zone.Identifier
[1.259s] -- Installing: /home/wapush/AGV/bumperbot_ws/install/bumperbot_description/share/bumperbot_description/models/aws_robomaker_residential_PortraitD_02/model.config
[1.259s] -- Installing: /home/wapush/AGV/bumperbot_ws/install/bumperbot_description/share/bumperbot_description/models/aws_robomaker_residential_PortraitD_02/model.sdf
[1.259s] -- Installing: /home/wapush/AGV/bumperbot_ws/install/bumperbot_description/share/bumperbot_description/models/aws_robomaker_residential_PortraitD_02/meshes
[1.259s] -- Installing: /home/wapush/AGV/bumperbot_ws/install/bumperbot_description/share/bumperbot_description/models/aws_robomaker_residential_PortraitD_02/meshes/aws_PortraitD_01_visual.DAE:Zone.Identifier
[1.260s] -- Installing: /home/wapush/AGV/bumperbot_ws/install/bumperbot_description/share/bumperbot_description/models/aws_robomaker_residential_PortraitD_02/meshes/aws_PortraitD_01_collision.DAE
[1.260s] -- Installing: /home/wapush/AGV/bumperbot_ws/install/bumperbot_description/share/bumperbot_description/models/aws_robomaker_residential_PortraitD_02/meshes/aws_PortraitD_01_collision.DAE:Zone.Identifier
[1.260s] -- Installing: /home/wapush/AGV/bumperbot_ws/install/bumperbot_description/share/bumperbot_description/models/aws_robomaker_residential_PortraitD_02/meshes/aws_PortraitD_01_visual.DAE
[1.260s] -- Installing: /home/wapush/AGV/bumperbot_ws/install/bumperbot_description/share/bumperbot_description/models/aws_robomaker_residential_DeskPortraitD_04
[1.260s] -- Installing: /home/wapush/AGV/bumperbot_ws/install/bumperbot_description/share/bumperbot_description/models/aws_robomaker_residential_DeskPortraitD_04/model.sdf:Zone.Identifier
[1.260s] -- Installing: /home/wapush/AGV/bumperbot_ws/install/bumperbot_description/share/bumperbot_description/models/aws_robomaker_residential_DeskPortraitD_04/model.config:Zone.Identifier
[1.260s] -- Installing: /home/wapush/AGV/bumperbot_ws/install/bumperbot_description/share/bumperbot_description/models/aws_robomaker_residential_DeskPortraitD_04/materials
[1.260s] -- Installing: /home/wapush/AGV/bumperbot_ws/install/bumperbot_description/share/bumperbot_description/models/aws_robomaker_residential_DeskPortraitD_04/materials/textures
[1.260s] -- Installing: /home/wapush/AGV/bumperbot_ws/install/bumperbot_description/share/bumperbot_description/models/aws_robomaker_residential_DeskPortraitD_04/materials/textures/aws_DeskPortraitD_02.png:Zone.Identifier
[1.260s] -- Installing: /home/wapush/AGV/bumperbot_ws/install/bumperbot_description/share/bumperbot_description/models/aws_robomaker_residential_DeskPortraitD_04/materials/textures/DeskPortraitD_04.jpg:Zone.Identifier
[1.261s] -- Installing: /home/wapush/AGV/bumperbot_ws/install/bumperbot_description/share/bumperbot_description/models/aws_robomaker_residential_DeskPortraitD_04/materials/textures/aws_DeskPortraitD_01.png
[1.261s] -- Installing: /home/wapush/AGV/bumperbot_ws/install/bumperbot_description/share/bumperbot_description/models/aws_robomaker_residential_DeskPortraitD_04/materials/textures/aws_DeskPortraitD_01.png:Zone.Identifier
[1.261s] -- Installing: /home/wapush/AGV/bumperbot_ws/install/bumperbot_description/share/bumperbot_description/models/aws_robomaker_residential_DeskPortraitD_04/materials/textures/aws_DeskPortraitD_02.png
[1.265s] -- Installing: /home/wapush/AGV/bumperbot_ws/install/bumperbot_description/share/bumperbot_description/models/aws_robomaker_residential_DeskPortraitD_04/materials/textures/DeskPortraitD_04.jpg
[1.266s] -- Installing: /home/wapush/AGV/bumperbot_ws/install/bumperbot_description/share/bumperbot_description/models/aws_robomaker_residential_DeskPortraitD_04/model.config
[1.267s] -- Installing: /home/wapush/AGV/bumperbot_ws/install/bumperbot_description/share/bumperbot_description/models/aws_robomaker_residential_DeskPortraitD_04/model.sdf
[1.267s] -- Installing: /home/wapush/AGV/bumperbot_ws/install/bumperbot_description/share/bumperbot_description/models/aws_robomaker_residential_DeskPortraitD_04/meshes
[1.267s] -- Installing: /home/wapush/AGV/bumperbot_ws/install/bumperbot_description/share/bumperbot_description/models/aws_robomaker_residential_DeskPortraitD_04/meshes/aws_DeskPortraitD_01_visual.DAE
[1.267s] -- Installing: /home/wapush/AGV/bumperbot_ws/install/bumperbot_description/share/bumperbot_description/models/aws_robomaker_residential_DeskPortraitD_04/meshes/aws_DeskPortraitD_01_visual.DAE:Zone.Identifier
[1.267s] -- Installing: /home/wapush/AGV/bumperbot_ws/install/bumperbot_description/share/bumperbot_description/models/aws_robomaker_residential_DeskPortraitD_04/meshes/aws_DeskPortraitD_01_collision.DAE
[1.267s] -- Installing: /home/wapush/AGV/bumperbot_ws/install/bumperbot_description/share/bumperbot_description/models/aws_robomaker_residential_DeskPortraitD_04/meshes/aws_DeskPortraitD_01_collision.DAE:Zone.Identifier
[1.267s] -- Installing: /home/wapush/AGV/bumperbot_ws/install/bumperbot_description/share/bumperbot_description/models/aws_robomaker_residential_Ball_01
[1.268s] -- Installing: /home/wapush/AGV/bumperbot_ws/install/bumperbot_description/share/bumperbot_description/models/aws_robomaker_residential_Ball_01/model.sdf:Zone.Identifier
[1.268s] -- Installing: /home/wapush/AGV/bumperbot_ws/install/bumperbot_description/share/bumperbot_description/models/aws_robomaker_residential_Ball_01/model.config:Zone.Identifier
[1.268s] -- Installing: /home/wapush/AGV/bumperbot_ws/install/bumperbot_description/share/bumperbot_description/models/aws_robomaker_residential_Ball_01/materials
[1.268s] -- Installing: /home/wapush/AGV/bumperbot_ws/install/bumperbot_description/share/bumperbot_description/models/aws_robomaker_residential_Ball_01/materials/textures
[1.269s] -- Installing: /home/wapush/AGV/bumperbot_ws/install/bumperbot_description/share/bumperbot_description/models/aws_robomaker_residential_Ball_01/materials/textures/aws_Ball_01.png
[1.269s] -- Installing: /home/wapush/AGV/bumperbot_ws/install/bumperbot_description/share/bumperbot_description/models/aws_robomaker_residential_Ball_01/materials/textures/aws_Ball_01.png:Zone.Identifier
[1.269s] -- Installing: /home/wapush/AGV/bumperbot_ws/install/bumperbot_description/share/bumperbot_description/models/aws_robomaker_residential_Ball_01/model.config
[1.269s] -- Installing: /home/wapush/AGV/bumperbot_ws/install/bumperbot_description/share/bumperbot_description/models/aws_robomaker_residential_Ball_01/model.sdf
[1.269s] -- Installing: /home/wapush/AGV/bumperbot_ws/install/bumperbot_description/share/bumperbot_description/models/aws_robomaker_residential_Ball_01/meshes
[1.269s] -- Installing: /home/wapush/AGV/bumperbot_ws/install/bumperbot_description/share/bumperbot_description/models/aws_robomaker_residential_Ball_01/meshes/aws_Ball_01_collision.DAE
[1.270s] -- Installing: /home/wapush/AGV/bumperbot_ws/install/bumperbot_description/share/bumperbot_description/models/aws_robomaker_residential_Ball_01/meshes/aws_Ball_01_visual.DAE
[1.270s] -- Installing: /home/wapush/AGV/bumperbot_ws/install/bumperbot_description/share/bumperbot_description/models/aws_robomaker_residential_Ball_01/meshes/aws_Ball_01_collision.DAE:Zone.Identifier
[1.270s] -- Installing: /home/wapush/AGV/bumperbot_ws/install/bumperbot_description/share/bumperbot_description/models/aws_robomaker_residential_Ball_01/meshes/aws_Ball_01_visual.DAE:Zone.Identifier
[1.270s] -- Installing: /home/wapush/AGV/bumperbot_ws/install/bumperbot_description/share/bumperbot_description/models/aws_robomaker_residential_KitchenTable_01
[1.270s] -- Installing: /home/wapush/AGV/bumperbot_ws/install/bumperbot_description/share/bumperbot_description/models/aws_robomaker_residential_KitchenTable_01/model.sdf:Zone.Identifier
[1.271s] -- Installing: /home/wapush/AGV/bumperbot_ws/install/bumperbot_description/share/bumperbot_description/models/aws_robomaker_residential_KitchenTable_01/model.config:Zone.Identifier
[1.271s] -- Installing: /home/wapush/AGV/bumperbot_ws/install/bumperbot_description/share/bumperbot_description/models/aws_robomaker_residential_KitchenTable_01/materials
[1.273s] -- Installing: /home/wapush/AGV/bumperbot_ws/install/bumperbot_description/share/bumperbot_description/models/aws_robomaker_residential_KitchenTable_01/materials/textures
[1.273s] -- Installing: /home/wapush/AGV/bumperbot_ws/install/bumperbot_description/share/bumperbot_description/models/aws_robomaker_residential_KitchenTable_01/materials/textures/aws_KitchenTable_01.png
[1.275s] -- Installing: /home/wapush/AGV/bumperbot_ws/install/bumperbot_description/share/bumperbot_description/models/aws_robomaker_residential_KitchenTable_01/materials/textures/aws_KitchenTable_01.png:Zone.Identifier
[1.275s] -- Installing: /home/wapush/AGV/bumperbot_ws/install/bumperbot_description/share/bumperbot_description/models/aws_robomaker_residential_KitchenTable_01/model.config
[1.275s] -- Installing: /home/wapush/AGV/bumperbot_ws/install/bumperbot_description/share/bumperbot_description/models/aws_robomaker_residential_KitchenTable_01/model.sdf
[1.275s] -- Installing: /home/wapush/AGV/bumperbot_ws/install/bumperbot_description/share/bumperbot_description/models/aws_robomaker_residential_KitchenTable_01/meshes
[1.276s] -- Installing: /home/wapush/AGV/bumperbot_ws/install/bumperbot_description/share/bumperbot_description/models/aws_robomaker_residential_KitchenTable_01/meshes/aws_KitchenTable_01_visual.DAE:Zone.Identifier
[1.276s] -- Installing: /home/wapush/AGV/bumperbot_ws/install/bumperbot_description/share/bumperbot_description/models/aws_robomaker_residential_KitchenTable_01/meshes/aws_KitchenTable_01_visual.DAE
[1.276s] -- Installing: /home/wapush/AGV/bumperbot_ws/install/bumperbot_description/share/bumperbot_description/models/aws_robomaker_residential_KitchenTable_01/meshes/aws_KitchenTable_01_collision.DAE:Zone.Identifier
[1.276s] -- Installing: /home/wapush/AGV/bumperbot_ws/install/bumperbot_description/share/bumperbot_description/models/aws_robomaker_residential_KitchenTable_01/meshes/aws_KitchenTable_01_collision.DAE
[1.276s] -- Installing: /home/wapush/AGV/bumperbot_ws/install/bumperbot_description/share/bumperbot_description/models/aws_robomaker_residential_Door_01
[1.276s] -- Installing: /home/wapush/AGV/bumperbot_ws/install/bumperbot_description/share/bumperbot_description/models/aws_robomaker_residential_Door_01/model.sdf:Zone.Identifier
[1.277s] -- Installing: /home/wapush/AGV/bumperbot_ws/install/bumperbot_description/share/bumperbot_description/models/aws_robomaker_residential_Door_01/model.config:Zone.Identifier
[1.277s] -- Installing: /home/wapush/AGV/bumperbot_ws/install/bumperbot_description/share/bumperbot_description/models/aws_robomaker_residential_Door_01/materials
[1.277s] -- Installing: /home/wapush/AGV/bumperbot_ws/install/bumperbot_description/share/bumperbot_description/models/aws_robomaker_residential_Door_01/materials/textures
[1.277s] -- Installing: /home/wapush/AGV/bumperbot_ws/install/bumperbot_description/share/bumperbot_description/models/aws_robomaker_residential_Door_01/materials/textures/aws_Door_01.png
[1.279s] -- Installing: /home/wapush/AGV/bumperbot_ws/install/bumperbot_description/share/bumperbot_description/models/aws_robomaker_residential_Door_01/materials/textures/aws_Door_01.png:Zone.Identifier
[1.279s] -- Installing: /home/wapush/AGV/bumperbot_ws/install/bumperbot_description/share/bumperbot_description/models/aws_robomaker_residential_Door_01/model.config
[1.279s] -- Installing: /home/wapush/AGV/bumperbot_ws/install/bumperbot_description/share/bumperbot_description/models/aws_robomaker_residential_Door_01/model.sdf
[1.280s] -- Installing: /home/wapush/AGV/bumperbot_ws/install/bumperbot_description/share/bumperbot_description/models/aws_robomaker_residential_Door_01/meshes
[1.280s] -- Installing: /home/wapush/AGV/bumperbot_ws/install/bumperbot_description/share/bumperbot_description/models/aws_robomaker_residential_Door_01/meshes/aws_Door_01_collision.DAE
[1.280s] -- Installing: /home/wapush/AGV/bumperbot_ws/install/bumperbot_description/share/bumperbot_description/models/aws_robomaker_residential_Door_01/meshes/aws_Door_01_visual.DAE
[1.280s] -- Installing: /home/wapush/AGV/bumperbot_ws/install/bumperbot_description/share/bumperbot_description/models/aws_robomaker_residential_Door_01/meshes/aws_Door_01_visual.DAE:Zone.Identifier
[1.281s] -- Installing: /home/wapush/AGV/bumperbot_ws/install/bumperbot_description/share/bumperbot_description/models/aws_robomaker_residential_Door_01/meshes/aws_Door_01_collision.DAE:Zone.Identifier
[1.281s] -- Installing: /home/wapush/AGV/bumperbot_ws/install/bumperbot_description/share/bumperbot_description/models/aws_robomaker_residential_Tableware_01
[1.281s] -- Installing: /home/wapush/AGV/bumperbot_ws/install/bumperbot_description/share/bumperbot_description/models/aws_robomaker_residential_Tableware_01/model.sdf:Zone.Identifier
[1.281s] -- Installing: /home/wapush/AGV/bumperbot_ws/install/bumperbot_description/share/bumperbot_description/models/aws_robomaker_residential_Tableware_01/model.config:Zone.Identifier
[1.281s] -- Installing: /home/wapush/AGV/bumperbot_ws/install/bumperbot_description/share/bumperbot_description/models/aws_robomaker_residential_Tableware_01/materials
[1.281s] -- Installing: /home/wapush/AGV/bumperbot_ws/install/bumperbot_description/share/bumperbot_description/models/aws_robomaker_residential_Tableware_01/materials/textures
[1.282s] -- Installing: /home/wapush/AGV/bumperbot_ws/install/bumperbot_description/share/bumperbot_description/models/aws_robomaker_residential_Tableware_01/materials/textures/aws_Tableware_01.png
[1.282s] -- Installing: /home/wapush/AGV/bumperbot_ws/install/bumperbot_description/share/bumperbot_description/models/aws_robomaker_residential_Tableware_01/materials/textures/aws_Tableware_01.png:Zone.Identifier
[1.282s] -- Installing: /home/wapush/AGV/bumperbot_ws/install/bumperbot_description/share/bumperbot_description/models/aws_robomaker_residential_Tableware_01/model.config
[1.282s] -- Installing: /home/wapush/AGV/bumperbot_ws/install/bumperbot_description/share/bumperbot_description/models/aws_robomaker_residential_Tableware_01/model.sdf
[1.282s] -- Installing: /home/wapush/AGV/bumperbot_ws/install/bumperbot_description/share/bumperbot_description/models/aws_robomaker_residential_Tableware_01/meshes
[1.282s] -- Installing: /home/wapush/AGV/bumperbot_ws/install/bumperbot_description/share/bumperbot_description/models/aws_robomaker_residential_Tableware_01/meshes/aws_Tableware_01_collision.DAE:Zone.Identifier
[1.283s] -- Installing: /home/wapush/AGV/bumperbot_ws/install/bumperbot_description/share/bumperbot_description/models/aws_robomaker_residential_Tableware_01/meshes/aws_Tableware_01_visual.DAE:Zone.Identifier
[1.283s] -- Installing: /home/wapush/AGV/bumperbot_ws/install/bumperbot_description/share/bumperbot_description/models/aws_robomaker_residential_Tableware_01/meshes/aws_Tableware_01_visual.DAE
[1.283s] -- Installing: /home/wapush/AGV/bumperbot_ws/install/bumperbot_description/share/bumperbot_description/models/aws_robomaker_residential_Tableware_01/meshes/aws_Tableware_01_collision.DAE
[1.283s] -- Installing: /home/wapush/AGV/bumperbot_ws/install/bumperbot_description/share/bumperbot_description/models/aws_robomaker_residential_PortraitB_02
[1.284s] -- Installing: /home/wapush/AGV/bumperbot_ws/install/bumperbot_description/share/bumperbot_description/models/aws_robomaker_residential_PortraitB_02/model.sdf:Zone.Identifier
[1.284s] -- Installing: /home/wapush/AGV/bumperbot_ws/install/bumperbot_description/share/bumperbot_description/models/aws_robomaker_residential_PortraitB_02/model.config:Zone.Identifier
[1.284s] -- Installing: /home/wapush/AGV/bumperbot_ws/install/bumperbot_description/share/bumperbot_description/models/aws_robomaker_residential_PortraitB_02/materials
[1.284s] -- Installing: /home/wapush/AGV/bumperbot_ws/install/bumperbot_description/share/bumperbot_description/models/aws_robomaker_residential_PortraitB_02/materials/textures
[1.284s] -- Installing: /home/wapush/AGV/bumperbot_ws/install/bumperbot_description/share/bumperbot_description/models/aws_robomaker_residential_PortraitB_02/materials/textures/aws_PortraitB_02.png:Zone.Identifier
[1.284s] -- Installing: /home/wapush/AGV/bumperbot_ws/install/bumperbot_description/share/bumperbot_description/models/aws_robomaker_residential_PortraitB_02/materials/textures/PortraitB_02.jpg:Zone.Identifier
[1.284s] -- Installing: /home/wapush/AGV/bumperbot_ws/install/bumperbot_description/share/bumperbot_description/models/aws_robomaker_residential_PortraitB_02/materials/textures/aws_PortraitB_01.png:Zone.Identifier
[1.284s] -- Installing: /home/wapush/AGV/bumperbot_ws/install/bumperbot_description/share/bumperbot_description/models/aws_robomaker_residential_PortraitB_02/materials/textures/aws_PortraitB_01.png
[1.284s] -- Installing: /home/wapush/AGV/bumperbot_ws/install/bumperbot_description/share/bumperbot_description/models/aws_robomaker_residential_PortraitB_02/materials/textures/PortraitB_02.jpg
[1.287s] -- Installing: /home/wapush/AGV/bumperbot_ws/install/bumperbot_description/share/bumperbot_description/models/aws_robomaker_residential_PortraitB_02/materials/textures/aws_PortraitB_02.png
[1.289s] -- Installing: /home/wapush/AGV/bumperbot_ws/install/bumperbot_description/share/bumperbot_description/models/aws_robomaker_residential_PortraitB_02/model.config
[1.289s] -- Installing: /home/wapush/AGV/bumperbot_ws/install/bumperbot_description/share/bumperbot_description/models/aws_robomaker_residential_PortraitB_02/model.sdf
[1.289s] -- Installing: /home/wapush/AGV/bumperbot_ws/install/bumperbot_description/share/bumperbot_description/models/aws_robomaker_residential_PortraitB_02/meshes
[1.290s] -- Installing: /home/wapush/AGV/bumperbot_ws/install/bumperbot_description/share/bumperbot_description/models/aws_robomaker_residential_PortraitB_02/meshes/aws_PortraitB_01_collision.DAE:Zone.Identifier
[1.290s] -- Installing: /home/wapush/AGV/bumperbot_ws/install/bumperbot_description/share/bumperbot_description/models/aws_robomaker_residential_PortraitB_02/meshes/aws_PortraitB_01_visual.DAE
[1.290s] -- Installing: /home/wapush/AGV/bumperbot_ws/install/bumperbot_description/share/bumperbot_description/models/aws_robomaker_residential_PortraitB_02/meshes/aws_PortraitB_01_visual.DAE:Zone.Identifier
[1.290s] -- Installing: /home/wapush/AGV/bumperbot_ws/install/bumperbot_description/share/bumperbot_description/models/aws_robomaker_residential_PortraitB_02/meshes/aws_PortraitB_01_collision.DAE
[1.290s] -- Installing: /home/wapush/AGV/bumperbot_ws/install/bumperbot_description/share/bumperbot_description/models/aws_robomaker_residential_PortraitE_02
[1.290s] -- Installing: /home/wapush/AGV/bumperbot_ws/install/bumperbot_description/share/bumperbot_description/models/aws_robomaker_residential_PortraitE_02/model.sdf:Zone.Identifier
[1.290s] -- Installing: /home/wapush/AGV/bumperbot_ws/install/bumperbot_description/share/bumperbot_description/models/aws_robomaker_residential_PortraitE_02/model.config:Zone.Identifier
[1.290s] -- Installing: /home/wapush/AGV/bumperbot_ws/install/bumperbot_description/share/bumperbot_description/models/aws_robomaker_residential_PortraitE_02/materials
[1.290s] -- Installing: /home/wapush/AGV/bumperbot_ws/install/bumperbot_description/share/bumperbot_description/models/aws_robomaker_residential_PortraitE_02/materials/textures
[1.290s] -- Installing: /home/wapush/AGV/bumperbot_ws/install/bumperbot_description/share/bumperbot_description/models/aws_robomaker_residential_PortraitE_02/materials/textures/aws_PortraitE_01.png
[1.290s] -- Installing: /home/wapush/AGV/bumperbot_ws/install/bumperbot_description/share/bumperbot_description/models/aws_robomaker_residential_PortraitE_02/materials/textures/aws_PortraitE_01.png:Zone.Identifier
[1.290s] -- Installing: /home/wapush/AGV/bumperbot_ws/install/bumperbot_description/share/bumperbot_description/models/aws_robomaker_residential_PortraitE_02/materials/textures/PortraitE_02.jpg:Zone.Identifier
[1.291s] -- Installing: /home/wapush/AGV/bumperbot_ws/install/bumperbot_description/share/bumperbot_description/models/aws_robomaker_residential_PortraitE_02/materials/textures/aws_PortraitE_02.png:Zone.Identifier
[1.291s] -- Installing: /home/wapush/AGV/bumperbot_ws/install/bumperbot_description/share/bumperbot_description/models/aws_robomaker_residential_PortraitE_02/materials/textures/aws_PortraitE_02.png
[1.294s] -- Installing: /home/wapush/AGV/bumperbot_ws/install/bumperbot_description/share/bumperbot_description/models/aws_robomaker_residential_PortraitE_02/materials/textures/PortraitE_02.jpg
[1.295s] -- Installing: /home/wapush/AGV/bumperbot_ws/install/bumperbot_description/share/bumperbot_description/models/aws_robomaker_residential_PortraitE_02/model.config
[1.295s] -- Installing: /home/wapush/AGV/bumperbot_ws/install/bumperbot_description/share/bumperbot_description/models/aws_robomaker_residential_PortraitE_02/model.sdf
[1.295s] -- Installing: /home/wapush/AGV/bumperbot_ws/install/bumperbot_description/share/bumperbot_description/models/aws_robomaker_residential_PortraitE_02/meshes
[1.295s] -- Installing: /home/wapush/AGV/bumperbot_ws/install/bumperbot_description/share/bumperbot_description/models/aws_robomaker_residential_PortraitE_02/meshes/aws_PortraitE_01_visual.DAE:Zone.Identifier
[1.295s] -- Installing: /home/wapush/AGV/bumperbot_ws/install/bumperbot_description/share/bumperbot_description/models/aws_robomaker_residential_PortraitE_02/meshes/aws_PortraitE_01_collision.DAE:Zone.Identifier
[1.295s] -- Installing: /home/wapush/AGV/bumperbot_ws/install/bumperbot_description/share/bumperbot_description/models/aws_robomaker_residential_PortraitE_02/meshes/aws_PortraitE_01_collision.DAE
[1.296s] -- Installing: /home/wapush/AGV/bumperbot_ws/install/bumperbot_description/share/bumperbot_description/models/aws_robomaker_residential_PortraitE_02/meshes/aws_PortraitE_01_visual.DAE
[1.296s] -- Installing: /home/wapush/AGV/bumperbot_ws/install/bumperbot_description/share/bumperbot_description/models/aws_robomaker_residential_Carpet_01
[1.296s] -- Installing: /home/wapush/AGV/bumperbot_ws/install/bumperbot_description/share/bumperbot_description/models/aws_robomaker_residential_Carpet_01/model.sdf:Zone.Identifier
[1.296s] -- Installing: /home/wapush/AGV/bumperbot_ws/install/bumperbot_description/share/bumperbot_description/models/aws_robomaker_residential_Carpet_01/model.config:Zone.Identifier
[1.296s] -- Installing: /home/wapush/AGV/bumperbot_ws/install/bumperbot_description/share/bumperbot_description/models/aws_robomaker_residential_Carpet_01/materials
[1.296s] -- Installing: /home/wapush/AGV/bumperbot_ws/install/bumperbot_description/share/bumperbot_description/models/aws_robomaker_residential_Carpet_01/materials/textures
[1.296s] -- Installing: /home/wapush/AGV/bumperbot_ws/install/bumperbot_description/share/bumperbot_description/models/aws_robomaker_residential_Carpet_01/materials/textures/aws_Carpet_01.png:Zone.Identifier
[1.296s] -- Installing: /home/wapush/AGV/bumperbot_ws/install/bumperbot_description/share/bumperbot_description/models/aws_robomaker_residential_Carpet_01/materials/textures/aws_Carpet_01.png
[1.320s] -- Installing: /home/wapush/AGV/bumperbot_ws/install/bumperbot_description/share/bumperbot_description/models/aws_robomaker_residential_Carpet_01/model.config
[1.320s] -- Installing: /home/wapush/AGV/bumperbot_ws/install/bumperbot_description/share/bumperbot_description/models/aws_robomaker_residential_Carpet_01/model.sdf
[1.321s] -- Installing: /home/wapush/AGV/bumperbot_ws/install/bumperbot_description/share/bumperbot_description/models/aws_robomaker_residential_Carpet_01/meshes
[1.321s] -- Installing: /home/wapush/AGV/bumperbot_ws/install/bumperbot_description/share/bumperbot_description/models/aws_robomaker_residential_Carpet_01/meshes/aws_Carpet_01_visual.DAE:Zone.Identifier
[1.321s] -- Installing: /home/wapush/AGV/bumperbot_ws/install/bumperbot_description/share/bumperbot_description/models/aws_robomaker_residential_Carpet_01/meshes/aws_Carpet_01_collision.DAE
[1.321s] -- Installing: /home/wapush/AGV/bumperbot_ws/install/bumperbot_description/share/bumperbot_description/models/aws_robomaker_residential_Carpet_01/meshes/aws_Carpet_01_collision.DAE:Zone.Identifier
[1.321s] -- Installing: /home/wapush/AGV/bumperbot_ws/install/bumperbot_description/share/bumperbot_description/models/aws_robomaker_residential_Carpet_01/meshes/aws_Carpet_01_visual.DAE
[1.321s] -- Installing: /home/wapush/AGV/bumperbot_ws/install/bumperbot_description/share/bumperbot_description/models/aws_robomaker_residential_SofaC_01
[1.321s] -- Installing: /home/wapush/AGV/bumperbot_ws/install/bumperbot_description/share/bumperbot_description/models/aws_robomaker_residential_SofaC_01/model.sdf:Zone.Identifier
[1.321s] -- Installing: /home/wapush/AGV/bumperbot_ws/install/bumperbot_description/share/bumperbot_description/models/aws_robomaker_residential_SofaC_01/model.config:Zone.Identifier
[1.321s] -- Installing: /home/wapush/AGV/bumperbot_ws/install/bumperbot_description/share/bumperbot_description/models/aws_robomaker_residential_SofaC_01/materials
[1.321s] -- Installing: /home/wapush/AGV/bumperbot_ws/install/bumperbot_description/share/bumperbot_description/models/aws_robomaker_residential_SofaC_01/materials/textures
[1.322s] -- Installing: /home/wapush/AGV/bumperbot_ws/install/bumperbot_description/share/bumperbot_description/models/aws_robomaker_residential_SofaC_01/materials/textures/aws_SofaC_01.png
[1.322s] -- Installing: /home/wapush/AGV/bumperbot_ws/install/bumperbot_description/share/bumperbot_description/models/aws_robomaker_residential_SofaC_01/materials/textures/aws_SofaC_01.png:Zone.Identifier
[1.322s] -- Installing: /home/wapush/AGV/bumperbot_ws/install/bumperbot_description/share/bumperbot_description/models/aws_robomaker_residential_SofaC_01/model.config
[1.322s] -- Installing: /home/wapush/AGV/bumperbot_ws/install/bumperbot_description/share/bumperbot_description/models/aws_robomaker_residential_SofaC_01/model.sdf
[1.322s] -- Installing: /home/wapush/AGV/bumperbot_ws/install/bumperbot_description/share/bumperbot_description/models/aws_robomaker_residential_SofaC_01/meshes
[1.322s] -- Installing: /home/wapush/AGV/bumperbot_ws/install/bumperbot_description/share/bumperbot_description/models/aws_robomaker_residential_SofaC_01/meshes/aws_SofaC_01_visual.DAE:Zone.Identifier
[1.322s] -- Installing: /home/wapush/AGV/bumperbot_ws/install/bumperbot_description/share/bumperbot_description/models/aws_robomaker_residential_SofaC_01/meshes/aws_SofaC_01_collision.DAE:Zone.Identifier
[1.322s] -- Installing: /home/wapush/AGV/bumperbot_ws/install/bumperbot_description/share/bumperbot_description/models/aws_robomaker_residential_SofaC_01/meshes/aws_SofaC_01_visual.DAE
[1.325s] -- Installing: /home/wapush/AGV/bumperbot_ws/install/bumperbot_description/share/bumperbot_description/models/aws_robomaker_residential_SofaC_01/meshes/aws_SofaC_01_collision.DAE
[1.326s] -- Installing: /home/wapush/AGV/bumperbot_ws/install/bumperbot_description/share/bumperbot_description/models/aws_robomaker_residential_Trash_01
[1.326s] -- Installing: /home/wapush/AGV/bumperbot_ws/install/bumperbot_description/share/bumperbot_description/models/aws_robomaker_residential_Trash_01/model.sdf:Zone.Identifier
[1.326s] -- Installing: /home/wapush/AGV/bumperbot_ws/install/bumperbot_description/share/bumperbot_description/models/aws_robomaker_residential_Trash_01/model.config:Zone.Identifier
[1.327s] -- Installing: /home/wapush/AGV/bumperbot_ws/install/bumperbot_description/share/bumperbot_description/models/aws_robomaker_residential_Trash_01/materials
[1.327s] -- Installing: /home/wapush/AGV/bumperbot_ws/install/bumperbot_description/share/bumperbot_description/models/aws_robomaker_residential_Trash_01/materials/textures
[1.327s] -- Installing: /home/wapush/AGV/bumperbot_ws/install/bumperbot_description/share/bumperbot_description/models/aws_robomaker_residential_Trash_01/materials/textures/aws_Trash_01.png
[1.328s] -- Installing: /home/wapush/AGV/bumperbot_ws/install/bumperbot_description/share/bumperbot_description/models/aws_robomaker_residential_Trash_01/materials/textures/aws_Trash_01.png:Zone.Identifier
[1.328s] -- Installing: /home/wapush/AGV/bumperbot_ws/install/bumperbot_description/share/bumperbot_description/models/aws_robomaker_residential_Trash_01/model.config
[1.328s] -- Installing: /home/wapush/AGV/bumperbot_ws/install/bumperbot_description/share/bumperbot_description/models/aws_robomaker_residential_Trash_01/model.sdf
[1.328s] -- Installing: /home/wapush/AGV/bumperbot_ws/install/bumperbot_description/share/bumperbot_description/models/aws_robomaker_residential_Trash_01/meshes
[1.328s] -- Installing: /home/wapush/AGV/bumperbot_ws/install/bumperbot_description/share/bumperbot_description/models/aws_robomaker_residential_Trash_01/meshes/aws_Trash_01_collision.DAE
[1.328s] -- Installing: /home/wapush/AGV/bumperbot_ws/install/bumperbot_description/share/bumperbot_description/models/aws_robomaker_residential_Trash_01/meshes/aws_Trash_01_collision.DAE:Zone.Identifier
[1.328s] -- Installing: /home/wapush/AGV/bumperbot_ws/install/bumperbot_description/share/bumperbot_description/models/aws_robomaker_residential_Trash_01/meshes/aws_Trash_01_visual.DAE
[1.329s] -- Installing: /home/wapush/AGV/bumperbot_ws/install/bumperbot_description/share/bumperbot_description/models/aws_robomaker_residential_Trash_01/meshes/aws_Trash_01_visual.DAE:Zone.Identifier
[1.329s] -- Installing: /home/wapush/AGV/bumperbot_ws/install/bumperbot_description/share/bumperbot_description/models/aws_robomaker_residential_BalconyTable_01
[1.330s] -- Installing: /home/wapush/AGV/bumperbot_ws/install/bumperbot_description/share/bumperbot_description/models/aws_robomaker_residential_BalconyTable_01/model.sdf:Zone.Identifier
[1.330s] -- Installing: /home/wapush/AGV/bumperbot_ws/install/bumperbot_description/share/bumperbot_description/models/aws_robomaker_residential_BalconyTable_01/model.config:Zone.Identifier
[1.330s] -- Installing: /home/wapush/AGV/bumperbot_ws/install/bumperbot_description/share/bumperbot_description/models/aws_robomaker_residential_BalconyTable_01/materials
[1.330s] -- Installing: /home/wapush/AGV/bumperbot_ws/install/bumperbot_description/share/bumperbot_description/models/aws_robomaker_residential_BalconyTable_01/materials/textures
[1.330s] -- Installing: /home/wapush/AGV/bumperbot_ws/install/bumperbot_description/share/bumperbot_description/models/aws_robomaker_residential_BalconyTable_01/materials/textures/aws_BalconyTable_01.png:Zone.Identifier
[1.330s] -- Installing: /home/wapush/AGV/bumperbot_ws/install/bumperbot_description/share/bumperbot_description/models/aws_robomaker_residential_BalconyTable_01/materials/textures/aws_BalconyTable_01.png
[1.330s] -- Installing: /home/wapush/AGV/bumperbot_ws/install/bumperbot_description/share/bumperbot_description/models/aws_robomaker_residential_BalconyTable_01/model.config
[1.330s] -- Installing: /home/wapush/AGV/bumperbot_ws/install/bumperbot_description/share/bumperbot_description/models/aws_robomaker_residential_BalconyTable_01/model.sdf
[1.330s] -- Installing: /home/wapush/AGV/bumperbot_ws/install/bumperbot_description/share/bumperbot_description/models/aws_robomaker_residential_BalconyTable_01/meshes
[1.331s] -- Installing: /home/wapush/AGV/bumperbot_ws/install/bumperbot_description/share/bumperbot_description/models/aws_robomaker_residential_BalconyTable_01/meshes/aws_BalconyTable_01_collision.DAE
[1.331s] -- Installing: /home/wapush/AGV/bumperbot_ws/install/bumperbot_description/share/bumperbot_description/models/aws_robomaker_residential_BalconyTable_01/meshes/aws_BalconyTable_01_collision.DAE:Zone.Identifier
[1.331s] -- Installing: /home/wapush/AGV/bumperbot_ws/install/bumperbot_description/share/bumperbot_description/models/aws_robomaker_residential_BalconyTable_01/meshes/aws_BalconyTable_01_visual.DAE
[1.331s] -- Installing: /home/wapush/AGV/bumperbot_ws/install/bumperbot_description/share/bumperbot_description/models/aws_robomaker_residential_BalconyTable_01/meshes/aws_BalconyTable_01_visual.DAE:Zone.Identifier
[1.331s] -- Installing: /home/wapush/AGV/bumperbot_ws/install/bumperbot_description/share/bumperbot_description/models/aws_robomaker_residential_DeskPortraitA_01
[1.331s] -- Installing: /home/wapush/AGV/bumperbot_ws/install/bumperbot_description/share/bumperbot_description/models/aws_robomaker_residential_DeskPortraitA_01/model.sdf:Zone.Identifier
[1.331s] -- Installing: /home/wapush/AGV/bumperbot_ws/install/bumperbot_description/share/bumperbot_description/models/aws_robomaker_residential_DeskPortraitA_01/model.config:Zone.Identifier
[1.331s] -- Installing: /home/wapush/AGV/bumperbot_ws/install/bumperbot_description/share/bumperbot_description/models/aws_robomaker_residential_DeskPortraitA_01/materials
[1.331s] -- Installing: /home/wapush/AGV/bumperbot_ws/install/bumperbot_description/share/bumperbot_description/models/aws_robomaker_residential_DeskPortraitA_01/materials/textures
[1.332s] -- Installing: /home/wapush/AGV/bumperbot_ws/install/bumperbot_description/share/bumperbot_description/models/aws_robomaker_residential_DeskPortraitA_01/materials/textures/DeskPortraitA_01.jpg
[1.332s] -- Installing: /home/wapush/AGV/bumperbot_ws/install/bumperbot_description/share/bumperbot_description/models/aws_robomaker_residential_DeskPortraitA_01/materials/textures/aws_DeskPortraitA_02.png
[1.336s] -- Installing: /home/wapush/AGV/bumperbot_ws/install/bumperbot_description/share/bumperbot_description/models/aws_robomaker_residential_DeskPortraitA_01/materials/textures/aws_DeskPortraitA_01.png:Zone.Identifier
[1.337s] -- Installing: /home/wapush/AGV/bumperbot_ws/install/bumperbot_description/share/bumperbot_description/models/aws_robomaker_residential_DeskPortraitA_01/materials/textures/DeskPortraitA_01.jpg:Zone.Identifier
[1.338s] -- Installing: /home/wapush/AGV/bumperbot_ws/install/bumperbot_description/share/bumperbot_description/models/aws_robomaker_residential_DeskPortraitA_01/materials/textures/aws_DeskPortraitA_02.png:Zone.Identifier
[1.338s] -- Installing: /home/wapush/AGV/bumperbot_ws/install/bumperbot_description/share/bumperbot_description/models/aws_robomaker_residential_DeskPortraitA_01/materials/textures/aws_DeskPortraitA_01.png
[1.338s] -- Installing: /home/wapush/AGV/bumperbot_ws/install/bumperbot_description/share/bumperbot_description/models/aws_robomaker_residential_DeskPortraitA_01/model.config
[1.338s] -- Installing: /home/wapush/AGV/bumperbot_ws/install/bumperbot_description/share/bumperbot_description/models/aws_robomaker_residential_DeskPortraitA_01/model.sdf
[1.338s] -- Installing: /home/wapush/AGV/bumperbot_ws/install/bumperbot_description/share/bumperbot_description/models/aws_robomaker_residential_DeskPortraitA_01/meshes
[1.339s] -- Installing: /home/wapush/AGV/bumperbot_ws/install/bumperbot_description/share/bumperbot_description/models/aws_robomaker_residential_DeskPortraitA_01/meshes/aws_DeskPortraitA_01_collision.DAE:Zone.Identifier
[1.339s] -- Installing: /home/wapush/AGV/bumperbot_ws/install/bumperbot_description/share/bumperbot_description/models/aws_robomaker_residential_DeskPortraitA_01/meshes/aws_DeskPortraitA_01_visual.DAE:Zone.Identifier
[1.339s] -- Installing: /home/wapush/AGV/bumperbot_ws/install/bumperbot_description/share/bumperbot_description/models/aws_robomaker_residential_DeskPortraitA_01/meshes/aws_DeskPortraitA_01_collision.DAE
[1.339s] -- Installing: /home/wapush/AGV/bumperbot_ws/install/bumperbot_description/share/bumperbot_description/models/aws_robomaker_residential_DeskPortraitA_01/meshes/aws_DeskPortraitA_01_visual.DAE
[1.339s] -- Installing: /home/wapush/AGV/bumperbot_ws/install/bumperbot_description/share/bumperbot_description/models/aws_robomaker_residential_FoldingDoor_02
[1.339s] -- Installing: /home/wapush/AGV/bumperbot_ws/install/bumperbot_description/share/bumperbot_description/models/aws_robomaker_residential_FoldingDoor_02/model.sdf:Zone.Identifier
[1.339s] -- Installing: /home/wapush/AGV/bumperbot_ws/install/bumperbot_description/share/bumperbot_description/models/aws_robomaker_residential_FoldingDoor_02/model.config:Zone.Identifier
[1.340s] -- Installing: /home/wapush/AGV/bumperbot_ws/install/bumperbot_description/share/bumperbot_description/models/aws_robomaker_residential_FoldingDoor_02/materials
[1.341s] -- Installing: /home/wapush/AGV/bumperbot_ws/install/bumperbot_description/share/bumperbot_description/models/aws_robomaker_residential_FoldingDoor_02/materials/textures
[1.341s] -- Installing: /home/wapush/AGV/bumperbot_ws/install/bumperbot_description/share/bumperbot_description/models/aws_robomaker_residential_FoldingDoor_02/materials/textures/aws_FoldingDoor_02.png:Zone.Identifier
[1.341s] -- Installing: /home/wapush/AGV/bumperbot_ws/install/bumperbot_description/share/bumperbot_description/models/aws_robomaker_residential_FoldingDoor_02/materials/textures/aws_FoldingDoor_02.png
[1.341s] -- Installing: /home/wapush/AGV/bumperbot_ws/install/bumperbot_description/share/bumperbot_description/models/aws_robomaker_residential_FoldingDoor_02/model.config
[1.341s] -- Installing: /home/wapush/AGV/bumperbot_ws/install/bumperbot_description/share/bumperbot_description/models/aws_robomaker_residential_FoldingDoor_02/model.sdf
[1.342s] -- Installing: /home/wapush/AGV/bumperbot_ws/install/bumperbot_description/share/bumperbot_description/models/aws_robomaker_residential_FoldingDoor_02/meshes
[1.342s] -- Installing: /home/wapush/AGV/bumperbot_ws/install/bumperbot_description/share/bumperbot_description/models/aws_robomaker_residential_FoldingDoor_02/meshes/aws_FoldingDoor_02_visual.DAE:Zone.Identifier
[1.342s] -- Installing: /home/wapush/AGV/bumperbot_ws/install/bumperbot_description/share/bumperbot_description/models/aws_robomaker_residential_FoldingDoor_02/meshes/aws_FoldingDoor_02_collision.DAE
[1.342s] -- Installing: /home/wapush/AGV/bumperbot_ws/install/bumperbot_description/share/bumperbot_description/models/aws_robomaker_residential_FoldingDoor_02/meshes/aws_FoldingDoor_02_collision.DAE:Zone.Identifier
[1.343s] -- Installing: /home/wapush/AGV/bumperbot_ws/install/bumperbot_description/share/bumperbot_description/models/aws_robomaker_residential_FoldingDoor_02/meshes/aws_FoldingDoor_02_visual.DAE
[1.343s] -- Installing: /home/wapush/AGV/bumperbot_ws/install/bumperbot_description/share/bumperbot_description/models/aws_robomaker_residential_TVCabinet_01
[1.343s] -- Installing: /home/wapush/AGV/bumperbot_ws/install/bumperbot_description/share/bumperbot_description/models/aws_robomaker_residential_TVCabinet_01/model.sdf:Zone.Identifier
[1.343s] -- Installing: /home/wapush/AGV/bumperbot_ws/install/bumperbot_description/share/bumperbot_description/models/aws_robomaker_residential_TVCabinet_01/model.config:Zone.Identifier
[1.343s] -- Installing: /home/wapush/AGV/bumperbot_ws/install/bumperbot_description/share/bumperbot_description/models/aws_robomaker_residential_TVCabinet_01/materials
[1.344s] -- Installing: /home/wapush/AGV/bumperbot_ws/install/bumperbot_description/share/bumperbot_description/models/aws_robomaker_residential_TVCabinet_01/materials/textures
[1.344s] -- Installing: /home/wapush/AGV/bumperbot_ws/install/bumperbot_description/share/bumperbot_description/models/aws_robomaker_residential_TVCabinet_01/materials/textures/aws_TVCabinet_01.png:Zone.Identifier
[1.344s] -- Installing: /home/wapush/AGV/bumperbot_ws/install/bumperbot_description/share/bumperbot_description/models/aws_robomaker_residential_TVCabinet_01/materials/textures/aws_TVCabinet_01.png
[1.345s] -- Installing: /home/wapush/AGV/bumperbot_ws/install/bumperbot_description/share/bumperbot_description/models/aws_robomaker_residential_TVCabinet_01/model.config
[1.345s] -- Installing: /home/wapush/AGV/bumperbot_ws/install/bumperbot_description/share/bumperbot_description/models/aws_robomaker_residential_TVCabinet_01/model.sdf
[1.345s] -- Installing: /home/wapush/AGV/bumperbot_ws/install/bumperbot_description/share/bumperbot_description/models/aws_robomaker_residential_TVCabinet_01/meshes
[1.345s] -- Installing: /home/wapush/AGV/bumperbot_ws/install/bumperbot_description/share/bumperbot_description/models/aws_robomaker_residential_TVCabinet_01/meshes/aws_TVCabinet_01_collision.DAE
[1.345s] -- Installing: /home/wapush/AGV/bumperbot_ws/install/bumperbot_description/share/bumperbot_description/models/aws_robomaker_residential_TVCabinet_01/meshes/aws_TVCabinet_01_visual.DAE
[1.346s] -- Installing: /home/wapush/AGV/bumperbot_ws/install/bumperbot_description/share/bumperbot_description/models/aws_robomaker_residential_TVCabinet_01/meshes/aws_TVCabinet_01_visual.DAE:Zone.Identifier
[1.346s] -- Installing: /home/wapush/AGV/bumperbot_ws/install/bumperbot_description/share/bumperbot_description/models/aws_robomaker_residential_TVCabinet_01/meshes/aws_TVCabinet_01_collision.DAE:Zone.Identifier
[1.346s] -- Installing: /home/wapush/AGV/bumperbot_ws/install/bumperbot_description/share/bumperbot_description/models/aws_robomaker_residential_Sofa_01
[1.346s] -- Installing: /home/wapush/AGV/bumperbot_ws/install/bumperbot_description/share/bumperbot_description/models/aws_robomaker_residential_Sofa_01/model.sdf:Zone.Identifier
[1.346s] -- Installing: /home/wapush/AGV/bumperbot_ws/install/bumperbot_description/share/bumperbot_description/models/aws_robomaker_residential_Sofa_01/model.config:Zone.Identifier
[1.346s] -- Installing: /home/wapush/AGV/bumperbot_ws/install/bumperbot_description/share/bumperbot_description/models/aws_robomaker_residential_Sofa_01/materials
[1.346s] -- Installing: /home/wapush/AGV/bumperbot_ws/install/bumperbot_description/share/bumperbot_description/models/aws_robomaker_residential_Sofa_01/materials/textures
[1.347s] -- Installing: /home/wapush/AGV/bumperbot_ws/install/bumperbot_description/share/bumperbot_description/models/aws_robomaker_residential_Sofa_01/materials/textures/aws_Sofa_01.png:Zone.Identifier
[1.347s] -- Installing: /home/wapush/AGV/bumperbot_ws/install/bumperbot_description/share/bumperbot_description/models/aws_robomaker_residential_Sofa_01/materials/textures/aws_Sofa_01.png
[1.347s] -- Installing: /home/wapush/AGV/bumperbot_ws/install/bumperbot_description/share/bumperbot_description/models/aws_robomaker_residential_Sofa_01/model.config
[1.347s] -- Installing: /home/wapush/AGV/bumperbot_ws/install/bumperbot_description/share/bumperbot_description/models/aws_robomaker_residential_Sofa_01/model.sdf
[1.347s] -- Installing: /home/wapush/AGV/bumperbot_ws/install/bumperbot_description/share/bumperbot_description/models/aws_robomaker_residential_Sofa_01/meshes
[1.347s] -- Installing: /home/wapush/AGV/bumperbot_ws/install/bumperbot_description/share/bumperbot_description/models/aws_robomaker_residential_Sofa_01/meshes/aws_Sofa_01.DAE:Zone.Identifier
[1.347s] -- Installing: /home/wapush/AGV/bumperbot_ws/install/bumperbot_description/share/bumperbot_description/models/aws_robomaker_residential_Sofa_01/meshes/aws_Sofa_01_collision.DAE
[1.347s] -- Installing: /home/wapush/AGV/bumperbot_ws/install/bumperbot_description/share/bumperbot_description/models/aws_robomaker_residential_Sofa_01/meshes/aws_Sofa_01_collision.DAE:Zone.Identifier
[1.347s] -- Installing: /home/wapush/AGV/bumperbot_ws/install/bumperbot_description/share/bumperbot_description/models/aws_robomaker_residential_Sofa_01/meshes/aws_Sofa_01.DAE
[1.364s] -- Installing: /home/wapush/AGV/bumperbot_ws/install/bumperbot_description/share/bumperbot_description/models/aws_robomaker_residential_Sofa_01/meshes/aws_Sofa_01_visual.DAE
[1.370s] -- Installing: /home/wapush/AGV/bumperbot_ws/install/bumperbot_description/share/bumperbot_description/models/aws_robomaker_residential_Sofa_01/meshes/aws_Sofa_01_visual.DAE:Zone.Identifier
[1.370s] -- Installing: /home/wapush/AGV/bumperbot_ws/install/bumperbot_description/share/bumperbot_description/models/aws_robomaker_residential_ReadingDesk_01
[1.370s] -- Installing: /home/wapush/AGV/bumperbot_ws/install/bumperbot_description/share/bumperbot_description/models/aws_robomaker_residential_ReadingDesk_01/model.sdf:Zone.Identifier
[1.370s] -- Installing: /home/wapush/AGV/bumperbot_ws/install/bumperbot_description/share/bumperbot_description/models/aws_robomaker_residential_ReadingDesk_01/model.config:Zone.Identifier
[1.370s] -- Installing: /home/wapush/AGV/bumperbot_ws/install/bumperbot_description/share/bumperbot_description/models/aws_robomaker_residential_ReadingDesk_01/materials
[1.370s] -- Installing: /home/wapush/AGV/bumperbot_ws/install/bumperbot_description/share/bumperbot_description/models/aws_robomaker_residential_ReadingDesk_01/materials/textures
[1.370s] -- Installing: /home/wapush/AGV/bumperbot_ws/install/bumperbot_description/share/bumperbot_description/models/aws_robomaker_residential_ReadingDesk_01/materials/textures/aws_ReadingDesk_01.png
[1.372s] -- Installing: /home/wapush/AGV/bumperbot_ws/install/bumperbot_description/share/bumperbot_description/models/aws_robomaker_residential_ReadingDesk_01/materials/textures/aws_ReadingDesk_01.png:Zone.Identifier
[1.372s] -- Installing: /home/wapush/AGV/bumperbot_ws/install/bumperbot_description/share/bumperbot_description/models/aws_robomaker_residential_ReadingDesk_01/model.config
[1.372s] -- Installing: /home/wapush/AGV/bumperbot_ws/install/bumperbot_description/share/bumperbot_description/models/aws_robomaker_residential_ReadingDesk_01/model.sdf
[1.372s] -- Installing: /home/wapush/AGV/bumperbot_ws/install/bumperbot_description/share/bumperbot_description/models/aws_robomaker_residential_ReadingDesk_01/meshes
[1.373s] -- Installing: /home/wapush/AGV/bumperbot_ws/install/bumperbot_description/share/bumperbot_description/models/aws_robomaker_residential_ReadingDesk_01/meshes/aws_ReadingDesk_01_collision.DAE:Zone.Identifier
[1.373s] -- Installing: /home/wapush/AGV/bumperbot_ws/install/bumperbot_description/share/bumperbot_description/models/aws_robomaker_residential_ReadingDesk_01/meshes/aws_ReadingDesk_01_visual.DAE:Zone.Identifier
[1.373s] -- Installing: /home/wapush/AGV/bumperbot_ws/install/bumperbot_description/share/bumperbot_description/models/aws_robomaker_residential_ReadingDesk_01/meshes/aws_ReadingDesk_01_visual.DAE
[1.373s] -- Installing: /home/wapush/AGV/bumperbot_ws/install/bumperbot_description/share/bumperbot_description/models/aws_robomaker_residential_ReadingDesk_01/meshes/aws_ReadingDesk_01_collision.DAE
[1.374s] -- Installing: /home/wapush/AGV/bumperbot_ws/install/bumperbot_description/share/bumperbot_description/models/aws_robomaker_residential_Rangehood_01
[1.374s] -- Installing: /home/wapush/AGV/bumperbot_ws/install/bumperbot_description/share/bumperbot_description/models/aws_robomaker_residential_Rangehood_01/model.sdf:Zone.Identifier
[1.374s] -- Installing: /home/wapush/AGV/bumperbot_ws/install/bumperbot_description/share/bumperbot_description/models/aws_robomaker_residential_Rangehood_01/model.config:Zone.Identifier
[1.374s] -- Installing: /home/wapush/AGV/bumperbot_ws/install/bumperbot_description/share/bumperbot_description/models/aws_robomaker_residential_Rangehood_01/materials
[1.374s] -- Installing: /home/wapush/AGV/bumperbot_ws/install/bumperbot_description/share/bumperbot_description/models/aws_robomaker_residential_Rangehood_01/materials/textures
[1.375s] -- Installing: /home/wapush/AGV/bumperbot_ws/install/bumperbot_description/share/bumperbot_description/models/aws_robomaker_residential_Rangehood_01/materials/textures/aws_Rangehood_01.png
[1.375s] -- Installing: /home/wapush/AGV/bumperbot_ws/install/bumperbot_description/share/bumperbot_description/models/aws_robomaker_residential_Rangehood_01/materials/textures/aws_Rangehood_01.png:Zone.Identifier
[1.375s] -- Installing: /home/wapush/AGV/bumperbot_ws/install/bumperbot_description/share/bumperbot_description/models/aws_robomaker_residential_Rangehood_01/model.config
[1.375s] -- Installing: /home/wapush/AGV/bumperbot_ws/install/bumperbot_description/share/bumperbot_description/models/aws_robomaker_residential_Rangehood_01/model.sdf
[1.375s] -- Installing: /home/wapush/AGV/bumperbot_ws/install/bumperbot_description/share/bumperbot_description/models/aws_robomaker_residential_Rangehood_01/meshes
[1.375s] -- Installing: /home/wapush/AGV/bumperbot_ws/install/bumperbot_description/share/bumperbot_description/models/aws_robomaker_residential_Rangehood_01/meshes/aws_Rangehood_01_visual.DAE:Zone.Identifier
[1.375s] -- Installing: /home/wapush/AGV/bumperbot_ws/install/bumperbot_description/share/bumperbot_description/models/aws_robomaker_residential_Rangehood_01/meshes/aws_Rangehood_01_collision.DAE
[1.375s] -- Installing: /home/wapush/AGV/bumperbot_ws/install/bumperbot_description/share/bumperbot_description/models/aws_robomaker_residential_Rangehood_01/meshes/aws_Rangehood_01_collision.DAE:Zone.Identifier
[1.377s] -- Installing: /home/wapush/AGV/bumperbot_ws/install/bumperbot_description/share/bumperbot_description/models/aws_robomaker_residential_Rangehood_01/meshes/aws_Rangehood_01_visual.DAE
[1.377s] -- Installing: /home/wapush/AGV/bumperbot_ws/install/bumperbot_description/share/bumperbot_description/models/aws_robomaker_residential_KitchenUtensils_01
[1.377s] -- Installing: /home/wapush/AGV/bumperbot_ws/install/bumperbot_description/share/bumperbot_description/models/aws_robomaker_residential_KitchenUtensils_01/model.sdf:Zone.Identifier
[1.378s] -- Installing: /home/wapush/AGV/bumperbot_ws/install/bumperbot_description/share/bumperbot_description/models/aws_robomaker_residential_KitchenUtensils_01/model.config:Zone.Identifier
[1.378s] -- Installing: /home/wapush/AGV/bumperbot_ws/install/bumperbot_description/share/bumperbot_description/models/aws_robomaker_residential_KitchenUtensils_01/materials
[1.378s] -- Installing: /home/wapush/AGV/bumperbot_ws/install/bumperbot_description/share/bumperbot_description/models/aws_robomaker_residential_KitchenUtensils_01/materials/textures
[1.378s] -- Installing: /home/wapush/AGV/bumperbot_ws/install/bumperbot_description/share/bumperbot_description/models/aws_robomaker_residential_KitchenUtensils_01/materials/textures/aws_KitchenUtensils_01.png:Zone.Identifier
[1.378s] -- Installing: /home/wapush/AGV/bumperbot_ws/install/bumperbot_description/share/bumperbot_description/models/aws_robomaker_residential_KitchenUtensils_01/materials/textures/aws_KitchenUtensils_01.png
[1.378s] -- Installing: /home/wapush/AGV/bumperbot_ws/install/bumperbot_description/share/bumperbot_description/models/aws_robomaker_residential_KitchenUtensils_01/model.config
[1.378s] -- Installing: /home/wapush/AGV/bumperbot_ws/install/bumperbot_description/share/bumperbot_description/models/aws_robomaker_residential_KitchenUtensils_01/model.sdf
[1.378s] -- Installing: /home/wapush/AGV/bumperbot_ws/install/bumperbot_description/share/bumperbot_description/models/aws_robomaker_residential_KitchenUtensils_01/meshes
[1.378s] -- Installing: /home/wapush/AGV/bumperbot_ws/install/bumperbot_description/share/bumperbot_description/models/aws_robomaker_residential_KitchenUtensils_01/meshes/aws_KitchenUtensils_01_visual.DAE:Zone.Identifier
[1.379s] -- Installing: /home/wapush/AGV/bumperbot_ws/install/bumperbot_description/share/bumperbot_description/models/aws_robomaker_residential_KitchenUtensils_01/meshes/aws_KitchenUtensils_01_collision.DAE:Zone.Identifier
[1.379s] -- Installing: /home/wapush/AGV/bumperbot_ws/install/bumperbot_description/share/bumperbot_description/models/aws_robomaker_residential_KitchenUtensils_01/meshes/aws_KitchenUtensils_01_collision.DAE
[1.379s] -- Installing: /home/wapush/AGV/bumperbot_ws/install/bumperbot_description/share/bumperbot_description/models/aws_robomaker_residential_KitchenUtensils_01/meshes/aws_KitchenUtensils_01_visual.DAE
[1.385s] -- Installing: /home/wapush/AGV/bumperbot_ws/install/bumperbot_description/share/bumperbot_description/models/willowgarage
[1.385s] -- Installing: /home/wapush/AGV/bumperbot_ws/install/bumperbot_description/share/bumperbot_description/models/willowgarage/materials
[1.385s] -- Installing: /home/wapush/AGV/bumperbot_ws/install/bumperbot_description/share/bumperbot_description/models/willowgarage/materials/textures
[1.385s] -- Installing: /home/wapush/AGV/bumperbot_ws/install/bumperbot_description/share/bumperbot_description/models/willowgarage/materials/textures/__auto_2.png
[1.385s] -- Installing: /home/wapush/AGV/bumperbot_ws/install/bumperbot_description/share/bumperbot_description/models/willowgarage/materials/textures/Wood_Cherry_Original_.png
[1.386s] -- Installing: /home/wapush/AGV/bumperbot_ws/install/bumperbot_description/share/bumperbot_description/models/willowgarage/materials/textures/Stone_Brushed_Khaki_.png:Zone.Identifier
[1.386s] -- Installing: /home/wapush/AGV/bumperbot_ws/install/bumperbot_description/share/bumperbot_description/models/willowgarage/materials/textures/Stone_Brushed_Khaki_.png
[1.386s] -- Installing: /home/wapush/AGV/bumperbot_ws/install/bumperbot_description/share/bumperbot_description/models/willowgarage/materials/textures/__auto_2.png:Zone.Identifier
[1.386s] -- Installing: /home/wapush/AGV/bumperbot_ws/install/bumperbot_description/share/bumperbot_description/models/willowgarage/materials/textures/Wood_Bamboo_Medium_.png
[1.386s] -- Installing: /home/wapush/AGV/bumperbot_ws/install/bumperbot_description/share/bumperbot_description/models/willowgarage/materials/textures/__auto_12.png:Zone.Identifier
[1.387s] -- Installing: /home/wapush/AGV/bumperbot_ws/install/bumperbot_description/share/bumperbot_description/models/willowgarage/materials/textures/__auto_12.png
[1.387s] -- Installing: /home/wapush/AGV/bumperbot_ws/install/bumperbot_description/share/bumperbot_description/models/willowgarage/materials/textures/Carpet_Berber_Pattern_Gray_.png:Zone.Identifier
[1.387s] -- Installing: /home/wapush/AGV/bumperbot_ws/install/bumperbot_description/share/bumperbot_description/models/willowgarage/materials/textures/__Wood_Bamboo_Medium_1.png:Zone.Identifier
[1.387s] -- Installing: /home/wapush/AGV/bumperbot_ws/install/bumperbot_description/share/bumperbot_description/models/willowgarage/materials/textures/Carpet_Berber_Pattern_Gray_.png
[1.387s] -- Installing: /home/wapush/AGV/bumperbot_ws/install/bumperbot_description/share/bumperbot_description/models/willowgarage/materials/textures/__Wood_Bamboo_Medium_1.png
[1.387s] -- Installing: /home/wapush/AGV/bumperbot_ws/install/bumperbot_description/share/bumperbot_description/models/willowgarage/materials/textures/Wood_Cherry_Original_.png:Zone.Identifier
[1.387s] -- Installing: /home/wapush/AGV/bumperbot_ws/install/bumperbot_description/share/bumperbot_description/models/willowgarage/materials/textures/Wood_Bamboo_Medium_.png:Zone.Identifier
[1.387s] -- Installing: /home/wapush/AGV/bumperbot_ws/install/bumperbot_description/share/bumperbot_description/models/willowgarage/meshes
[1.387s] -- Installing: /home/wapush/AGV/bumperbot_ws/install/bumperbot_description/share/bumperbot_description/models/willowgarage/meshes/willowgarage_collision.dae:Zone.Identifier
[1.387s] -- Installing: /home/wapush/AGV/bumperbot_ws/install/bumperbot_description/share/bumperbot_description/models/willowgarage/meshes/willowgarage_visual.dae
[1.389s] -- Installing: /home/wapush/AGV/bumperbot_ws/install/bumperbot_description/share/bumperbot_description/models/willowgarage/meshes/willowgarage_visual.dae:Zone.Identifier
[1.389s] -- Installing: /home/wapush/AGV/bumperbot_ws/install/bumperbot_description/share/bumperbot_description/models/willowgarage/meshes/willowgarage_collision.dae
[1.394s] -- Installing: /home/wapush/AGV/bumperbot_ws/install/bumperbot_description/share/bumperbot_description/models/ground_plane
[1.395s] -- Installing: /home/wapush/AGV/bumperbot_ws/install/bumperbot_description/share/bumperbot_description/models/ground_plane/model.sdf:Zone.Identifier
[1.395s] -- Installing: /home/wapush/AGV/bumperbot_ws/install/bumperbot_description/share/bumperbot_description/models/ground_plane/model-1_2.sdf
[1.395s] -- Installing: /home/wapush/AGV/bumperbot_ws/install/bumperbot_description/share/bumperbot_description/models/ground_plane/model-1_2.sdf:Zone.Identifier
[1.395s] -- Installing: /home/wapush/AGV/bumperbot_ws/install/bumperbot_description/share/bumperbot_description/models/ground_plane/model.config:Zone.Identifier
[1.395s] -- Installing: /home/wapush/AGV/bumperbot_ws/install/bumperbot_description/share/bumperbot_description/models/ground_plane/model-1_4.sdf:Zone.Identifier
[1.395s] -- Installing: /home/wapush/AGV/bumperbot_ws/install/bumperbot_description/share/bumperbot_description/models/ground_plane/model-1_4.sdf
[1.395s] -- Installing: /home/wapush/AGV/bumperbot_ws/install/bumperbot_description/share/bumperbot_description/models/ground_plane/model-1_3.sdf:Zone.Identifier
[1.395s] -- Installing: /home/wapush/AGV/bumperbot_ws/install/bumperbot_description/share/bumperbot_description/models/ground_plane/model.config
[1.395s] -- Installing: /home/wapush/AGV/bumperbot_ws/install/bumperbot_description/share/bumperbot_description/models/ground_plane/model.sdf
[1.395s] -- Installing: /home/wapush/AGV/bumperbot_ws/install/bumperbot_description/share/bumperbot_description/models/ground_plane/model-1_3.sdf
[1.395s] -- Installing: /home/wapush/AGV/bumperbot_ws/install/bumperbot_description/share/bumperbot_description/models/aws_robomaker_residential_PortraitB_03
[1.395s] -- Installing: /home/wapush/AGV/bumperbot_ws/install/bumperbot_description/share/bumperbot_description/models/aws_robomaker_residential_PortraitB_03/model.sdf:Zone.Identifier
[1.396s] -- Installing: /home/wapush/AGV/bumperbot_ws/install/bumperbot_description/share/bumperbot_description/models/aws_robomaker_residential_PortraitB_03/model.config:Zone.Identifier
[1.396s] -- Installing: /home/wapush/AGV/bumperbot_ws/install/bumperbot_description/share/bumperbot_description/models/aws_robomaker_residential_PortraitB_03/materials
[1.396s] -- Installing: /home/wapush/AGV/bumperbot_ws/install/bumperbot_description/share/bumperbot_description/models/aws_robomaker_residential_PortraitB_03/materials/textures
[1.396s] -- Installing: /home/wapush/AGV/bumperbot_ws/install/bumperbot_description/share/bumperbot_description/models/aws_robomaker_residential_PortraitB_03/materials/textures/aws_PortraitB_02.png:Zone.Identifier
[1.396s] -- Installing: /home/wapush/AGV/bumperbot_ws/install/bumperbot_description/share/bumperbot_description/models/aws_robomaker_residential_PortraitB_03/materials/textures/aws_PortraitB_01.png:Zone.Identifier
[1.396s] -- Installing: /home/wapush/AGV/bumperbot_ws/install/bumperbot_description/share/bumperbot_description/models/aws_robomaker_residential_PortraitB_03/materials/textures/PortraitB_03.jpg:Zone.Identifier
[1.396s] -- Installing: /home/wapush/AGV/bumperbot_ws/install/bumperbot_description/share/bumperbot_description/models/aws_robomaker_residential_PortraitB_03/materials/textures/aws_PortraitB_01.png
[1.396s] -- Installing: /home/wapush/AGV/bumperbot_ws/install/bumperbot_description/share/bumperbot_description/models/aws_robomaker_residential_PortraitB_03/materials/textures/aws_PortraitB_02.png
[1.398s] -- Installing: /home/wapush/AGV/bumperbot_ws/install/bumperbot_description/share/bumperbot_description/models/aws_robomaker_residential_PortraitB_03/materials/textures/PortraitB_03.jpg
[1.399s] -- Installing: /home/wapush/AGV/bumperbot_ws/install/bumperbot_description/share/bumperbot_description/models/aws_robomaker_residential_PortraitB_03/model.config
[1.399s] -- Installing: /home/wapush/AGV/bumperbot_ws/install/bumperbot_description/share/bumperbot_description/models/aws_robomaker_residential_PortraitB_03/model.sdf
[1.399s] -- Installing: /home/wapush/AGV/bumperbot_ws/install/bumperbot_description/share/bumperbot_description/models/aws_robomaker_residential_PortraitB_03/meshes
[1.399s] -- Installing: /home/wapush/AGV/bumperbot_ws/install/bumperbot_description/share/bumperbot_description/models/aws_robomaker_residential_PortraitB_03/meshes/aws_PortraitB_01_collision.DAE:Zone.Identifier
[1.399s] -- Installing: /home/wapush/AGV/bumperbot_ws/install/bumperbot_description/share/bumperbot_description/models/aws_robomaker_residential_PortraitB_03/meshes/aws_PortraitB_01_visual.DAE
[1.399s] -- Installing: /home/wapush/AGV/bumperbot_ws/install/bumperbot_description/share/bumperbot_description/models/aws_robomaker_residential_PortraitB_03/meshes/aws_PortraitB_01_visual.DAE:Zone.Identifier
[1.399s] -- Installing: /home/wapush/AGV/bumperbot_ws/install/bumperbot_description/share/bumperbot_description/models/aws_robomaker_residential_PortraitB_03/meshes/aws_PortraitB_01_collision.DAE
[1.399s] -- Installing: /home/wapush/AGV/bumperbot_ws/install/bumperbot_description/share/bumperbot_description/models/aws_robomaker_residential_FoldingDoor_01
[1.400s] -- Installing: /home/wapush/AGV/bumperbot_ws/install/bumperbot_description/share/bumperbot_description/models/aws_robomaker_residential_FoldingDoor_01/model.sdf:Zone.Identifier
[1.400s] -- Installing: /home/wapush/AGV/bumperbot_ws/install/bumperbot_description/share/bumperbot_description/models/aws_robomaker_residential_FoldingDoor_01/model.config:Zone.Identifier
[1.400s] -- Installing: /home/wapush/AGV/bumperbot_ws/install/bumperbot_description/share/bumperbot_description/models/aws_robomaker_residential_FoldingDoor_01/materials
[1.400s] -- Installing: /home/wapush/AGV/bumperbot_ws/install/bumperbot_description/share/bumperbot_description/models/aws_robomaker_residential_FoldingDoor_01/materials/textures
[1.400s] -- Installing: /home/wapush/AGV/bumperbot_ws/install/bumperbot_description/share/bumperbot_description/models/aws_robomaker_residential_FoldingDoor_01/materials/textures/aws_FoldingDoor_01.png
[1.401s] -- Installing: /home/wapush/AGV/bumperbot_ws/install/bumperbot_description/share/bumperbot_description/models/aws_robomaker_residential_FoldingDoor_01/materials/textures/aws_FoldingDoor_01.png:Zone.Identifier
[1.401s] -- Installing: /home/wapush/AGV/bumperbot_ws/install/bumperbot_description/share/bumperbot_description/models/aws_robomaker_residential_FoldingDoor_01/model.config
[1.401s] -- Installing: /home/wapush/AGV/bumperbot_ws/install/bumperbot_description/share/bumperbot_description/models/aws_robomaker_residential_FoldingDoor_01/model.sdf
[1.401s] -- Installing: /home/wapush/AGV/bumperbot_ws/install/bumperbot_description/share/bumperbot_description/models/aws_robomaker_residential_FoldingDoor_01/meshes
[1.401s] -- Installing: /home/wapush/AGV/bumperbot_ws/install/bumperbot_description/share/bumperbot_description/models/aws_robomaker_residential_FoldingDoor_01/meshes/aws_FoldingDoor_01_collision.DAE
[1.401s] -- Installing: /home/wapush/AGV/bumperbot_ws/install/bumperbot_description/share/bumperbot_description/models/aws_robomaker_residential_FoldingDoor_01/meshes/aws_FoldingDoor_01_visual.DAE:Zone.Identifier
[1.401s] -- Installing: /home/wapush/AGV/bumperbot_ws/install/bumperbot_description/share/bumperbot_description/models/aws_robomaker_residential_FoldingDoor_01/meshes/aws_FoldingDoor_01_collision.DAE:Zone.Identifier
[1.401s] -- Installing: /home/wapush/AGV/bumperbot_ws/install/bumperbot_description/share/bumperbot_description/models/aws_robomaker_residential_FoldingDoor_01/meshes/aws_FoldingDoor_01_visual.DAE
[1.406s] -- Installing: /home/wapush/AGV/bumperbot_ws/install/bumperbot_description/share/bumperbot_description/models/aws_robomaker_residential_Chandelier_01
[1.407s] -- Installing: /home/wapush/AGV/bumperbot_ws/install/bumperbot_description/share/bumperbot_description/models/aws_robomaker_residential_Chandelier_01/model.sdf:Zone.Identifier
[1.407s] -- Installing: /home/wapush/AGV/bumperbot_ws/install/bumperbot_description/share/bumperbot_description/models/aws_robomaker_residential_Chandelier_01/model.config:Zone.Identifier
[1.407s] -- Installing: /home/wapush/AGV/bumperbot_ws/install/bumperbot_description/share/bumperbot_description/models/aws_robomaker_residential_Chandelier_01/materials
[1.407s] -- Installing: /home/wapush/AGV/bumperbot_ws/install/bumperbot_description/share/bumperbot_description/models/aws_robomaker_residential_Chandelier_01/materials/textures
[1.407s] -- Installing: /home/wapush/AGV/bumperbot_ws/install/bumperbot_description/share/bumperbot_description/models/aws_robomaker_residential_Chandelier_01/materials/textures/aws_Chandelier_01.png:Zone.Identifier
[1.407s] -- Installing: /home/wapush/AGV/bumperbot_ws/install/bumperbot_description/share/bumperbot_description/models/aws_robomaker_residential_Chandelier_01/materials/textures/aws_Chandelier_01.png
[1.412s] -- Installing: /home/wapush/AGV/bumperbot_ws/install/bumperbot_description/share/bumperbot_description/models/aws_robomaker_residential_Chandelier_01/model.config
[1.412s] -- Installing: /home/wapush/AGV/bumperbot_ws/install/bumperbot_description/share/bumperbot_description/models/aws_robomaker_residential_Chandelier_01/model.sdf
[1.412s] -- Installing: /home/wapush/AGV/bumperbot_ws/install/bumperbot_description/share/bumperbot_description/models/aws_robomaker_residential_Chandelier_01/meshes
[1.412s] -- Installing: /home/wapush/AGV/bumperbot_ws/install/bumperbot_description/share/bumperbot_description/models/aws_robomaker_residential_Chandelier_01/meshes/aws_Chandelier_01_visual.DAE
[1.414s] -- Installing: /home/wapush/AGV/bumperbot_ws/install/bumperbot_description/share/bumperbot_description/models/aws_robomaker_residential_Chandelier_01/meshes/aws_Chandelier_01_visual.DAE:Zone.Identifier
[1.414s] -- Installing: /home/wapush/AGV/bumperbot_ws/install/bumperbot_description/share/bumperbot_description/models/aws_robomaker_residential_Chandelier_01/meshes/aws_Chandelier_01_collision.DAE:Zone.Identifier
[1.414s] -- Installing: /home/wapush/AGV/bumperbot_ws/install/bumperbot_description/share/bumperbot_description/models/aws_robomaker_residential_Chandelier_01/meshes/aws_Chandelier_01.DAE:Zone.Identifier
[1.414s] -- Installing: /home/wapush/AGV/bumperbot_ws/install/bumperbot_description/share/bumperbot_description/models/aws_robomaker_residential_Chandelier_01/meshes/aws_Chandelier_01_collision.DAE
[1.414s] -- Installing: /home/wapush/AGV/bumperbot_ws/install/bumperbot_description/share/bumperbot_description/models/aws_robomaker_residential_Chandelier_01/meshes/aws_Chandelier_01.DAE
[1.416s] -- Installing: /home/wapush/AGV/bumperbot_ws/install/bumperbot_description/share/bumperbot_description/models/aws_robomaker_residential_HouseWallB_01
[1.416s] -- Installing: /home/wapush/AGV/bumperbot_ws/install/bumperbot_description/share/bumperbot_description/models/aws_robomaker_residential_HouseWallB_01/model.sdf:Zone.Identifier
[1.416s] -- Installing: /home/wapush/AGV/bumperbot_ws/install/bumperbot_description/share/bumperbot_description/models/aws_robomaker_residential_HouseWallB_01/model.config:Zone.Identifier
[1.417s] -- Installing: /home/wapush/AGV/bumperbot_ws/install/bumperbot_description/share/bumperbot_description/models/aws_robomaker_residential_HouseWallB_01/materials
[1.417s] -- Installing: /home/wapush/AGV/bumperbot_ws/install/bumperbot_description/share/bumperbot_description/models/aws_robomaker_residential_HouseWallB_01/materials/textures
[1.417s] -- Installing: /home/wapush/AGV/bumperbot_ws/install/bumperbot_description/share/bumperbot_description/models/aws_robomaker_residential_HouseWallB_01/materials/textures/aws_HouseWallB_01.png
[1.418s] -- Installing: /home/wapush/AGV/bumperbot_ws/install/bumperbot_description/share/bumperbot_description/models/aws_robomaker_residential_HouseWallB_01/materials/textures/aws_HouseWallB_01.png:Zone.Identifier
[1.418s] -- Installing: /home/wapush/AGV/bumperbot_ws/install/bumperbot_description/share/bumperbot_description/models/aws_robomaker_residential_HouseWallB_01/model.config
[1.418s] -- Installing: /home/wapush/AGV/bumperbot_ws/install/bumperbot_description/share/bumperbot_description/models/aws_robomaker_residential_HouseWallB_01/model.sdf
[1.418s] -- Installing: /home/wapush/AGV/bumperbot_ws/install/bumperbot_description/share/bumperbot_description/models/aws_robomaker_residential_HouseWallB_01/meshes
[1.418s] -- Installing: /home/wapush/AGV/bumperbot_ws/install/bumperbot_description/share/bumperbot_description/models/aws_robomaker_residential_HouseWallB_01/meshes/aws_HouseWallB_01_collision.DAE
[1.418s] -- Installing: /home/wapush/AGV/bumperbot_ws/install/bumperbot_description/share/bumperbot_description/models/aws_robomaker_residential_HouseWallB_01/meshes/aws_HouseWallB_01_visual.DAE
[1.419s] -- Installing: /home/wapush/AGV/bumperbot_ws/install/bumperbot_description/share/bumperbot_description/models/aws_robomaker_residential_HouseWallB_01/meshes/aws_HouseWallB_01_collision.DAE:Zone.Identifier
[1.419s] -- Installing: /home/wapush/AGV/bumperbot_ws/install/bumperbot_description/share/bumperbot_description/models/aws_robomaker_residential_HouseWallB_01/meshes/aws_HouseWallB_01_visual.DAE:Zone.Identifier
[1.419s] -- Installing: /home/wapush/AGV/bumperbot_ws/install/bumperbot_description/share/bumperbot_description/models/aws_robomaker_residential_PortraitC_01
[1.419s] -- Installing: /home/wapush/AGV/bumperbot_ws/install/bumperbot_description/share/bumperbot_description/models/aws_robomaker_residential_PortraitC_01/model.sdf:Zone.Identifier
[1.419s] -- Installing: /home/wapush/AGV/bumperbot_ws/install/bumperbot_description/share/bumperbot_description/models/aws_robomaker_residential_PortraitC_01/model.config:Zone.Identifier
[1.419s] -- Installing: /home/wapush/AGV/bumperbot_ws/install/bumperbot_description/share/bumperbot_description/models/aws_robomaker_residential_PortraitC_01/materials
[1.419s] -- Installing: /home/wapush/AGV/bumperbot_ws/install/bumperbot_description/share/bumperbot_description/models/aws_robomaker_residential_PortraitC_01/materials/textures
[1.419s] -- Installing: /home/wapush/AGV/bumperbot_ws/install/bumperbot_description/share/bumperbot_description/models/aws_robomaker_residential_PortraitC_01/materials/textures/aws_PortraitC_02.png:Zone.Identifier
[1.419s] -- Installing: /home/wapush/AGV/bumperbot_ws/install/bumperbot_description/share/bumperbot_description/models/aws_robomaker_residential_PortraitC_01/materials/textures/aws_PortraitC_01.png:Zone.Identifier
[1.420s] -- Installing: /home/wapush/AGV/bumperbot_ws/install/bumperbot_description/share/bumperbot_description/models/aws_robomaker_residential_PortraitC_01/materials/textures/aws_PortraitC_02.png
[1.421s] -- Installing: /home/wapush/AGV/bumperbot_ws/install/bumperbot_description/share/bumperbot_description/models/aws_robomaker_residential_PortraitC_01/materials/textures/PortraitC_01.jpg:Zone.Identifier
[1.422s] -- Installing: /home/wapush/AGV/bumperbot_ws/install/bumperbot_description/share/bumperbot_description/models/aws_robomaker_residential_PortraitC_01/materials/textures/aws_PortraitC_01.png
[1.422s] -- Installing: /home/wapush/AGV/bumperbot_ws/install/bumperbot_description/share/bumperbot_description/models/aws_robomaker_residential_PortraitC_01/materials/textures/PortraitC_01.jpg
[1.422s] -- Installing: /home/wapush/AGV/bumperbot_ws/install/bumperbot_description/share/bumperbot_description/models/aws_robomaker_residential_PortraitC_01/model.config
[1.422s] -- Installing: /home/wapush/AGV/bumperbot_ws/install/bumperbot_description/share/bumperbot_description/models/aws_robomaker_residential_PortraitC_01/model.sdf
[1.422s] -- Installing: /home/wapush/AGV/bumperbot_ws/install/bumperbot_description/share/bumperbot_description/models/aws_robomaker_residential_PortraitC_01/meshes
[1.422s] -- Installing: /home/wapush/AGV/bumperbot_ws/install/bumperbot_description/share/bumperbot_description/models/aws_robomaker_residential_PortraitC_01/meshes/aws_PortraitC_01_collision.DAE
[1.423s] -- Installing: /home/wapush/AGV/bumperbot_ws/install/bumperbot_description/share/bumperbot_description/models/aws_robomaker_residential_PortraitC_01/meshes/aws_PortraitC_01_visual.DAE
[1.423s] -- Installing: /home/wapush/AGV/bumperbot_ws/install/bumperbot_description/share/bumperbot_description/models/aws_robomaker_residential_PortraitC_01/meshes/aws_PortraitC_01_collision.DAE:Zone.Identifier
[1.423s] -- Installing: /home/wapush/AGV/bumperbot_ws/install/bumperbot_description/share/bumperbot_description/models/aws_robomaker_residential_PortraitC_01/meshes/aws_PortraitC_01_visual.DAE:Zone.Identifier
[1.423s] -- Installing: /home/wapush/AGV/bumperbot_ws/install/bumperbot_description/share/bumperbot_description/models/aws_robomaker_residential_DeskPortraitD_03
[1.423s] -- Installing: /home/wapush/AGV/bumperbot_ws/install/bumperbot_description/share/bumperbot_description/models/aws_robomaker_residential_DeskPortraitD_03/model.sdf:Zone.Identifier
[1.424s] -- Installing: /home/wapush/AGV/bumperbot_ws/install/bumperbot_description/share/bumperbot_description/models/aws_robomaker_residential_DeskPortraitD_03/model.config:Zone.Identifier
[1.424s] -- Installing: /home/wapush/AGV/bumperbot_ws/install/bumperbot_description/share/bumperbot_description/models/aws_robomaker_residential_DeskPortraitD_03/materials
[1.424s] -- Installing: /home/wapush/AGV/bumperbot_ws/install/bumperbot_description/share/bumperbot_description/models/aws_robomaker_residential_DeskPortraitD_03/materials/textures
[1.424s] -- Installing: /home/wapush/AGV/bumperbot_ws/install/bumperbot_description/share/bumperbot_description/models/aws_robomaker_residential_DeskPortraitD_03/materials/textures/aws_DeskPortraitD_02.png:Zone.Identifier
[1.424s] -- Installing: /home/wapush/AGV/bumperbot_ws/install/bumperbot_description/share/bumperbot_description/models/aws_robomaker_residential_DeskPortraitD_03/materials/textures/DeskPortraitD_03.jpg
[1.424s] -- Installing: /home/wapush/AGV/bumperbot_ws/install/bumperbot_description/share/bumperbot_description/models/aws_robomaker_residential_DeskPortraitD_03/materials/textures/aws_DeskPortraitD_01.png
[1.424s] -- Installing: /home/wapush/AGV/bumperbot_ws/install/bumperbot_description/share/bumperbot_description/models/aws_robomaker_residential_DeskPortraitD_03/materials/textures/aws_DeskPortraitD_01.png:Zone.Identifier
[1.424s] -- Installing: /home/wapush/AGV/bumperbot_ws/install/bumperbot_description/share/bumperbot_description/models/aws_robomaker_residential_DeskPortraitD_03/materials/textures/aws_DeskPortraitD_02.png
[1.429s] -- Installing: /home/wapush/AGV/bumperbot_ws/install/bumperbot_description/share/bumperbot_description/models/aws_robomaker_residential_DeskPortraitD_03/materials/textures/DeskPortraitD_03.jpg:Zone.Identifier
[1.429s] -- Installing: /home/wapush/AGV/bumperbot_ws/install/bumperbot_description/share/bumperbot_description/models/aws_robomaker_residential_DeskPortraitD_03/model.config
[1.429s] -- Installing: /home/wapush/AGV/bumperbot_ws/install/bumperbot_description/share/bumperbot_description/models/aws_robomaker_residential_DeskPortraitD_03/model.sdf
[1.429s] -- Installing: /home/wapush/AGV/bumperbot_ws/install/bumperbot_description/share/bumperbot_description/models/aws_robomaker_residential_DeskPortraitD_03/meshes
[1.429s] -- Installing: /home/wapush/AGV/bumperbot_ws/install/bumperbot_description/share/bumperbot_description/models/aws_robomaker_residential_DeskPortraitD_03/meshes/aws_DeskPortraitD_01_visual.DAE
[1.429s] -- Installing: /home/wapush/AGV/bumperbot_ws/install/bumperbot_description/share/bumperbot_description/models/aws_robomaker_residential_DeskPortraitD_03/meshes/aws_DeskPortraitD_01_visual.DAE:Zone.Identifier
[1.429s] -- Installing: /home/wapush/AGV/bumperbot_ws/install/bumperbot_description/share/bumperbot_description/models/aws_robomaker_residential_DeskPortraitD_03/meshes/aws_DeskPortraitD_01_collision.DAE
[1.429s] -- Installing: /home/wapush/AGV/bumperbot_ws/install/bumperbot_description/share/bumperbot_description/models/aws_robomaker_residential_DeskPortraitD_03/meshes/aws_DeskPortraitD_01_collision.DAE:Zone.Identifier
[1.429s] -- Installing: /home/wapush/AGV/bumperbot_ws/install/bumperbot_description/share/bumperbot_description/models/aws_robomaker_residential_ChairA_01
[1.430s] -- Installing: /home/wapush/AGV/bumperbot_ws/install/bumperbot_description/share/bumperbot_description/models/aws_robomaker_residential_ChairA_01/model.sdf:Zone.Identifier
[1.430s] -- Installing: /home/wapush/AGV/bumperbot_ws/install/bumperbot_description/share/bumperbot_description/models/aws_robomaker_residential_ChairA_01/model.config:Zone.Identifier
[1.430s] -- Installing: /home/wapush/AGV/bumperbot_ws/install/bumperbot_description/share/bumperbot_description/models/aws_robomaker_residential_ChairA_01/materials
[1.430s] -- Installing: /home/wapush/AGV/bumperbot_ws/install/bumperbot_description/share/bumperbot_description/models/aws_robomaker_residential_ChairA_01/materials/textures
[1.430s] -- Installing: /home/wapush/AGV/bumperbot_ws/install/bumperbot_description/share/bumperbot_description/models/aws_robomaker_residential_ChairA_01/materials/textures/aws_ChairA_01.png:Zone.Identifier
[1.430s] -- Installing: /home/wapush/AGV/bumperbot_ws/install/bumperbot_description/share/bumperbot_description/models/aws_robomaker_residential_ChairA_01/materials/textures/aws_ChairA_01.png
[1.431s] -- Installing: /home/wapush/AGV/bumperbot_ws/install/bumperbot_description/share/bumperbot_description/models/aws_robomaker_residential_ChairA_01/model.config
[1.431s] -- Installing: /home/wapush/AGV/bumperbot_ws/install/bumperbot_description/share/bumperbot_description/models/aws_robomaker_residential_ChairA_01/model.sdf
[1.431s] -- Installing: /home/wapush/AGV/bumperbot_ws/install/bumperbot_description/share/bumperbot_description/models/aws_robomaker_residential_ChairA_01/meshes
[1.431s] -- Installing: /home/wapush/AGV/bumperbot_ws/install/bumperbot_description/share/bumperbot_description/models/aws_robomaker_residential_ChairA_01/meshes/aws_ChairA_01_collision.DAE
[1.431s] -- Installing: /home/wapush/AGV/bumperbot_ws/install/bumperbot_description/share/bumperbot_description/models/aws_robomaker_residential_ChairA_01/meshes/aws_ChairA_01_visual.DAE:Zone.Identifier
[1.431s] -- Installing: /home/wapush/AGV/bumperbot_ws/install/bumperbot_description/share/bumperbot_description/models/aws_robomaker_residential_ChairA_01/meshes/aws_ChairA_01_collision.DAE:Zone.Identifier
[1.431s] -- Installing: /home/wapush/AGV/bumperbot_ws/install/bumperbot_description/share/bumperbot_description/models/aws_robomaker_residential_ChairA_01/meshes/aws_ChairA_01_visual.DAE
[1.432s] -- Installing: /home/wapush/AGV/bumperbot_ws/install/bumperbot_description/share/bumperbot_description/models/aws_robomaker_residential_DeskPortraitD_01
[1.432s] -- Installing: /home/wapush/AGV/bumperbot_ws/install/bumperbot_description/share/bumperbot_description/models/aws_robomaker_residential_DeskPortraitD_01/model.sdf:Zone.Identifier
[1.432s] -- Installing: /home/wapush/AGV/bumperbot_ws/install/bumperbot_description/share/bumperbot_description/models/aws_robomaker_residential_DeskPortraitD_01/model.config:Zone.Identifier
[1.432s] -- Installing: /home/wapush/AGV/bumperbot_ws/install/bumperbot_description/share/bumperbot_description/models/aws_robomaker_residential_DeskPortraitD_01/materials
[1.432s] -- Installing: /home/wapush/AGV/bumperbot_ws/install/bumperbot_description/share/bumperbot_description/models/aws_robomaker_residential_DeskPortraitD_01/materials/textures
[1.432s] -- Installing: /home/wapush/AGV/bumperbot_ws/install/bumperbot_description/share/bumperbot_description/models/aws_robomaker_residential_DeskPortraitD_01/materials/textures/aws_DeskPortraitD_02.png:Zone.Identifier
[1.432s] -- Installing: /home/wapush/AGV/bumperbot_ws/install/bumperbot_description/share/bumperbot_description/models/aws_robomaker_residential_DeskPortraitD_01/materials/textures/aws_DeskPortraitD_01.png
[1.432s] -- Installing: /home/wapush/AGV/bumperbot_ws/install/bumperbot_description/share/bumperbot_description/models/aws_robomaker_residential_DeskPortraitD_01/materials/textures/aws_DeskPortraitD_01.png:Zone.Identifier
[1.433s] -- Installing: /home/wapush/AGV/bumperbot_ws/install/bumperbot_description/share/bumperbot_description/models/aws_robomaker_residential_DeskPortraitD_01/materials/textures/aws_DeskPortraitD_02.png
[1.436s] -- Installing: /home/wapush/AGV/bumperbot_ws/install/bumperbot_description/share/bumperbot_description/models/aws_robomaker_residential_DeskPortraitD_01/materials/textures/DeskPortraitD_01.jpg:Zone.Identifier
[1.436s] -- Installing: /home/wapush/AGV/bumperbot_ws/install/bumperbot_description/share/bumperbot_description/models/aws_robomaker_residential_DeskPortraitD_01/materials/textures/DeskPortraitD_01.jpg
[1.436s] -- Installing: /home/wapush/AGV/bumperbot_ws/install/bumperbot_description/share/bumperbot_description/models/aws_robomaker_residential_DeskPortraitD_01/model.config
[1.436s] -- Installing: /home/wapush/AGV/bumperbot_ws/install/bumperbot_description/share/bumperbot_description/models/aws_robomaker_residential_DeskPortraitD_01/model.sdf
[1.437s] -- Installing: /home/wapush/AGV/bumperbot_ws/install/bumperbot_description/share/bumperbot_description/models/aws_robomaker_residential_DeskPortraitD_01/meshes
[1.437s] -- Installing: /home/wapush/AGV/bumperbot_ws/install/bumperbot_description/share/bumperbot_description/models/aws_robomaker_residential_DeskPortraitD_01/meshes/aws_DeskPortraitD_01_visual.DAE
[1.437s] -- Installing: /home/wapush/AGV/bumperbot_ws/install/bumperbot_description/share/bumperbot_description/models/aws_robomaker_residential_DeskPortraitD_01/meshes/aws_DeskPortraitD_01_visual.DAE:Zone.Identifier
[1.437s] -- Installing: /home/wapush/AGV/bumperbot_ws/install/bumperbot_description/share/bumperbot_description/models/aws_robomaker_residential_DeskPortraitD_01/meshes/aws_DeskPortraitD_01_collision.DAE
[1.437s] -- Installing: /home/wapush/AGV/bumperbot_ws/install/bumperbot_description/share/bumperbot_description/models/aws_robomaker_residential_DeskPortraitD_01/meshes/aws_DeskPortraitD_01_collision.DAE:Zone.Identifier
[1.437s] -- Installing: /home/wapush/AGV/bumperbot_ws/install/bumperbot_description/share/bumperbot_description/models/aws_robomaker_residential_DeskPortraitB_01
[1.438s] -- Installing: /home/wapush/AGV/bumperbot_ws/install/bumperbot_description/share/bumperbot_description/models/aws_robomaker_residential_DeskPortraitB_01/model.sdf:Zone.Identifier
[1.438s] -- Installing: /home/wapush/AGV/bumperbot_ws/install/bumperbot_description/share/bumperbot_description/models/aws_robomaker_residential_DeskPortraitB_01/model.config:Zone.Identifier
[1.438s] -- Installing: /home/wapush/AGV/bumperbot_ws/install/bumperbot_description/share/bumperbot_description/models/aws_robomaker_residential_DeskPortraitB_01/materials
[1.438s] -- Installing: /home/wapush/AGV/bumperbot_ws/install/bumperbot_description/share/bumperbot_description/models/aws_robomaker_residential_DeskPortraitB_01/materials/textures
[1.438s] -- Installing: /home/wapush/AGV/bumperbot_ws/install/bumperbot_description/share/bumperbot_description/models/aws_robomaker_residential_DeskPortraitB_01/materials/textures/aws_DeskPortraitB_01.png
[1.438s] -- Installing: /home/wapush/AGV/bumperbot_ws/install/bumperbot_description/share/bumperbot_description/models/aws_robomaker_residential_DeskPortraitB_01/materials/textures/DeskPortraitB_01.jpg
[1.438s] -- Installing: /home/wapush/AGV/bumperbot_ws/install/bumperbot_description/share/bumperbot_description/models/aws_robomaker_residential_DeskPortraitB_01/materials/textures/aws_DeskPortraitB_02.png:Zone.Identifier
[1.438s] -- Installing: /home/wapush/AGV/bumperbot_ws/install/bumperbot_description/share/bumperbot_description/models/aws_robomaker_residential_DeskPortraitB_01/materials/textures/aws_DeskPortraitB_01.png:Zone.Identifier
[1.438s] -- Installing: /home/wapush/AGV/bumperbot_ws/install/bumperbot_description/share/bumperbot_description/models/aws_robomaker_residential_DeskPortraitB_01/materials/textures/aws_DeskPortraitB_02.png
[1.443s] -- Installing: /home/wapush/AGV/bumperbot_ws/install/bumperbot_description/share/bumperbot_description/models/aws_robomaker_residential_DeskPortraitB_01/materials/textures/DeskPortraitB_01.jpg:Zone.Identifier
[1.443s] -- Installing: /home/wapush/AGV/bumperbot_ws/install/bumperbot_description/share/bumperbot_description/models/aws_robomaker_residential_DeskPortraitB_01/model.config
[1.443s] -- Installing: /home/wapush/AGV/bumperbot_ws/install/bumperbot_description/share/bumperbot_description/models/aws_robomaker_residential_DeskPortraitB_01/model.sdf
[1.443s] -- Installing: /home/wapush/AGV/bumperbot_ws/install/bumperbot_description/share/bumperbot_description/models/aws_robomaker_residential_DeskPortraitB_01/meshes
[1.443s] -- Installing: /home/wapush/AGV/bumperbot_ws/install/bumperbot_description/share/bumperbot_description/models/aws_robomaker_residential_DeskPortraitB_01/meshes/aws_DeskPortraitB_01_collision.DAE
[1.443s] -- Installing: /home/wapush/AGV/bumperbot_ws/install/bumperbot_description/share/bumperbot_description/models/aws_robomaker_residential_DeskPortraitB_01/meshes/aws_DeskPortraitB_01_collision.DAE:Zone.Identifier
[1.443s] -- Installing: /home/wapush/AGV/bumperbot_ws/install/bumperbot_description/share/bumperbot_description/models/aws_robomaker_residential_DeskPortraitB_01/meshes/aws_DeskPortraitB_01_visual.DAE
[1.444s] -- Installing: /home/wapush/AGV/bumperbot_ws/install/bumperbot_description/share/bumperbot_description/models/aws_robomaker_residential_DeskPortraitB_01/meshes/aws_DeskPortraitB_01_visual.DAE:Zone.Identifier
[1.444s] -- Installing: /home/wapush/AGV/bumperbot_ws/install/bumperbot_description/share/bumperbot_description/models/aws_robomaker_residential_DeskPortraitB_02
[1.444s] -- Installing: /home/wapush/AGV/bumperbot_ws/install/bumperbot_description/share/bumperbot_description/models/aws_robomaker_residential_DeskPortraitB_02/model.sdf:Zone.Identifier
[1.444s] -- Installing: /home/wapush/AGV/bumperbot_ws/install/bumperbot_description/share/bumperbot_description/models/aws_robomaker_residential_DeskPortraitB_02/model.config:Zone.Identifier
[1.444s] -- Installing: /home/wapush/AGV/bumperbot_ws/install/bumperbot_description/share/bumperbot_description/models/aws_robomaker_residential_DeskPortraitB_02/materials
[1.444s] -- Installing: /home/wapush/AGV/bumperbot_ws/install/bumperbot_description/share/bumperbot_description/models/aws_robomaker_residential_DeskPortraitB_02/materials/textures
[1.444s] -- Installing: /home/wapush/AGV/bumperbot_ws/install/bumperbot_description/share/bumperbot_description/models/aws_robomaker_residential_DeskPortraitB_02/materials/textures/aws_DeskPortraitB_01.png
[1.444s] -- Installing: /home/wapush/AGV/bumperbot_ws/install/bumperbot_description/share/bumperbot_description/models/aws_robomaker_residential_DeskPortraitB_02/materials/textures/DeskPortraitB_02.jpg:Zone.Identifier
[1.444s] -- Installing: /home/wapush/AGV/bumperbot_ws/install/bumperbot_description/share/bumperbot_description/models/aws_robomaker_residential_DeskPortraitB_02/materials/textures/aws_DeskPortraitB_02.png:Zone.Identifier
[1.445s] -- Installing: /home/wapush/AGV/bumperbot_ws/install/bumperbot_description/share/bumperbot_description/models/aws_robomaker_residential_DeskPortraitB_02/materials/textures/aws_DeskPortraitB_01.png:Zone.Identifier
[1.445s] -- Installing: /home/wapush/AGV/bumperbot_ws/install/bumperbot_description/share/bumperbot_description/models/aws_robomaker_residential_DeskPortraitB_02/materials/textures/aws_DeskPortraitB_02.png
[1.450s] -- Installing: /home/wapush/AGV/bumperbot_ws/install/bumperbot_description/share/bumperbot_description/models/aws_robomaker_residential_DeskPortraitB_02/materials/textures/DeskPortraitB_02.jpg
[1.475s] -- Installing: /home/wapush/AGV/bumperbot_ws/install/bumperbot_description/share/bumperbot_description/models/aws_robomaker_residential_DeskPortraitB_02/model.config
[1.475s] -- Installing: /home/wapush/AGV/bumperbot_ws/install/bumperbot_description/share/bumperbot_description/models/aws_robomaker_residential_DeskPortraitB_02/model.sdf
[1.475s] -- Installing: /home/wapush/AGV/bumperbot_ws/install/bumperbot_description/share/bumperbot_description/models/aws_robomaker_residential_DeskPortraitB_02/meshes
[1.475s] -- Installing: /home/wapush/AGV/bumperbot_ws/install/bumperbot_description/share/bumperbot_description/models/aws_robomaker_residential_DeskPortraitB_02/meshes/aws_DeskPortraitB_01_collision.DAE
[1.475s] -- Installing: /home/wapush/AGV/bumperbot_ws/install/bumperbot_description/share/bumperbot_description/models/aws_robomaker_residential_DeskPortraitB_02/meshes/aws_DeskPortraitB_01_collision.DAE:Zone.Identifier
[1.476s] -- Installing: /home/wapush/AGV/bumperbot_ws/install/bumperbot_description/share/bumperbot_description/models/aws_robomaker_residential_DeskPortraitB_02/meshes/aws_DeskPortraitB_01_visual.DAE
[1.476s] -- Installing: /home/wapush/AGV/bumperbot_ws/install/bumperbot_description/share/bumperbot_description/models/aws_robomaker_residential_DeskPortraitB_02/meshes/aws_DeskPortraitB_01_visual.DAE:Zone.Identifier
[1.476s] -- Installing: /home/wapush/AGV/bumperbot_ws/install/bumperbot_description/share/bumperbot_description/models/aws_robomaker_residential_DeskPortraitC_02
[1.476s] -- Installing: /home/wapush/AGV/bumperbot_ws/install/bumperbot_description/share/bumperbot_description/models/aws_robomaker_residential_DeskPortraitC_02/model.sdf:Zone.Identifier
[1.476s] -- Installing: /home/wapush/AGV/bumperbot_ws/install/bumperbot_description/share/bumperbot_description/models/aws_robomaker_residential_DeskPortraitC_02/model.config:Zone.Identifier
[1.476s] -- Installing: /home/wapush/AGV/bumperbot_ws/install/bumperbot_description/share/bumperbot_description/models/aws_robomaker_residential_DeskPortraitC_02/materials
[1.476s] -- Installing: /home/wapush/AGV/bumperbot_ws/install/bumperbot_description/share/bumperbot_description/models/aws_robomaker_residential_DeskPortraitC_02/materials/textures
[1.476s] -- Installing: /home/wapush/AGV/bumperbot_ws/install/bumperbot_description/share/bumperbot_description/models/aws_robomaker_residential_DeskPortraitC_02/materials/textures/DeskPortraitC_02.jpg:Zone.Identifier
[1.476s] -- Installing: /home/wapush/AGV/bumperbot_ws/install/bumperbot_description/share/bumperbot_description/models/aws_robomaker_residential_DeskPortraitC_02/materials/textures/DeskPortraitC_02.jpg
[1.477s] -- Installing: /home/wapush/AGV/bumperbot_ws/install/bumperbot_description/share/bumperbot_description/models/aws_robomaker_residential_DeskPortraitC_02/materials/textures/aws_DeskPortraitC_01.png
[1.477s] -- Installing: /home/wapush/AGV/bumperbot_ws/install/bumperbot_description/share/bumperbot_description/models/aws_robomaker_residential_DeskPortraitC_02/materials/textures/aws_DeskPortraitC_02.png
[1.481s] -- Installing: /home/wapush/AGV/bumperbot_ws/install/bumperbot_description/share/bumperbot_description/models/aws_robomaker_residential_DeskPortraitC_02/materials/textures/aws_DeskPortraitC_01.png:Zone.Identifier
[1.481s] -- Installing: /home/wapush/AGV/bumperbot_ws/install/bumperbot_description/share/bumperbot_description/models/aws_robomaker_residential_DeskPortraitC_02/materials/textures/aws_DeskPortraitC_02.png:Zone.Identifier
[1.481s] -- Installing: /home/wapush/AGV/bumperbot_ws/install/bumperbot_description/share/bumperbot_description/models/aws_robomaker_residential_DeskPortraitC_02/model.config
[1.481s] -- Installing: /home/wapush/AGV/bumperbot_ws/install/bumperbot_description/share/bumperbot_description/models/aws_robomaker_residential_DeskPortraitC_02/model.sdf
[1.481s] -- Installing: /home/wapush/AGV/bumperbot_ws/install/bumperbot_description/share/bumperbot_description/models/aws_robomaker_residential_DeskPortraitC_02/meshes
[1.481s] -- Installing: /home/wapush/AGV/bumperbot_ws/install/bumperbot_description/share/bumperbot_description/models/aws_robomaker_residential_DeskPortraitC_02/meshes/aws_DeskPortraitC_01_collision.DAE:Zone.Identifier
[1.481s] -- Installing: /home/wapush/AGV/bumperbot_ws/install/bumperbot_description/share/bumperbot_description/models/aws_robomaker_residential_DeskPortraitC_02/meshes/aws_DeskPortraitC_01_collision.DAE
[1.481s] -- Installing: /home/wapush/AGV/bumperbot_ws/install/bumperbot_description/share/bumperbot_description/models/aws_robomaker_residential_DeskPortraitC_02/meshes/aws_DeskPortraitC_01_visual.DAE
[1.482s] -- Installing: /home/wapush/AGV/bumperbot_ws/install/bumperbot_description/share/bumperbot_description/models/aws_robomaker_residential_DeskPortraitC_02/meshes/aws_DeskPortraitC_01_visual.DAE:Zone.Identifier
[1.482s] -- Installing: /home/wapush/AGV/bumperbot_ws/install/bumperbot_description/share/bumperbot_description/models/aws_robomaker_residential_RoomCeiling_01
[1.482s] -- Installing: /home/wapush/AGV/bumperbot_ws/install/bumperbot_description/share/bumperbot_description/models/aws_robomaker_residential_RoomCeiling_01/model.sdf:Zone.Identifier
[1.482s] -- Installing: /home/wapush/AGV/bumperbot_ws/install/bumperbot_description/share/bumperbot_description/models/aws_robomaker_residential_RoomCeiling_01/model.config:Zone.Identifier
[1.482s] -- Installing: /home/wapush/AGV/bumperbot_ws/install/bumperbot_description/share/bumperbot_description/models/aws_robomaker_residential_RoomCeiling_01/materials
[1.482s] -- Installing: /home/wapush/AGV/bumperbot_ws/install/bumperbot_description/share/bumperbot_description/models/aws_robomaker_residential_RoomCeiling_01/materials/textures
[1.482s] -- Installing: /home/wapush/AGV/bumperbot_ws/install/bumperbot_description/share/bumperbot_description/models/aws_robomaker_residential_RoomCeiling_01/materials/textures/aws_RoomCeiling_01.png:Zone.Identifier
[1.482s] -- Installing: /home/wapush/AGV/bumperbot_ws/install/bumperbot_description/share/bumperbot_description/models/aws_robomaker_residential_RoomCeiling_01/materials/textures/aws_RoomCeiling_01.png
[1.483s] -- Installing: /home/wapush/AGV/bumperbot_ws/install/bumperbot_description/share/bumperbot_description/models/aws_robomaker_residential_RoomCeiling_01/model.config
[1.483s] -- Installing: /home/wapush/AGV/bumperbot_ws/install/bumperbot_description/share/bumperbot_description/models/aws_robomaker_residential_RoomCeiling_01/model.sdf
[1.483s] -- Installing: /home/wapush/AGV/bumperbot_ws/install/bumperbot_description/share/bumperbot_description/models/aws_robomaker_residential_RoomCeiling_01/meshes
[1.483s] -- Installing: /home/wapush/AGV/bumperbot_ws/install/bumperbot_description/share/bumperbot_description/models/aws_robomaker_residential_RoomCeiling_01/meshes/aws_RoomCeiling_01_collision.DAE:Zone.Identifier
[1.483s] -- Installing: /home/wapush/AGV/bumperbot_ws/install/bumperbot_description/share/bumperbot_description/models/aws_robomaker_residential_RoomCeiling_01/meshes/aws_RoomCeiling_01_visual.DAE:Zone.Identifier
[1.483s] -- Installing: /home/wapush/AGV/bumperbot_ws/install/bumperbot_description/share/bumperbot_description/models/aws_robomaker_residential_RoomCeiling_01/meshes/aws_RoomCeiling_01_visual.DAE
[1.484s] -- Installing: /home/wapush/AGV/bumperbot_ws/install/bumperbot_description/share/bumperbot_description/models/aws_robomaker_residential_RoomCeiling_01/meshes/aws_RoomCeiling_01_collision.DAE
[1.484s] -- Installing: /home/wapush/AGV/bumperbot_ws/install/bumperbot_description/share/bumperbot_description/models/aws_robomaker_residential_CoffeeTable_01
[1.484s] -- Installing: /home/wapush/AGV/bumperbot_ws/install/bumperbot_description/share/bumperbot_description/models/aws_robomaker_residential_CoffeeTable_01/model.sdf:Zone.Identifier
[1.484s] -- Installing: /home/wapush/AGV/bumperbot_ws/install/bumperbot_description/share/bumperbot_description/models/aws_robomaker_residential_CoffeeTable_01/model.config:Zone.Identifier
[1.484s] -- Installing: /home/wapush/AGV/bumperbot_ws/install/bumperbot_description/share/bumperbot_description/models/aws_robomaker_residential_CoffeeTable_01/materials
[1.484s] -- Installing: /home/wapush/AGV/bumperbot_ws/install/bumperbot_description/share/bumperbot_description/models/aws_robomaker_residential_CoffeeTable_01/materials/textures
[1.484s] -- Installing: /home/wapush/AGV/bumperbot_ws/install/bumperbot_description/share/bumperbot_description/models/aws_robomaker_residential_CoffeeTable_01/materials/textures/aws_CoffeeTable_01.png:Zone.Identifier
[1.484s] -- Installing: /home/wapush/AGV/bumperbot_ws/install/bumperbot_description/share/bumperbot_description/models/aws_robomaker_residential_CoffeeTable_01/materials/textures/aws_CoffeeTable_01.png
[1.486s] -- Installing: /home/wapush/AGV/bumperbot_ws/install/bumperbot_description/share/bumperbot_description/models/aws_robomaker_residential_CoffeeTable_01/model.config
[1.486s] -- Installing: /home/wapush/AGV/bumperbot_ws/install/bumperbot_description/share/bumperbot_description/models/aws_robomaker_residential_CoffeeTable_01/model.sdf
[1.486s] -- Installing: /home/wapush/AGV/bumperbot_ws/install/bumperbot_description/share/bumperbot_description/models/aws_robomaker_residential_CoffeeTable_01/meshes
[1.486s] -- Installing: /home/wapush/AGV/bumperbot_ws/install/bumperbot_description/share/bumperbot_description/models/aws_robomaker_residential_CoffeeTable_01/meshes/aws_CoffeeTable_01_collision.DAE:Zone.Identifier
[1.486s] -- Installing: /home/wapush/AGV/bumperbot_ws/install/bumperbot_description/share/bumperbot_description/models/aws_robomaker_residential_CoffeeTable_01/meshes/aws_CoffeeTable_01_visual.DAE:Zone.Identifier
[1.487s] -- Installing: /home/wapush/AGV/bumperbot_ws/install/bumperbot_description/share/bumperbot_description/models/aws_robomaker_residential_CoffeeTable_01/meshes/aws_CoffeeTable_01_visual.DAE
[1.487s] -- Installing: /home/wapush/AGV/bumperbot_ws/install/bumperbot_description/share/bumperbot_description/models/aws_robomaker_residential_CoffeeTable_01/meshes/aws_CoffeeTable_01_collision.DAE
[1.487s] -- Installing: /home/wapush/AGV/bumperbot_ws/install/bumperbot_description/share/bumperbot_description/models/aws_robomaker_residential_Tablet_01
[1.487s] -- Installing: /home/wapush/AGV/bumperbot_ws/install/bumperbot_description/share/bumperbot_description/models/aws_robomaker_residential_Tablet_01/model.sdf:Zone.Identifier
[1.487s] -- Installing: /home/wapush/AGV/bumperbot_ws/install/bumperbot_description/share/bumperbot_description/models/aws_robomaker_residential_Tablet_01/model.config:Zone.Identifier
[1.487s] -- Installing: /home/wapush/AGV/bumperbot_ws/install/bumperbot_description/share/bumperbot_description/models/aws_robomaker_residential_Tablet_01/.DS_Store
[1.487s] -- Installing: /home/wapush/AGV/bumperbot_ws/install/bumperbot_description/share/bumperbot_description/models/aws_robomaker_residential_Tablet_01/materials
[1.487s] -- Installing: /home/wapush/AGV/bumperbot_ws/install/bumperbot_description/share/bumperbot_description/models/aws_robomaker_residential_Tablet_01/materials/textures
[1.488s] -- Installing: /home/wapush/AGV/bumperbot_ws/install/bumperbot_description/share/bumperbot_description/models/aws_robomaker_residential_Tablet_01/materials/textures/aws_Tablet_01_nologo.png:Zone.Identifier
[1.488s] -- Installing: /home/wapush/AGV/bumperbot_ws/install/bumperbot_description/share/bumperbot_description/models/aws_robomaker_residential_Tablet_01/materials/textures/aws_Tablet_01_nologo.png
[1.488s] -- Installing: /home/wapush/AGV/bumperbot_ws/install/bumperbot_description/share/bumperbot_description/models/aws_robomaker_residential_Tablet_01/materials/.DS_Store
[1.488s] -- Installing: /home/wapush/AGV/bumperbot_ws/install/bumperbot_description/share/bumperbot_description/models/aws_robomaker_residential_Tablet_01/materials/.DS_Store:Zone.Identifier
[1.488s] -- Installing: /home/wapush/AGV/bumperbot_ws/install/bumperbot_description/share/bumperbot_description/models/aws_robomaker_residential_Tablet_01/.DS_Store:Zone.Identifier
[1.488s] -- Installing: /home/wapush/AGV/bumperbot_ws/install/bumperbot_description/share/bumperbot_description/models/aws_robomaker_residential_Tablet_01/model.config
[1.488s] -- Installing: /home/wapush/AGV/bumperbot_ws/install/bumperbot_description/share/bumperbot_description/models/aws_robomaker_residential_Tablet_01/model.sdf
[1.488s] -- Installing: /home/wapush/AGV/bumperbot_ws/install/bumperbot_description/share/bumperbot_description/models/aws_robomaker_residential_Tablet_01/meshes
[1.488s] -- Installing: /home/wapush/AGV/bumperbot_ws/install/bumperbot_description/share/bumperbot_description/models/aws_robomaker_residential_Tablet_01/meshes/aws_Tablet_01_visual.DAE
[1.488s] -- Installing: /home/wapush/AGV/bumperbot_ws/install/bumperbot_description/share/bumperbot_description/models/aws_robomaker_residential_Tablet_01/meshes/aws_Tablet_01_visual.DAE:Zone.Identifier
[1.488s] -- Installing: /home/wapush/AGV/bumperbot_ws/install/bumperbot_description/share/bumperbot_description/models/aws_robomaker_residential_Tablet_01/meshes/aws_Tablet_01_collision.DAE
[1.489s] -- Installing: /home/wapush/AGV/bumperbot_ws/install/bumperbot_description/share/bumperbot_description/models/aws_robomaker_residential_Tablet_01/meshes/aws_Tablet_01_collision.DAE:Zone.Identifier
[1.489s] -- Installing: /home/wapush/AGV/bumperbot_ws/install/bumperbot_description/share/bumperbot_description/models/aws_robomaker_residential_NightStand_01
[1.489s] -- Installing: /home/wapush/AGV/bumperbot_ws/install/bumperbot_description/share/bumperbot_description/models/aws_robomaker_residential_NightStand_01/model.sdf:Zone.Identifier
[1.489s] -- Installing: /home/wapush/AGV/bumperbot_ws/install/bumperbot_description/share/bumperbot_description/models/aws_robomaker_residential_NightStand_01/model.config:Zone.Identifier
[1.489s] -- Installing: /home/wapush/AGV/bumperbot_ws/install/bumperbot_description/share/bumperbot_description/models/aws_robomaker_residential_NightStand_01/materials
[1.489s] -- Installing: /home/wapush/AGV/bumperbot_ws/install/bumperbot_description/share/bumperbot_description/models/aws_robomaker_residential_NightStand_01/materials/textures
[1.489s] -- Installing: /home/wapush/AGV/bumperbot_ws/install/bumperbot_description/share/bumperbot_description/models/aws_robomaker_residential_NightStand_01/materials/textures/aws_NightStand_01.png:Zone.Identifier
[1.489s] -- Installing: /home/wapush/AGV/bumperbot_ws/install/bumperbot_description/share/bumperbot_description/models/aws_robomaker_residential_NightStand_01/materials/textures/aws_NightStand_01.png
[1.489s] -- Installing: /home/wapush/AGV/bumperbot_ws/install/bumperbot_description/share/bumperbot_description/models/aws_robomaker_residential_NightStand_01/model.config
[1.489s] -- Installing: /home/wapush/AGV/bumperbot_ws/install/bumperbot_description/share/bumperbot_description/models/aws_robomaker_residential_NightStand_01/model.sdf
[1.489s] -- Installing: /home/wapush/AGV/bumperbot_ws/install/bumperbot_description/share/bumperbot_description/models/aws_robomaker_residential_NightStand_01/meshes
[1.489s] -- Installing: /home/wapush/AGV/bumperbot_ws/install/bumperbot_description/share/bumperbot_description/models/aws_robomaker_residential_NightStand_01/meshes/aws_NightStand_01_visual.DAE:Zone.Identifier
[1.489s] -- Installing: /home/wapush/AGV/bumperbot_ws/install/bumperbot_description/share/bumperbot_description/models/aws_robomaker_residential_NightStand_01/meshes/aws_NightStand_01_collision.DAE:Zone.Identifier
[1.489s] -- Installing: /home/wapush/AGV/bumperbot_ws/install/bumperbot_description/share/bumperbot_description/models/aws_robomaker_residential_NightStand_01/meshes/aws_NightStand_01_collision.DAE
[1.489s] -- Installing: /home/wapush/AGV/bumperbot_ws/install/bumperbot_description/share/bumperbot_description/models/aws_robomaker_residential_NightStand_01/meshes/aws_NightStand_01_visual.DAE
[1.490s] -- Installing: /home/wapush/AGV/bumperbot_ws/install/bumperbot_description/share/bumperbot_description/models/aws_robomaker_residential_SecurityCamera_01
[1.490s] -- Installing: /home/wapush/AGV/bumperbot_ws/install/bumperbot_description/share/bumperbot_description/models/aws_robomaker_residential_SecurityCamera_01/model.sdf:Zone.Identifier
[1.490s] -- Installing: /home/wapush/AGV/bumperbot_ws/install/bumperbot_description/share/bumperbot_description/models/aws_robomaker_residential_SecurityCamera_01/model.config:Zone.Identifier
[1.490s] -- Installing: /home/wapush/AGV/bumperbot_ws/install/bumperbot_description/share/bumperbot_description/models/aws_robomaker_residential_SecurityCamera_01/materials
[1.490s] -- Installing: /home/wapush/AGV/bumperbot_ws/install/bumperbot_description/share/bumperbot_description/models/aws_robomaker_residential_SecurityCamera_01/materials/textures
[1.490s] -- Installing: /home/wapush/AGV/bumperbot_ws/install/bumperbot_description/share/bumperbot_description/models/aws_robomaker_residential_SecurityCamera_01/materials/textures/aws_SecurityCamera_01.png
[1.490s] -- Installing: /home/wapush/AGV/bumperbot_ws/install/bumperbot_description/share/bumperbot_description/models/aws_robomaker_residential_SecurityCamera_01/materials/textures/aws_SecurityCamera_01.png:Zone.Identifier
[1.491s] -- Installing: /home/wapush/AGV/bumperbot_ws/install/bumperbot_description/share/bumperbot_description/models/aws_robomaker_residential_SecurityCamera_01/model.config
[1.491s] -- Installing: /home/wapush/AGV/bumperbot_ws/install/bumperbot_description/share/bumperbot_description/models/aws_robomaker_residential_SecurityCamera_01/model.sdf
[1.491s] -- Installing: /home/wapush/AGV/bumperbot_ws/install/bumperbot_description/share/bumperbot_description/models/aws_robomaker_residential_SecurityCamera_01/meshes
[1.491s] -- Installing: /home/wapush/AGV/bumperbot_ws/install/bumperbot_description/share/bumperbot_description/models/aws_robomaker_residential_SecurityCamera_01/meshes/aws_SecurityCamera_01_visual.DAE:Zone.Identifier
[1.491s] -- Installing: /home/wapush/AGV/bumperbot_ws/install/bumperbot_description/share/bumperbot_description/models/aws_robomaker_residential_SecurityCamera_01/meshes/aws_SecurityCamera_01_visual.DAE
[1.491s] -- Installing: /home/wapush/AGV/bumperbot_ws/install/bumperbot_description/share/bumperbot_description/models/aws_robomaker_residential_SecurityCamera_01/meshes/aws_SecurityCamera_01_collision.DAE:Zone.Identifier
[1.491s] -- Installing: /home/wapush/AGV/bumperbot_ws/install/bumperbot_description/share/bumperbot_description/models/aws_robomaker_residential_SecurityCamera_01/meshes/aws_SecurityCamera_01_collision.DAE
[1.492s] -- Installing: /home/wapush/AGV/bumperbot_ws/install/bumperbot_description/share/bumperbot_description/models/aws_robomaker_residential_CookingBench_01
[1.492s] -- Installing: /home/wapush/AGV/bumperbot_ws/install/bumperbot_description/share/bumperbot_description/models/aws_robomaker_residential_CookingBench_01/model.sdf:Zone.Identifier
[1.492s] -- Installing: /home/wapush/AGV/bumperbot_ws/install/bumperbot_description/share/bumperbot_description/models/aws_robomaker_residential_CookingBench_01/model.config:Zone.Identifier
[1.492s] -- Installing: /home/wapush/AGV/bumperbot_ws/install/bumperbot_description/share/bumperbot_description/models/aws_robomaker_residential_CookingBench_01/materials
[1.492s] -- Installing: /home/wapush/AGV/bumperbot_ws/install/bumperbot_description/share/bumperbot_description/models/aws_robomaker_residential_CookingBench_01/materials/textures
[1.492s] -- Installing: /home/wapush/AGV/bumperbot_ws/install/bumperbot_description/share/bumperbot_description/models/aws_robomaker_residential_CookingBench_01/materials/textures/aws_CookingBench_01.png
[1.494s] -- Installing: /home/wapush/AGV/bumperbot_ws/install/bumperbot_description/share/bumperbot_description/models/aws_robomaker_residential_CookingBench_01/materials/textures/aws_CookingBench_01.png:Zone.Identifier
[1.494s] -- Installing: /home/wapush/AGV/bumperbot_ws/install/bumperbot_description/share/bumperbot_description/models/aws_robomaker_residential_CookingBench_01/model.config
[1.494s] -- Installing: /home/wapush/AGV/bumperbot_ws/install/bumperbot_description/share/bumperbot_description/models/aws_robomaker_residential_CookingBench_01/model.sdf
[1.494s] -- Installing: /home/wapush/AGV/bumperbot_ws/install/bumperbot_description/share/bumperbot_description/models/aws_robomaker_residential_CookingBench_01/meshes
[1.494s] -- Installing: /home/wapush/AGV/bumperbot_ws/install/bumperbot_description/share/bumperbot_description/models/aws_robomaker_residential_CookingBench_01/meshes/aws_CookingBench_01_collision.DAE
[1.494s] -- Installing: /home/wapush/AGV/bumperbot_ws/install/bumperbot_description/share/bumperbot_description/models/aws_robomaker_residential_CookingBench_01/meshes/aws_CookingBench_01.DAE
[1.495s] -- Installing: /home/wapush/AGV/bumperbot_ws/install/bumperbot_description/share/bumperbot_description/models/aws_robomaker_residential_CookingBench_01/meshes/aws_CookingBench_01.DAE:Zone.Identifier
[1.495s] -- Installing: /home/wapush/AGV/bumperbot_ws/install/bumperbot_description/share/bumperbot_description/models/aws_robomaker_residential_CookingBench_01/meshes/aws_CookingBench_01_visual.DAE:Zone.Identifier
[1.495s] -- Installing: /home/wapush/AGV/bumperbot_ws/install/bumperbot_description/share/bumperbot_description/models/aws_robomaker_residential_CookingBench_01/meshes/aws_CookingBench_01_collision.DAE:Zone.Identifier
[1.495s] -- Installing: /home/wapush/AGV/bumperbot_ws/install/bumperbot_description/share/bumperbot_description/models/aws_robomaker_residential_CookingBench_01/meshes/aws_CookingBench_01_visual.DAE
[1.496s] -- Installing: /home/wapush/AGV/bumperbot_ws/install/bumperbot_description/share/bumperbot_description/models/aws_robomaker_residential_DeskPortraitA_02
[1.496s] -- Installing: /home/wapush/AGV/bumperbot_ws/install/bumperbot_description/share/bumperbot_description/models/aws_robomaker_residential_DeskPortraitA_02/model.sdf:Zone.Identifier
[1.497s] -- Installing: /home/wapush/AGV/bumperbot_ws/install/bumperbot_description/share/bumperbot_description/models/aws_robomaker_residential_DeskPortraitA_02/model.config:Zone.Identifier
[1.497s] -- Installing: /home/wapush/AGV/bumperbot_ws/install/bumperbot_description/share/bumperbot_description/models/aws_robomaker_residential_DeskPortraitA_02/materials
[1.497s] -- Installing: /home/wapush/AGV/bumperbot_ws/install/bumperbot_description/share/bumperbot_description/models/aws_robomaker_residential_DeskPortraitA_02/materials/textures
[1.497s] -- Installing: /home/wapush/AGV/bumperbot_ws/install/bumperbot_description/share/bumperbot_description/models/aws_robomaker_residential_DeskPortraitA_02/materials/textures/DeskPortraitA_02.jpg:Zone.Identifier
[1.497s] -- Installing: /home/wapush/AGV/bumperbot_ws/install/bumperbot_description/share/bumperbot_description/models/aws_robomaker_residential_DeskPortraitA_02/materials/textures/aws_DeskPortraitA_02.png
[1.499s] -- Installing: /home/wapush/AGV/bumperbot_ws/install/bumperbot_description/share/bumperbot_description/models/aws_robomaker_residential_DeskPortraitA_02/materials/textures/DeskPortraitA_02.jpg
[1.502s] -- Installing: /home/wapush/AGV/bumperbot_ws/install/bumperbot_description/share/bumperbot_description/models/aws_robomaker_residential_DeskPortraitA_02/materials/textures/aws_DeskPortraitA_01.png:Zone.Identifier
[1.502s] -- Installing: /home/wapush/AGV/bumperbot_ws/install/bumperbot_description/share/bumperbot_description/models/aws_robomaker_residential_DeskPortraitA_02/materials/textures/aws_DeskPortraitA_02.png:Zone.Identifier
[1.502s] -- Installing: /home/wapush/AGV/bumperbot_ws/install/bumperbot_description/share/bumperbot_description/models/aws_robomaker_residential_DeskPortraitA_02/materials/textures/aws_DeskPortraitA_01.png
[1.503s] -- Installing: /home/wapush/AGV/bumperbot_ws/install/bumperbot_description/share/bumperbot_description/models/aws_robomaker_residential_DeskPortraitA_02/model.config
[1.503s] -- Installing: /home/wapush/AGV/bumperbot_ws/install/bumperbot_description/share/bumperbot_description/models/aws_robomaker_residential_DeskPortraitA_02/model.sdf
[1.503s] -- Installing: /home/wapush/AGV/bumperbot_ws/install/bumperbot_description/share/bumperbot_description/models/aws_robomaker_residential_DeskPortraitA_02/meshes
[1.503s] -- Installing: /home/wapush/AGV/bumperbot_ws/install/bumperbot_description/share/bumperbot_description/models/aws_robomaker_residential_DeskPortraitA_02/meshes/aws_DeskPortraitA_01_collision.DAE:Zone.Identifier
[1.503s] -- Installing: /home/wapush/AGV/bumperbot_ws/install/bumperbot_description/share/bumperbot_description/models/aws_robomaker_residential_DeskPortraitA_02/meshes/aws_DeskPortraitA_01_visual.DAE:Zone.Identifier
[1.503s] -- Installing: /home/wapush/AGV/bumperbot_ws/install/bumperbot_description/share/bumperbot_description/models/aws_robomaker_residential_DeskPortraitA_02/meshes/aws_DeskPortraitA_01_collision.DAE
[1.503s] -- Installing: /home/wapush/AGV/bumperbot_ws/install/bumperbot_description/share/bumperbot_description/models/aws_robomaker_residential_DeskPortraitA_02/meshes/aws_DeskPortraitA_01_visual.DAE
[1.503s] -- Installing: /home/wapush/AGV/bumperbot_ws/install/bumperbot_description/share/bumperbot_description/models/aws_robomaker_residential_Board_01
[1.504s] -- Installing: /home/wapush/AGV/bumperbot_ws/install/bumperbot_description/share/bumperbot_description/models/aws_robomaker_residential_Board_01/model.sdf:Zone.Identifier
[1.504s] -- Installing: /home/wapush/AGV/bumperbot_ws/install/bumperbot_description/share/bumperbot_description/models/aws_robomaker_residential_Board_01/model.config:Zone.Identifier
[1.504s] -- Installing: /home/wapush/AGV/bumperbot_ws/install/bumperbot_description/share/bumperbot_description/models/aws_robomaker_residential_Board_01/materials
[1.504s] -- Installing: /home/wapush/AGV/bumperbot_ws/install/bumperbot_description/share/bumperbot_description/models/aws_robomaker_residential_Board_01/materials/textures
[1.504s] -- Installing: /home/wapush/AGV/bumperbot_ws/install/bumperbot_description/share/bumperbot_description/models/aws_robomaker_residential_Board_01/materials/textures/aws_Board_01.png:Zone.Identifier
[1.504s] -- Installing: /home/wapush/AGV/bumperbot_ws/install/bumperbot_description/share/bumperbot_description/models/aws_robomaker_residential_Board_01/materials/textures/aws_Board_01.png
[1.504s] -- Installing: /home/wapush/AGV/bumperbot_ws/install/bumperbot_description/share/bumperbot_description/models/aws_robomaker_residential_Board_01/model.config
[1.504s] -- Installing: /home/wapush/AGV/bumperbot_ws/install/bumperbot_description/share/bumperbot_description/models/aws_robomaker_residential_Board_01/model.sdf
[1.505s] -- Installing: /home/wapush/AGV/bumperbot_ws/install/bumperbot_description/share/bumperbot_description/models/aws_robomaker_residential_Board_01/meshes
[1.505s] -- Installing: /home/wapush/AGV/bumperbot_ws/install/bumperbot_description/share/bumperbot_description/models/aws_robomaker_residential_Board_01/meshes/aws_Board_01_collision.DAE
[1.505s] -- Installing: /home/wapush/AGV/bumperbot_ws/install/bumperbot_description/share/bumperbot_description/models/aws_robomaker_residential_Board_01/meshes/aws_Board_01_visual.DAE:Zone.Identifier
[1.505s] -- Installing: /home/wapush/AGV/bumperbot_ws/install/bumperbot_description/share/bumperbot_description/models/aws_robomaker_residential_Board_01/meshes/aws_Board_01_collision.DAE:Zone.Identifier
[1.505s] -- Installing: /home/wapush/AGV/bumperbot_ws/install/bumperbot_description/share/bumperbot_description/models/aws_robomaker_residential_Board_01/meshes/aws_Board_01_visual.DAE
[1.505s] -- Installing: /home/wapush/AGV/bumperbot_ws/install/bumperbot_description/share/bumperbot_description/models/aws_robomaker_residential_SeasoningBox_01
[1.505s] -- Installing: /home/wapush/AGV/bumperbot_ws/install/bumperbot_description/share/bumperbot_description/models/aws_robomaker_residential_SeasoningBox_01/model.sdf:Zone.Identifier
[1.505s] -- Installing: /home/wapush/AGV/bumperbot_ws/install/bumperbot_description/share/bumperbot_description/models/aws_robomaker_residential_SeasoningBox_01/model.config:Zone.Identifier
[1.505s] -- Installing: /home/wapush/AGV/bumperbot_ws/install/bumperbot_description/share/bumperbot_description/models/aws_robomaker_residential_SeasoningBox_01/materials
[1.505s] -- Installing: /home/wapush/AGV/bumperbot_ws/install/bumperbot_description/share/bumperbot_description/models/aws_robomaker_residential_SeasoningBox_01/materials/textures
[1.505s] -- Installing: /home/wapush/AGV/bumperbot_ws/install/bumperbot_description/share/bumperbot_description/models/aws_robomaker_residential_SeasoningBox_01/materials/textures/aws_SeasoningBox_01.png:Zone.Identifier
[1.506s] -- Installing: /home/wapush/AGV/bumperbot_ws/install/bumperbot_description/share/bumperbot_description/models/aws_robomaker_residential_SeasoningBox_01/materials/textures/aws_SeasoningBox_01.png
[1.506s] -- Installing: /home/wapush/AGV/bumperbot_ws/install/bumperbot_description/share/bumperbot_description/models/aws_robomaker_residential_SeasoningBox_01/model.config
[1.506s] -- Installing: /home/wapush/AGV/bumperbot_ws/install/bumperbot_description/share/bumperbot_description/models/aws_robomaker_residential_SeasoningBox_01/model.sdf
[1.506s] -- Installing: /home/wapush/AGV/bumperbot_ws/install/bumperbot_description/share/bumperbot_description/models/aws_robomaker_residential_SeasoningBox_01/meshes
[1.506s] -- Installing: /home/wapush/AGV/bumperbot_ws/install/bumperbot_description/share/bumperbot_description/models/aws_robomaker_residential_SeasoningBox_01/meshes/aws_SeasoningBox_01_collision.DAE:Zone.Identifier
[1.506s] -- Installing: /home/wapush/AGV/bumperbot_ws/install/bumperbot_description/share/bumperbot_description/models/aws_robomaker_residential_SeasoningBox_01/meshes/aws_SeasoningBox_01_collision.DAE
[1.506s] -- Installing: /home/wapush/AGV/bumperbot_ws/install/bumperbot_description/share/bumperbot_description/models/aws_robomaker_residential_SeasoningBox_01/meshes/aws_SeasoningBox_01_visual.DAE
[1.515s] -- Installing: /home/wapush/AGV/bumperbot_ws/install/bumperbot_description/share/bumperbot_description/models/aws_robomaker_residential_SeasoningBox_01/meshes/aws_SeasoningBox_01_visual.DAE:Zone.Identifier
[1.516s] -- Installing: /home/wapush/AGV/bumperbot_ws/install/bumperbot_description/share/bumperbot_description/models/aws_robomaker_residential_Refrigerator_01
[1.516s] -- Installing: /home/wapush/AGV/bumperbot_ws/install/bumperbot_description/share/bumperbot_description/models/aws_robomaker_residential_Refrigerator_01/model.sdf:Zone.Identifier
[1.516s] -- Installing: /home/wapush/AGV/bumperbot_ws/install/bumperbot_description/share/bumperbot_description/models/aws_robomaker_residential_Refrigerator_01/model.config:Zone.Identifier
[1.516s] -- Installing: /home/wapush/AGV/bumperbot_ws/install/bumperbot_description/share/bumperbot_description/models/aws_robomaker_residential_Refrigerator_01/materials
[1.516s] -- Installing: /home/wapush/AGV/bumperbot_ws/install/bumperbot_description/share/bumperbot_description/models/aws_robomaker_residential_Refrigerator_01/materials/textures
[1.516s] -- Installing: /home/wapush/AGV/bumperbot_ws/install/bumperbot_description/share/bumperbot_description/models/aws_robomaker_residential_Refrigerator_01/materials/textures/aws_Refrigerator_01.png
[1.517s] -- Installing: /home/wapush/AGV/bumperbot_ws/install/bumperbot_description/share/bumperbot_description/models/aws_robomaker_residential_Refrigerator_01/materials/textures/aws_Refrigerator_01.png:Zone.Identifier
[1.517s] -- Installing: /home/wapush/AGV/bumperbot_ws/install/bumperbot_description/share/bumperbot_description/models/aws_robomaker_residential_Refrigerator_01/materials/textures/aws_Refrigerator_02.png:Zone.Identifier
[1.517s] -- Installing: /home/wapush/AGV/bumperbot_ws/install/bumperbot_description/share/bumperbot_description/models/aws_robomaker_residential_Refrigerator_01/materials/textures/aws_Refrigerator_02.png
[1.517s] -- Installing: /home/wapush/AGV/bumperbot_ws/install/bumperbot_description/share/bumperbot_description/models/aws_robomaker_residential_Refrigerator_01/model.config
[1.517s] -- Installing: /home/wapush/AGV/bumperbot_ws/install/bumperbot_description/share/bumperbot_description/models/aws_robomaker_residential_Refrigerator_01/model.sdf
[1.517s] -- Installing: /home/wapush/AGV/bumperbot_ws/install/bumperbot_description/share/bumperbot_description/models/aws_robomaker_residential_Refrigerator_01/meshes
[1.517s] -- Installing: /home/wapush/AGV/bumperbot_ws/install/bumperbot_description/share/bumperbot_description/models/aws_robomaker_residential_Refrigerator_01/meshes/aws_Refrigerator_01_collision.DAE:Zone.Identifier
[1.517s] -- Installing: /home/wapush/AGV/bumperbot_ws/install/bumperbot_description/share/bumperbot_description/models/aws_robomaker_residential_Refrigerator_01/meshes/aws_Refrigerator_01_collision.DAE
[1.518s] -- Installing: /home/wapush/AGV/bumperbot_ws/install/bumperbot_description/share/bumperbot_description/models/aws_robomaker_residential_Refrigerator_01/meshes/aws_Refrigerator_01.DAE:Zone.Identifier
[1.518s] -- Installing: /home/wapush/AGV/bumperbot_ws/install/bumperbot_description/share/bumperbot_description/models/aws_robomaker_residential_Refrigerator_01/meshes/aws_Refrigerator_01.DAE
[1.518s] -- Installing: /home/wapush/AGV/bumperbot_ws/install/bumperbot_description/share/bumperbot_description/models/aws_robomaker_residential_Refrigerator_01/meshes/aws_Refrigerator_01_visual.DAE:Zone.Identifier
[1.518s] -- Installing: /home/wapush/AGV/bumperbot_ws/install/bumperbot_description/share/bumperbot_description/models/aws_robomaker_residential_Refrigerator_01/meshes/aws_Refrigerator_01_visual.DAE
[1.518s] -- Installing: /home/wapush/AGV/bumperbot_ws/install/bumperbot_description/share/bumperbot_description/models/aws_robomaker_residential_AirconditionerB_01
[1.518s] -- Installing: /home/wapush/AGV/bumperbot_ws/install/bumperbot_description/share/bumperbot_description/models/aws_robomaker_residential_AirconditionerB_01/model.sdf:Zone.Identifier
[1.518s] -- Installing: /home/wapush/AGV/bumperbot_ws/install/bumperbot_description/share/bumperbot_description/models/aws_robomaker_residential_AirconditionerB_01/model.config:Zone.Identifier
[1.518s] -- Installing: /home/wapush/AGV/bumperbot_ws/install/bumperbot_description/share/bumperbot_description/models/aws_robomaker_residential_AirconditionerB_01/materials
[1.519s] -- Installing: /home/wapush/AGV/bumperbot_ws/install/bumperbot_description/share/bumperbot_description/models/aws_robomaker_residential_AirconditionerB_01/materials/textures
[1.519s] -- Installing: /home/wapush/AGV/bumperbot_ws/install/bumperbot_description/share/bumperbot_description/models/aws_robomaker_residential_AirconditionerB_01/materials/textures/aws_AirconditionerB_01.png:Zone.Identifier
[1.519s] -- Installing: /home/wapush/AGV/bumperbot_ws/install/bumperbot_description/share/bumperbot_description/models/aws_robomaker_residential_AirconditionerB_01/materials/textures/aws_AirconditionerB_01.png
[1.519s] -- Installing: /home/wapush/AGV/bumperbot_ws/install/bumperbot_description/share/bumperbot_description/models/aws_robomaker_residential_AirconditionerB_01/model.config
[1.519s] -- Installing: /home/wapush/AGV/bumperbot_ws/install/bumperbot_description/share/bumperbot_description/models/aws_robomaker_residential_AirconditionerB_01/model.sdf
[1.519s] -- Installing: /home/wapush/AGV/bumperbot_ws/install/bumperbot_description/share/bumperbot_description/models/aws_robomaker_residential_AirconditionerB_01/meshes
[1.520s] -- Installing: /home/wapush/AGV/bumperbot_ws/install/bumperbot_description/share/bumperbot_description/models/aws_robomaker_residential_AirconditionerB_01/meshes/aws_AirconditionerB_01_visual.DAE:Zone.Identifier
[1.520s] -- Installing: /home/wapush/AGV/bumperbot_ws/install/bumperbot_description/share/bumperbot_description/models/aws_robomaker_residential_AirconditionerB_01/meshes/aws_AirconditionerB_01_collision.DAE:Zone.Identifier
[1.520s] -- Installing: /home/wapush/AGV/bumperbot_ws/install/bumperbot_description/share/bumperbot_description/models/aws_robomaker_residential_AirconditionerB_01/meshes/aws_AirconditionerB_01_visual.DAE
[1.520s] -- Installing: /home/wapush/AGV/bumperbot_ws/install/bumperbot_description/share/bumperbot_description/models/aws_robomaker_residential_AirconditionerB_01/meshes/aws_AirconditionerB_01_collision.DAE
[1.520s] -- Installing: /home/wapush/AGV/bumperbot_ws/install/bumperbot_description/share/bumperbot_description/models/aws_robomaker_residential_PortraitE_01
[1.520s] -- Installing: /home/wapush/AGV/bumperbot_ws/install/bumperbot_description/share/bumperbot_description/models/aws_robomaker_residential_PortraitE_01/model.sdf:Zone.Identifier
[1.520s] -- Installing: /home/wapush/AGV/bumperbot_ws/install/bumperbot_description/share/bumperbot_description/models/aws_robomaker_residential_PortraitE_01/model.config:Zone.Identifier
[1.520s] -- Installing: /home/wapush/AGV/bumperbot_ws/install/bumperbot_description/share/bumperbot_description/models/aws_robomaker_residential_PortraitE_01/materials
[1.520s] -- Installing: /home/wapush/AGV/bumperbot_ws/install/bumperbot_description/share/bumperbot_description/models/aws_robomaker_residential_PortraitE_01/materials/textures
[1.520s] -- Installing: /home/wapush/AGV/bumperbot_ws/install/bumperbot_description/share/bumperbot_description/models/aws_robomaker_residential_PortraitE_01/materials/textures/aws_PortraitE_01.png
[1.521s] -- Installing: /home/wapush/AGV/bumperbot_ws/install/bumperbot_description/share/bumperbot_description/models/aws_robomaker_residential_PortraitE_01/materials/textures/PortraitE_01.jpg:Zone.Identifier
[1.521s] -- Installing: /home/wapush/AGV/bumperbot_ws/install/bumperbot_description/share/bumperbot_description/models/aws_robomaker_residential_PortraitE_01/materials/textures/aws_PortraitE_01.png:Zone.Identifier
[1.521s] -- Installing: /home/wapush/AGV/bumperbot_ws/install/bumperbot_description/share/bumperbot_description/models/aws_robomaker_residential_PortraitE_01/materials/textures/aws_PortraitE_02.png:Zone.Identifier
[1.521s] -- Installing: /home/wapush/AGV/bumperbot_ws/install/bumperbot_description/share/bumperbot_description/models/aws_robomaker_residential_PortraitE_01/materials/textures/aws_PortraitE_02.png
[1.524s] -- Installing: /home/wapush/AGV/bumperbot_ws/install/bumperbot_description/share/bumperbot_description/models/aws_robomaker_residential_PortraitE_01/materials/textures/PortraitE_01.jpg
[1.524s] -- Installing: /home/wapush/AGV/bumperbot_ws/install/bumperbot_description/share/bumperbot_description/models/aws_robomaker_residential_PortraitE_01/model.config
[1.524s] -- Installing: /home/wapush/AGV/bumperbot_ws/install/bumperbot_description/share/bumperbot_description/models/aws_robomaker_residential_PortraitE_01/model.sdf
[1.525s] -- Installing: /home/wapush/AGV/bumperbot_ws/install/bumperbot_description/share/bumperbot_description/models/aws_robomaker_residential_PortraitE_01/meshes
[1.525s] -- Installing: /home/wapush/AGV/bumperbot_ws/install/bumperbot_description/share/bumperbot_description/models/aws_robomaker_residential_PortraitE_01/meshes/aws_PortraitE_01_visual.DAE:Zone.Identifier
[1.525s] -- Installing: /home/wapush/AGV/bumperbot_ws/install/bumperbot_description/share/bumperbot_description/models/aws_robomaker_residential_PortraitE_01/meshes/aws_PortraitE_01_collision.DAE:Zone.Identifier
[1.525s] -- Installing: /home/wapush/AGV/bumperbot_ws/install/bumperbot_description/share/bumperbot_description/models/aws_robomaker_residential_PortraitE_01/meshes/aws_PortraitE_01_collision.DAE
[1.525s] -- Installing: /home/wapush/AGV/bumperbot_ws/install/bumperbot_description/share/bumperbot_description/models/aws_robomaker_residential_PortraitE_01/meshes/aws_PortraitE_01_visual.DAE
[1.525s] -- Installing: /home/wapush/AGV/bumperbot_ws/install/bumperbot_description/share/bumperbot_description/models/aws_robomaker_residential_ChairD_01
[1.525s] -- Installing: /home/wapush/AGV/bumperbot_ws/install/bumperbot_description/share/bumperbot_description/models/aws_robomaker_residential_ChairD_01/model.sdf:Zone.Identifier
[1.525s] -- Installing: /home/wapush/AGV/bumperbot_ws/install/bumperbot_description/share/bumperbot_description/models/aws_robomaker_residential_ChairD_01/model.config:Zone.Identifier
[1.526s] -- Installing: /home/wapush/AGV/bumperbot_ws/install/bumperbot_description/share/bumperbot_description/models/aws_robomaker_residential_ChairD_01/materials
[1.526s] -- Installing: /home/wapush/AGV/bumperbot_ws/install/bumperbot_description/share/bumperbot_description/models/aws_robomaker_residential_ChairD_01/materials/textures
[1.526s] -- Installing: /home/wapush/AGV/bumperbot_ws/install/bumperbot_description/share/bumperbot_description/models/aws_robomaker_residential_ChairD_01/materials/textures/aws_ChairD_01.png:Zone.Identifier
[1.526s] -- Installing: /home/wapush/AGV/bumperbot_ws/install/bumperbot_description/share/bumperbot_description/models/aws_robomaker_residential_ChairD_01/materials/textures/aws_ChairD_01.png
[1.526s] -- Installing: /home/wapush/AGV/bumperbot_ws/install/bumperbot_description/share/bumperbot_description/models/aws_robomaker_residential_ChairD_01/model.config
[1.526s] -- Installing: /home/wapush/AGV/bumperbot_ws/install/bumperbot_description/share/bumperbot_description/models/aws_robomaker_residential_ChairD_01/model.sdf
[1.526s] -- Installing: /home/wapush/AGV/bumperbot_ws/install/bumperbot_description/share/bumperbot_description/models/aws_robomaker_residential_ChairD_01/meshes
[1.526s] -- Installing: /home/wapush/AGV/bumperbot_ws/install/bumperbot_description/share/bumperbot_description/models/aws_robomaker_residential_ChairD_01/meshes/aws_ChairD_01_collision.DAE:Zone.Identifier
[1.526s] -- Installing: /home/wapush/AGV/bumperbot_ws/install/bumperbot_description/share/bumperbot_description/models/aws_robomaker_residential_ChairD_01/meshes/aws_ChairD_01_collision.DAE
[1.527s] -- Installing: /home/wapush/AGV/bumperbot_ws/install/bumperbot_description/share/bumperbot_description/models/aws_robomaker_residential_ChairD_01/meshes/aws_ChairD_01_visual.DAE:Zone.Identifier
[1.527s] -- Installing: /home/wapush/AGV/bumperbot_ws/install/bumperbot_description/share/bumperbot_description/models/aws_robomaker_residential_ChairD_01/meshes/aws_ChairD_01_visual.DAE
[1.527s] -- Installing: /home/wapush/AGV/bumperbot_ws/install/bumperbot_description/share/bumperbot_description/models/aws_robomaker_residential_AirconditionerA_01
[1.527s] -- Installing: /home/wapush/AGV/bumperbot_ws/install/bumperbot_description/share/bumperbot_description/models/aws_robomaker_residential_AirconditionerA_01/model.sdf:Zone.Identifier
[1.527s] -- Installing: /home/wapush/AGV/bumperbot_ws/install/bumperbot_description/share/bumperbot_description/models/aws_robomaker_residential_AirconditionerA_01/model.config:Zone.Identifier
[1.527s] -- Installing: /home/wapush/AGV/bumperbot_ws/install/bumperbot_description/share/bumperbot_description/models/aws_robomaker_residential_AirconditionerA_01/materials
[1.527s] -- Installing: /home/wapush/AGV/bumperbot_ws/install/bumperbot_description/share/bumperbot_description/models/aws_robomaker_residential_AirconditionerA_01/materials/textures
[1.527s] -- Installing: /home/wapush/AGV/bumperbot_ws/install/bumperbot_description/share/bumperbot_description/models/aws_robomaker_residential_AirconditionerA_01/materials/textures/aws_AirconditionerA_01.png:Zone.Identifier
[1.527s] -- Installing: /home/wapush/AGV/bumperbot_ws/install/bumperbot_description/share/bumperbot_description/models/aws_robomaker_residential_AirconditionerA_01/materials/textures/aws_AirconditionerA_01.png
[1.530s] -- Installing: /home/wapush/AGV/bumperbot_ws/install/bumperbot_description/share/bumperbot_description/models/aws_robomaker_residential_AirconditionerA_01/model.config
[1.530s] -- Installing: /home/wapush/AGV/bumperbot_ws/install/bumperbot_description/share/bumperbot_description/models/aws_robomaker_residential_AirconditionerA_01/model.sdf
[1.530s] -- Installing: /home/wapush/AGV/bumperbot_ws/install/bumperbot_description/share/bumperbot_description/models/aws_robomaker_residential_AirconditionerA_01/meshes
[1.530s] -- Installing: /home/wapush/AGV/bumperbot_ws/install/bumperbot_description/share/bumperbot_description/models/aws_robomaker_residential_AirconditionerA_01/meshes/aws_AirconditionerA_01_collision.DAE
[1.530s] -- Installing: /home/wapush/AGV/bumperbot_ws/install/bumperbot_description/share/bumperbot_description/models/aws_robomaker_residential_AirconditionerA_01/meshes/aws_AirconditionerA_01_collision.DAE:Zone.Identifier
[1.530s] -- Installing: /home/wapush/AGV/bumperbot_ws/install/bumperbot_description/share/bumperbot_description/models/aws_robomaker_residential_AirconditionerA_01/meshes/aws_AirconditionerA_01_visual.DAE:Zone.Identifier
[1.531s] -- Installing: /home/wapush/AGV/bumperbot_ws/install/bumperbot_description/share/bumperbot_description/models/aws_robomaker_residential_AirconditionerA_01/meshes/aws_AirconditionerA_01_visual.DAE
[1.531s] -- Installing: /home/wapush/AGV/bumperbot_ws/install/bumperbot_description/share/bumperbot_description/models/aws_robomaker_residential_PortraitB_01
[1.531s] -- Installing: /home/wapush/AGV/bumperbot_ws/install/bumperbot_description/share/bumperbot_description/models/aws_robomaker_residential_PortraitB_01/model.sdf:Zone.Identifier
[1.531s] -- Installing: /home/wapush/AGV/bumperbot_ws/install/bumperbot_description/share/bumperbot_description/models/aws_robomaker_residential_PortraitB_01/model.config:Zone.Identifier
[1.531s] -- Installing: /home/wapush/AGV/bumperbot_ws/install/bumperbot_description/share/bumperbot_description/models/aws_robomaker_residential_PortraitB_01/materials
[1.531s] -- Installing: /home/wapush/AGV/bumperbot_ws/install/bumperbot_description/share/bumperbot_description/models/aws_robomaker_residential_PortraitB_01/materials/textures
[1.531s] -- Installing: /home/wapush/AGV/bumperbot_ws/install/bumperbot_description/share/bumperbot_description/models/aws_robomaker_residential_PortraitB_01/materials/textures/aws_PortraitB_02.png:Zone.Identifier
[1.531s] -- Installing: /home/wapush/AGV/bumperbot_ws/install/bumperbot_description/share/bumperbot_description/models/aws_robomaker_residential_PortraitB_01/materials/textures/PortraitB_01.jpg
[1.533s] -- Installing: /home/wapush/AGV/bumperbot_ws/install/bumperbot_description/share/bumperbot_description/models/aws_robomaker_residential_PortraitB_01/materials/textures/PortraitB_01.jpg:Zone.Identifier
[1.533s] -- Installing: /home/wapush/AGV/bumperbot_ws/install/bumperbot_description/share/bumperbot_description/models/aws_robomaker_residential_PortraitB_01/materials/textures/aws_PortraitB_01.png:Zone.Identifier
[1.533s] -- Installing: /home/wapush/AGV/bumperbot_ws/install/bumperbot_description/share/bumperbot_description/models/aws_robomaker_residential_PortraitB_01/materials/textures/aws_PortraitB_01.png
[1.533s] -- Installing: /home/wapush/AGV/bumperbot_ws/install/bumperbot_description/share/bumperbot_description/models/aws_robomaker_residential_PortraitB_01/materials/textures/aws_PortraitB_02.png
[1.533s] -- Installing: /home/wapush/AGV/bumperbot_ws/install/bumperbot_description/share/bumperbot_description/models/aws_robomaker_residential_PortraitB_01/model.config
[1.533s] -- Installing: /home/wapush/AGV/bumperbot_ws/install/bumperbot_description/share/bumperbot_description/models/aws_robomaker_residential_PortraitB_01/model.sdf
[1.534s] -- Installing: /home/wapush/AGV/bumperbot_ws/install/bumperbot_description/share/bumperbot_description/models/aws_robomaker_residential_PortraitB_01/meshes
[1.534s] -- Installing: /home/wapush/AGV/bumperbot_ws/install/bumperbot_description/share/bumperbot_description/models/aws_robomaker_residential_PortraitB_01/meshes/aws_PortraitB_01_collision.DAE:Zone.Identifier
[1.534s] -- Installing: /home/wapush/AGV/bumperbot_ws/install/bumperbot_description/share/bumperbot_description/models/aws_robomaker_residential_PortraitB_01/meshes/aws_PortraitB_01_visual.DAE
[1.534s] -- Installing: /home/wapush/AGV/bumperbot_ws/install/bumperbot_description/share/bumperbot_description/models/aws_robomaker_residential_PortraitB_01/meshes/aws_PortraitB_01_visual.DAE:Zone.Identifier
[1.534s] -- Installing: /home/wapush/AGV/bumperbot_ws/install/bumperbot_description/share/bumperbot_description/models/aws_robomaker_residential_PortraitB_01/meshes/aws_PortraitB_01_collision.DAE
[1.534s] -- Installing: /home/wapush/AGV/bumperbot_ws/install/bumperbot_description/share/bumperbot_description/models/aws_robomaker_residential_RoomWindow_01
[1.534s] -- Installing: /home/wapush/AGV/bumperbot_ws/install/bumperbot_description/share/bumperbot_description/models/aws_robomaker_residential_RoomWindow_01/model.sdf:Zone.Identifier
[1.534s] -- Installing: /home/wapush/AGV/bumperbot_ws/install/bumperbot_description/share/bumperbot_description/models/aws_robomaker_residential_RoomWindow_01/model.config:Zone.Identifier
[1.535s] -- Installing: /home/wapush/AGV/bumperbot_ws/install/bumperbot_description/share/bumperbot_description/models/aws_robomaker_residential_RoomWindow_01/materials
[1.535s] -- Installing: /home/wapush/AGV/bumperbot_ws/install/bumperbot_description/share/bumperbot_description/models/aws_robomaker_residential_RoomWindow_01/materials/textures
[1.535s] -- Installing: /home/wapush/AGV/bumperbot_ws/install/bumperbot_description/share/bumperbot_description/models/aws_robomaker_residential_RoomWindow_01/materials/textures/aws_RoomWindow_01.png
[1.535s] -- Installing: /home/wapush/AGV/bumperbot_ws/install/bumperbot_description/share/bumperbot_description/models/aws_robomaker_residential_RoomWindow_01/materials/textures/aws_RoomWindow_01.png:Zone.Identifier
[1.535s] -- Installing: /home/wapush/AGV/bumperbot_ws/install/bumperbot_description/share/bumperbot_description/models/aws_robomaker_residential_RoomWindow_01/model.config
[1.535s] -- Installing: /home/wapush/AGV/bumperbot_ws/install/bumperbot_description/share/bumperbot_description/models/aws_robomaker_residential_RoomWindow_01/model.sdf
[1.535s] -- Installing: /home/wapush/AGV/bumperbot_ws/install/bumperbot_description/share/bumperbot_description/models/aws_robomaker_residential_RoomWindow_01/meshes
[1.535s] -- Installing: /home/wapush/AGV/bumperbot_ws/install/bumperbot_description/share/bumperbot_description/models/aws_robomaker_residential_RoomWindow_01/meshes/aws_RoomWindow_01_collision.DAE
[1.535s] -- Installing: /home/wapush/AGV/bumperbot_ws/install/bumperbot_description/share/bumperbot_description/models/aws_robomaker_residential_RoomWindow_01/meshes/aws_RoomWindow_01_collision.DAE:Zone.Identifier
[1.535s] -- Installing: /home/wapush/AGV/bumperbot_ws/install/bumperbot_description/share/bumperbot_description/models/aws_robomaker_residential_RoomWindow_01/meshes/aws_RoomWindow_01_visual.DAE
[1.535s] -- Installing: /home/wapush/AGV/bumperbot_ws/install/bumperbot_description/share/bumperbot_description/models/aws_robomaker_residential_RoomWindow_01/meshes/aws_RoomWindow_01_visual.DAE:Zone.Identifier
[1.535s] -- Installing: /home/wapush/AGV/bumperbot_ws/install/bumperbot_description/share/bumperbot_description/models/aws_robomaker_residential_Wardrobe_01
[1.535s] -- Installing: /home/wapush/AGV/bumperbot_ws/install/bumperbot_description/share/bumperbot_description/models/aws_robomaker_residential_Wardrobe_01/model.sdf:Zone.Identifier
[1.535s] -- Installing: /home/wapush/AGV/bumperbot_ws/install/bumperbot_description/share/bumperbot_description/models/aws_robomaker_residential_Wardrobe_01/model.config:Zone.Identifier
[1.535s] -- Installing: /home/wapush/AGV/bumperbot_ws/install/bumperbot_description/share/bumperbot_description/models/aws_robomaker_residential_Wardrobe_01/materials
[1.535s] -- Installing: /home/wapush/AGV/bumperbot_ws/install/bumperbot_description/share/bumperbot_description/models/aws_robomaker_residential_Wardrobe_01/materials/textures
[1.535s] -- Installing: /home/wapush/AGV/bumperbot_ws/install/bumperbot_description/share/bumperbot_description/models/aws_robomaker_residential_Wardrobe_01/materials/textures/aws_Wardrobe_01.png
[1.541s] -- Installing: /home/wapush/AGV/bumperbot_ws/install/bumperbot_description/share/bumperbot_description/models/aws_robomaker_residential_Wardrobe_01/materials/textures/aws_Wardrobe_01.png:Zone.Identifier
[1.541s] -- Installing: /home/wapush/AGV/bumperbot_ws/install/bumperbot_description/share/bumperbot_description/models/aws_robomaker_residential_Wardrobe_01/model.config
[1.541s] -- Installing: /home/wapush/AGV/bumperbot_ws/install/bumperbot_description/share/bumperbot_description/models/aws_robomaker_residential_Wardrobe_01/model.sdf
[1.541s] -- Installing: /home/wapush/AGV/bumperbot_ws/install/bumperbot_description/share/bumperbot_description/models/aws_robomaker_residential_Wardrobe_01/meshes
[1.541s] -- Installing: /home/wapush/AGV/bumperbot_ws/install/bumperbot_description/share/bumperbot_description/models/aws_robomaker_residential_Wardrobe_01/meshes/aws_Wardrobe_01_collision.DAE:Zone.Identifier
[1.541s] -- Installing: /home/wapush/AGV/bumperbot_ws/install/bumperbot_description/share/bumperbot_description/models/aws_robomaker_residential_Wardrobe_01/meshes/aws_Wardrobe_01_collision.DAE
[1.541s] -- Installing: /home/wapush/AGV/bumperbot_ws/install/bumperbot_description/share/bumperbot_description/models/aws_robomaker_residential_Wardrobe_01/meshes/aws_Wardrobe_01_visual.DAE
[1.542s] -- Installing: /home/wapush/AGV/bumperbot_ws/install/bumperbot_description/share/bumperbot_description/models/aws_robomaker_residential_Wardrobe_01/meshes/aws_Wardrobe_01_visual.DAE:Zone.Identifier
[1.542s] -- Installing: /home/wapush/AGV/bumperbot_ws/install/bumperbot_description/share/bumperbot_description/models/aws_robomaker_residential_Handle_01
[1.542s] -- Installing: /home/wapush/AGV/bumperbot_ws/install/bumperbot_description/share/bumperbot_description/models/aws_robomaker_residential_Handle_01/model.sdf:Zone.Identifier
[1.542s] -- Installing: /home/wapush/AGV/bumperbot_ws/install/bumperbot_description/share/bumperbot_description/models/aws_robomaker_residential_Handle_01/model.config:Zone.Identifier
[1.542s] -- Installing: /home/wapush/AGV/bumperbot_ws/install/bumperbot_description/share/bumperbot_description/models/aws_robomaker_residential_Handle_01/materials
[1.542s] -- Installing: /home/wapush/AGV/bumperbot_ws/install/bumperbot_description/share/bumperbot_description/models/aws_robomaker_residential_Handle_01/materials/textures
[1.542s] -- Installing: /home/wapush/AGV/bumperbot_ws/install/bumperbot_description/share/bumperbot_description/models/aws_robomaker_residential_Handle_01/materials/textures/aws_Handle_01.png:Zone.Identifier
[1.542s] -- Installing: /home/wapush/AGV/bumperbot_ws/install/bumperbot_description/share/bumperbot_description/models/aws_robomaker_residential_Handle_01/materials/textures/aws_Handle_01.png
[1.544s] -- Installing: /home/wapush/AGV/bumperbot_ws/install/bumperbot_description/share/bumperbot_description/models/aws_robomaker_residential_Handle_01/model.config
[1.544s] -- Installing: /home/wapush/AGV/bumperbot_ws/install/bumperbot_description/share/bumperbot_description/models/aws_robomaker_residential_Handle_01/model.sdf
[1.545s] -- Installing: /home/wapush/AGV/bumperbot_ws/install/bumperbot_description/share/bumperbot_description/models/aws_robomaker_residential_Handle_01/meshes
[1.545s] -- Installing: /home/wapush/AGV/bumperbot_ws/install/bumperbot_description/share/bumperbot_description/models/aws_robomaker_residential_Handle_01/meshes/aws_Handle_01_collision.DAE
[1.545s] -- Installing: /home/wapush/AGV/bumperbot_ws/install/bumperbot_description/share/bumperbot_description/models/aws_robomaker_residential_Handle_01/meshes/aws_Handle_01_collision.DAE:Zone.Identifier
[1.545s] -- Installing: /home/wapush/AGV/bumperbot_ws/install/bumperbot_description/share/bumperbot_description/models/aws_robomaker_residential_Handle_01/meshes/aws_Handle_01_visual.DAE
[1.545s] -- Installing: /home/wapush/AGV/bumperbot_ws/install/bumperbot_description/share/bumperbot_description/models/aws_robomaker_residential_Handle_01/meshes/aws_Handle_01_visual.DAE:Zone.Identifier
[1.545s] -- Installing: /home/wapush/AGV/bumperbot_ws/install/bumperbot_description/share/bumperbot_description/models/sun
[1.545s] -- Installing: /home/wapush/AGV/bumperbot_ws/install/bumperbot_description/share/bumperbot_description/models/sun/model.sdf:Zone.Identifier
[1.546s] -- Installing: /home/wapush/AGV/bumperbot_ws/install/bumperbot_description/share/bumperbot_description/models/sun/model-1_2.sdf
[1.546s] -- Installing: /home/wapush/AGV/bumperbot_ws/install/bumperbot_description/share/bumperbot_description/models/sun/model-1_2.sdf:Zone.Identifier
[1.546s] -- Installing: /home/wapush/AGV/bumperbot_ws/install/bumperbot_description/share/bumperbot_description/models/sun/model.config:Zone.Identifier
[1.546s] -- Installing: /home/wapush/AGV/bumperbot_ws/install/bumperbot_description/share/bumperbot_description/models/sun/model-1_4.sdf:Zone.Identifier
[1.546s] -- Installing: /home/wapush/AGV/bumperbot_ws/install/bumperbot_description/share/bumperbot_description/models/sun/model-1_4.sdf
[1.546s] -- Installing: /home/wapush/AGV/bumperbot_ws/install/bumperbot_description/share/bumperbot_description/models/sun/model-1_3.sdf:Zone.Identifier
[1.546s] -- Installing: /home/wapush/AGV/bumperbot_ws/install/bumperbot_description/share/bumperbot_description/models/sun/model.config
[1.546s] -- Installing: /home/wapush/AGV/bumperbot_ws/install/bumperbot_description/share/bumperbot_description/models/sun/model.sdf
[1.546s] -- Installing: /home/wapush/AGV/bumperbot_ws/install/bumperbot_description/share/bumperbot_description/models/sun/model-1_3.sdf
[1.546s] -- Installing: /home/wapush/AGV/bumperbot_ws/install/bumperbot_description/share/bumperbot_description/models/aws_robomaker_residential_Bed_01
[1.547s] -- Installing: /home/wapush/AGV/bumperbot_ws/install/bumperbot_description/share/bumperbot_description/models/aws_robomaker_residential_Bed_01/model.sdf:Zone.Identifier
[1.547s] -- Installing: /home/wapush/AGV/bumperbot_ws/install/bumperbot_description/share/bumperbot_description/models/aws_robomaker_residential_Bed_01/model.config:Zone.Identifier
[1.547s] -- Installing: /home/wapush/AGV/bumperbot_ws/install/bumperbot_description/share/bumperbot_description/models/aws_robomaker_residential_Bed_01/materials
[1.547s] -- Installing: /home/wapush/AGV/bumperbot_ws/install/bumperbot_description/share/bumperbot_description/models/aws_robomaker_residential_Bed_01/materials/textures
[1.547s] -- Installing: /home/wapush/AGV/bumperbot_ws/install/bumperbot_description/share/bumperbot_description/models/aws_robomaker_residential_Bed_01/materials/textures/aws_Bed_01.png:Zone.Identifier
[1.547s] -- Installing: /home/wapush/AGV/bumperbot_ws/install/bumperbot_description/share/bumperbot_description/models/aws_robomaker_residential_Bed_01/materials/textures/aws_BedA_01.png
[1.547s] -- Installing: /home/wapush/AGV/bumperbot_ws/install/bumperbot_description/share/bumperbot_description/models/aws_robomaker_residential_Bed_01/materials/textures/aws_BedB_01.png
[1.551s] -- Installing: /home/wapush/AGV/bumperbot_ws/install/bumperbot_description/share/bumperbot_description/models/aws_robomaker_residential_Bed_01/materials/textures/aws_Bed_01.png
[1.552s] -- Installing: /home/wapush/AGV/bumperbot_ws/install/bumperbot_description/share/bumperbot_description/models/aws_robomaker_residential_Bed_01/materials/textures/aws_BedC_01.png
[1.555s] -- Installing: /home/wapush/AGV/bumperbot_ws/install/bumperbot_description/share/bumperbot_description/models/aws_robomaker_residential_Bed_01/materials/textures/aws_BedB_01.png:Zone.Identifier
[1.555s] -- Installing: /home/wapush/AGV/bumperbot_ws/install/bumperbot_description/share/bumperbot_description/models/aws_robomaker_residential_Bed_01/materials/textures/aws_BedC_01.png:Zone.Identifier
[1.555s] -- Installing: /home/wapush/AGV/bumperbot_ws/install/bumperbot_description/share/bumperbot_description/models/aws_robomaker_residential_Bed_01/materials/textures/aws_BedA_01.png:Zone.Identifier
[1.556s] -- Installing: /home/wapush/AGV/bumperbot_ws/install/bumperbot_description/share/bumperbot_description/models/aws_robomaker_residential_Bed_01/model.config
[1.556s] -- Installing: /home/wapush/AGV/bumperbot_ws/install/bumperbot_description/share/bumperbot_description/models/aws_robomaker_residential_Bed_01/model.sdf
[1.556s] -- Installing: /home/wapush/AGV/bumperbot_ws/install/bumperbot_description/share/bumperbot_description/models/aws_robomaker_residential_Bed_01/meshes
[1.556s] -- Installing: /home/wapush/AGV/bumperbot_ws/install/bumperbot_description/share/bumperbot_description/models/aws_robomaker_residential_Bed_01/meshes/aws_Bed_01_collision.DAE
[1.556s] -- Installing: /home/wapush/AGV/bumperbot_ws/install/bumperbot_description/share/bumperbot_description/models/aws_robomaker_residential_Bed_01/meshes/aws_Bed_01_collision.DAE:Zone.Identifier
[1.556s] -- Installing: /home/wapush/AGV/bumperbot_ws/install/bumperbot_description/share/bumperbot_description/models/aws_robomaker_residential_Bed_01/meshes/aws_Bed_01_visual.DAE:Zone.Identifier
[1.556s] -- Installing: /home/wapush/AGV/bumperbot_ws/install/bumperbot_description/share/bumperbot_description/models/aws_robomaker_residential_Bed_01/meshes/aws_Bed_01_visual.DAE
[1.559s] -- Installing: /home/wapush/AGV/bumperbot_ws/install/bumperbot_description/share/bumperbot_description/models/aws_robomaker_residential_KitchenCabinet_01
[1.559s] -- Installing: /home/wapush/AGV/bumperbot_ws/install/bumperbot_description/share/bumperbot_description/models/aws_robomaker_residential_KitchenCabinet_01/model.sdf:Zone.Identifier
[1.559s] -- Installing: /home/wapush/AGV/bumperbot_ws/install/bumperbot_description/share/bumperbot_description/models/aws_robomaker_residential_KitchenCabinet_01/model.config:Zone.Identifier
[1.559s] -- Installing: /home/wapush/AGV/bumperbot_ws/install/bumperbot_description/share/bumperbot_description/models/aws_robomaker_residential_KitchenCabinet_01/materials
[1.559s] -- Installing: /home/wapush/AGV/bumperbot_ws/install/bumperbot_description/share/bumperbot_description/models/aws_robomaker_residential_KitchenCabinet_01/materials/textures
[1.559s] -- Installing: /home/wapush/AGV/bumperbot_ws/install/bumperbot_description/share/bumperbot_description/models/aws_robomaker_residential_KitchenCabinet_01/materials/textures/aws_KitchenCabinet_01.png:Zone.Identifier
[1.559s] -- Installing: /home/wapush/AGV/bumperbot_ws/install/bumperbot_description/share/bumperbot_description/models/aws_robomaker_residential_KitchenCabinet_01/materials/textures/aws_KitchenCabinet_01.png
[1.560s] -- Installing: /home/wapush/AGV/bumperbot_ws/install/bumperbot_description/share/bumperbot_description/models/aws_robomaker_residential_KitchenCabinet_01/model.config
[1.560s] -- Installing: /home/wapush/AGV/bumperbot_ws/install/bumperbot_description/share/bumperbot_description/models/aws_robomaker_residential_KitchenCabinet_01/model.sdf
[1.560s] -- Installing: /home/wapush/AGV/bumperbot_ws/install/bumperbot_description/share/bumperbot_description/models/aws_robomaker_residential_KitchenCabinet_01/meshes
[1.560s] -- Installing: /home/wapush/AGV/bumperbot_ws/install/bumperbot_description/share/bumperbot_description/models/aws_robomaker_residential_KitchenCabinet_01/meshes/aws_KitchenCabinet_01_collision.DAE:Zone.Identifier
[1.560s] -- Installing: /home/wapush/AGV/bumperbot_ws/install/bumperbot_description/share/bumperbot_description/models/aws_robomaker_residential_KitchenCabinet_01/meshes/aws_KitchenCabinet_01_visual.DAE:Zone.Identifier
[1.561s] -- Installing: /home/wapush/AGV/bumperbot_ws/install/bumperbot_description/share/bumperbot_description/models/aws_robomaker_residential_KitchenCabinet_01/meshes/aws_KitchenCabinet_01_visual.DAE
[1.563s] -- Installing: /home/wapush/AGV/bumperbot_ws/install/bumperbot_description/share/bumperbot_description/models/aws_robomaker_residential_KitchenCabinet_01/meshes/aws_KitchenCabinet_01_collision.DAE
[1.563s] -- Installing: /home/wapush/AGV/bumperbot_ws/install/bumperbot_description/share/bumperbot_description/models/aws_robomaker_residential_Curtain_01
[1.563s] -- Installing: /home/wapush/AGV/bumperbot_ws/install/bumperbot_description/share/bumperbot_description/models/aws_robomaker_residential_Curtain_01/model.sdf:Zone.Identifier
[1.564s] -- Installing: /home/wapush/AGV/bumperbot_ws/install/bumperbot_description/share/bumperbot_description/models/aws_robomaker_residential_Curtain_01/model.config:Zone.Identifier
[1.564s] -- Installing: /home/wapush/AGV/bumperbot_ws/install/bumperbot_description/share/bumperbot_description/models/aws_robomaker_residential_Curtain_01/materials
[1.564s] -- Installing: /home/wapush/AGV/bumperbot_ws/install/bumperbot_description/share/bumperbot_description/models/aws_robomaker_residential_Curtain_01/materials/textures
[1.564s] -- Installing: /home/wapush/AGV/bumperbot_ws/install/bumperbot_description/share/bumperbot_description/models/aws_robomaker_residential_Curtain_01/materials/textures/aws_Curtain_01.png
[1.565s] -- Installing: /home/wapush/AGV/bumperbot_ws/install/bumperbot_description/share/bumperbot_description/models/aws_robomaker_residential_Curtain_01/materials/textures/aws_Curtain_01.png:Zone.Identifier
[1.565s] -- Installing: /home/wapush/AGV/bumperbot_ws/install/bumperbot_description/share/bumperbot_description/models/aws_robomaker_residential_Curtain_01/model.config
[1.565s] -- Installing: /home/wapush/AGV/bumperbot_ws/install/bumperbot_description/share/bumperbot_description/models/aws_robomaker_residential_Curtain_01/model.sdf
[1.565s] -- Installing: /home/wapush/AGV/bumperbot_ws/install/bumperbot_description/share/bumperbot_description/models/aws_robomaker_residential_Curtain_01/meshes
[1.565s] -- Installing: /home/wapush/AGV/bumperbot_ws/install/bumperbot_description/share/bumperbot_description/models/aws_robomaker_residential_Curtain_01/meshes/aws_Curtain_01_visual.DAE:Zone.Identifier
[1.565s] -- Installing: /home/wapush/AGV/bumperbot_ws/install/bumperbot_description/share/bumperbot_description/models/aws_robomaker_residential_Curtain_01/meshes/aws_Curtain_01_visual.DAE
[1.565s] -- Installing: /home/wapush/AGV/bumperbot_ws/install/bumperbot_description/share/bumperbot_description/models/aws_robomaker_residential_Curtain_01/meshes/aws_Curtain_01_collision.DAE:Zone.Identifier
[1.565s] -- Installing: /home/wapush/AGV/bumperbot_ws/install/bumperbot_description/share/bumperbot_description/models/aws_robomaker_residential_Curtain_01/meshes/aws_Curtain_01_collision.DAE
[1.566s] -- Installing: /home/wapush/AGV/bumperbot_ws/install/bumperbot_description/share/bumperbot_description/models/aws_robomaker_residential_DeskPortraitD_02
[1.566s] -- Installing: /home/wapush/AGV/bumperbot_ws/install/bumperbot_description/share/bumperbot_description/models/aws_robomaker_residential_DeskPortraitD_02/model.sdf:Zone.Identifier
[1.566s] -- Installing: /home/wapush/AGV/bumperbot_ws/install/bumperbot_description/share/bumperbot_description/models/aws_robomaker_residential_DeskPortraitD_02/model.config:Zone.Identifier
[1.566s] -- Installing: /home/wapush/AGV/bumperbot_ws/install/bumperbot_description/share/bumperbot_description/models/aws_robomaker_residential_DeskPortraitD_02/materials
[1.566s] -- Installing: /home/wapush/AGV/bumperbot_ws/install/bumperbot_description/share/bumperbot_description/models/aws_robomaker_residential_DeskPortraitD_02/materials/textures
[1.566s] -- Installing: /home/wapush/AGV/bumperbot_ws/install/bumperbot_description/share/bumperbot_description/models/aws_robomaker_residential_DeskPortraitD_02/materials/textures/aws_DeskPortraitD_02.png:Zone.Identifier
[1.566s] -- Installing: /home/wapush/AGV/bumperbot_ws/install/bumperbot_description/share/bumperbot_description/models/aws_robomaker_residential_DeskPortraitD_02/materials/textures/aws_DeskPortraitD_01.png
[1.566s] -- Installing: /home/wapush/AGV/bumperbot_ws/install/bumperbot_description/share/bumperbot_description/models/aws_robomaker_residential_DeskPortraitD_02/materials/textures/aws_DeskPortraitD_01.png:Zone.Identifier
[1.566s] -- Installing: /home/wapush/AGV/bumperbot_ws/install/bumperbot_description/share/bumperbot_description/models/aws_robomaker_residential_DeskPortraitD_02/materials/textures/aws_DeskPortraitD_02.png
[1.571s] -- Installing: /home/wapush/AGV/bumperbot_ws/install/bumperbot_description/share/bumperbot_description/models/aws_robomaker_residential_DeskPortraitD_02/materials/textures/DeskPortraitD_02.jpg
[1.571s] -- Installing: /home/wapush/AGV/bumperbot_ws/install/bumperbot_description/share/bumperbot_description/models/aws_robomaker_residential_DeskPortraitD_02/materials/textures/DeskPortraitD_02.jpg:Zone.Identifier
[1.572s] -- Installing: /home/wapush/AGV/bumperbot_ws/install/bumperbot_description/share/bumperbot_description/models/aws_robomaker_residential_DeskPortraitD_02/model.config
[1.572s] -- Installing: /home/wapush/AGV/bumperbot_ws/install/bumperbot_description/share/bumperbot_description/models/aws_robomaker_residential_DeskPortraitD_02/model.sdf
[1.572s] -- Installing: /home/wapush/AGV/bumperbot_ws/install/bumperbot_description/share/bumperbot_description/models/aws_robomaker_residential_DeskPortraitD_02/meshes
[1.572s] -- Installing: /home/wapush/AGV/bumperbot_ws/install/bumperbot_description/share/bumperbot_description/models/aws_robomaker_residential_DeskPortraitD_02/meshes/aws_DeskPortraitD_01_visual.DAE
[1.572s] -- Installing: /home/wapush/AGV/bumperbot_ws/install/bumperbot_description/share/bumperbot_description/models/aws_robomaker_residential_DeskPortraitD_02/meshes/aws_DeskPortraitD_01_visual.DAE:Zone.Identifier
[1.572s] -- Installing: /home/wapush/AGV/bumperbot_ws/install/bumperbot_description/share/bumperbot_description/models/aws_robomaker_residential_DeskPortraitD_02/meshes/aws_DeskPortraitD_01_collision.DAE
[1.572s] -- Installing: /home/wapush/AGV/bumperbot_ws/install/bumperbot_description/share/bumperbot_description/models/aws_robomaker_residential_DeskPortraitD_02/meshes/aws_DeskPortraitD_01_collision.DAE:Zone.Identifier
[1.572s] -- Installing: /home/wapush/AGV/bumperbot_ws/install/bumperbot_description/share/bumperbot_description/models/aws_robomaker_residential_TV_02
[1.573s] -- Installing: /home/wapush/AGV/bumperbot_ws/install/bumperbot_description/share/bumperbot_description/models/aws_robomaker_residential_TV_02/model.sdf:Zone.Identifier
[1.573s] -- Installing: /home/wapush/AGV/bumperbot_ws/install/bumperbot_description/share/bumperbot_description/models/aws_robomaker_residential_TV_02/model.config:Zone.Identifier
[1.573s] -- Installing: /home/wapush/AGV/bumperbot_ws/install/bumperbot_description/share/bumperbot_description/models/aws_robomaker_residential_TV_02/materials
[1.573s] -- Installing: /home/wapush/AGV/bumperbot_ws/install/bumperbot_description/share/bumperbot_description/models/aws_robomaker_residential_TV_02/materials/textures
[1.573s] -- Installing: /home/wapush/AGV/bumperbot_ws/install/bumperbot_description/share/bumperbot_description/models/aws_robomaker_residential_TV_02/materials/textures/aws_TV_01.png
[1.574s] -- Installing: /home/wapush/AGV/bumperbot_ws/install/bumperbot_description/share/bumperbot_description/models/aws_robomaker_residential_TV_02/materials/textures/aws_TV_01.png:Zone.Identifier
[1.574s] -- Installing: /home/wapush/AGV/bumperbot_ws/install/bumperbot_description/share/bumperbot_description/models/aws_robomaker_residential_TV_02/model.config
[1.575s] -- Installing: /home/wapush/AGV/bumperbot_ws/install/bumperbot_description/share/bumperbot_description/models/aws_robomaker_residential_TV_02/model.sdf
[1.575s] -- Installing: /home/wapush/AGV/bumperbot_ws/install/bumperbot_description/share/bumperbot_description/models/aws_robomaker_residential_TV_02/meshes
[1.575s] -- Installing: /home/wapush/AGV/bumperbot_ws/install/bumperbot_description/share/bumperbot_description/models/aws_robomaker_residential_TV_02/meshes/aws_TV_01_visual.DAE
[1.575s] -- Installing: /home/wapush/AGV/bumperbot_ws/install/bumperbot_description/share/bumperbot_description/models/aws_robomaker_residential_TV_02/meshes/aws_TV_01_collision.DAE
[1.575s] -- Installing: /home/wapush/AGV/bumperbot_ws/install/bumperbot_description/share/bumperbot_description/models/aws_robomaker_residential_TV_02/meshes/aws_TV_01_visual.DAE:Zone.Identifier
[1.575s] -- Installing: /home/wapush/AGV/bumperbot_ws/install/bumperbot_description/share/bumperbot_description/models/aws_robomaker_residential_TV_02/meshes/aws_TV_01_collision.DAE:Zone.Identifier
[1.575s] -- Installing: /home/wapush/AGV/bumperbot_ws/install/bumperbot_description/share/bumperbot_description/models/aws_robomaker_residential_TV_01
[1.575s] -- Installing: /home/wapush/AGV/bumperbot_ws/install/bumperbot_description/share/bumperbot_description/models/aws_robomaker_residential_TV_01/model.sdf:Zone.Identifier
[1.575s] -- Installing: /home/wapush/AGV/bumperbot_ws/install/bumperbot_description/share/bumperbot_description/models/aws_robomaker_residential_TV_01/model.config:Zone.Identifier
[1.575s] -- Installing: /home/wapush/AGV/bumperbot_ws/install/bumperbot_description/share/bumperbot_description/models/aws_robomaker_residential_TV_01/materials
[1.575s] -- Installing: /home/wapush/AGV/bumperbot_ws/install/bumperbot_description/share/bumperbot_description/models/aws_robomaker_residential_TV_01/materials/textures
[1.575s] -- Installing: /home/wapush/AGV/bumperbot_ws/install/bumperbot_description/share/bumperbot_description/models/aws_robomaker_residential_TV_01/materials/textures/aws_TV_01.png
[1.577s] -- Installing: /home/wapush/AGV/bumperbot_ws/install/bumperbot_description/share/bumperbot_description/models/aws_robomaker_residential_TV_01/materials/textures/aws_TV_01.png:Zone.Identifier
[1.577s] -- Installing: /home/wapush/AGV/bumperbot_ws/install/bumperbot_description/share/bumperbot_description/models/aws_robomaker_residential_TV_01/model.config
[1.577s] -- Installing: /home/wapush/AGV/bumperbot_ws/install/bumperbot_description/share/bumperbot_description/models/aws_robomaker_residential_TV_01/model.sdf
[1.578s] -- Installing: /home/wapush/AGV/bumperbot_ws/install/bumperbot_description/share/bumperbot_description/models/aws_robomaker_residential_TV_01/meshes
[1.578s] -- Installing: /home/wapush/AGV/bumperbot_ws/install/bumperbot_description/share/bumperbot_description/models/aws_robomaker_residential_TV_01/meshes/aws_TV_01_visual.DAE
[1.578s] -- Installing: /home/wapush/AGV/bumperbot_ws/install/bumperbot_description/share/bumperbot_description/models/aws_robomaker_residential_TV_01/meshes/aws_TV_01_collision.DAE
[1.578s] -- Installing: /home/wapush/AGV/bumperbot_ws/install/bumperbot_description/share/bumperbot_description/models/aws_robomaker_residential_TV_01/meshes/aws_TV_01_visual.DAE:Zone.Identifier
[1.578s] -- Installing: /home/wapush/AGV/bumperbot_ws/install/bumperbot_description/share/bumperbot_description/models/aws_robomaker_residential_TV_01/meshes/aws_TV_01_collision.DAE:Zone.Identifier
[1.578s] -- Installing: /home/wapush/AGV/bumperbot_ws/install/bumperbot_description/share/bumperbot_description/models/aws_robomaker_residential_Vase_01
[1.578s] -- Installing: /home/wapush/AGV/bumperbot_ws/install/bumperbot_description/share/bumperbot_description/models/aws_robomaker_residential_Vase_01/model.sdf:Zone.Identifier
[1.579s] -- Installing: /home/wapush/AGV/bumperbot_ws/install/bumperbot_description/share/bumperbot_description/models/aws_robomaker_residential_Vase_01/model.config:Zone.Identifier
[1.579s] -- Installing: /home/wapush/AGV/bumperbot_ws/install/bumperbot_description/share/bumperbot_description/models/aws_robomaker_residential_Vase_01/materials
[1.579s] -- Installing: /home/wapush/AGV/bumperbot_ws/install/bumperbot_description/share/bumperbot_description/models/aws_robomaker_residential_Vase_01/materials/textures
[1.579s] -- Installing: /home/wapush/AGV/bumperbot_ws/install/bumperbot_description/share/bumperbot_description/models/aws_robomaker_residential_Vase_01/materials/textures/aws_Vase_01.png:Zone.Identifier
[1.579s] -- Installing: /home/wapush/AGV/bumperbot_ws/install/bumperbot_description/share/bumperbot_description/models/aws_robomaker_residential_Vase_01/materials/textures/aws_Vase_01.png
[1.579s] -- Installing: /home/wapush/AGV/bumperbot_ws/install/bumperbot_description/share/bumperbot_description/models/aws_robomaker_residential_Vase_01/model.config
[1.579s] -- Installing: /home/wapush/AGV/bumperbot_ws/install/bumperbot_description/share/bumperbot_description/models/aws_robomaker_residential_Vase_01/model.sdf
[1.579s] -- Installing: /home/wapush/AGV/bumperbot_ws/install/bumperbot_description/share/bumperbot_description/models/aws_robomaker_residential_Vase_01/meshes
[1.579s] -- Installing: /home/wapush/AGV/bumperbot_ws/install/bumperbot_description/share/bumperbot_description/models/aws_robomaker_residential_Vase_01/meshes/aws_Vase_01_collision.DAE:Zone.Identifier
[1.580s] -- Installing: /home/wapush/AGV/bumperbot_ws/install/bumperbot_description/share/bumperbot_description/models/aws_robomaker_residential_Vase_01/meshes/aws_Vase_01_visual.DAE:Zone.Identifier
[1.580s] -- Installing: /home/wapush/AGV/bumperbot_ws/install/bumperbot_description/share/bumperbot_description/models/aws_robomaker_residential_Vase_01/meshes/aws_Vase_01_visual.DAE
[1.580s] -- Installing: /home/wapush/AGV/bumperbot_ws/install/bumperbot_description/share/bumperbot_description/models/aws_robomaker_residential_Vase_01/meshes/aws_Vase_01_collision.DAE
[1.580s] -- Installing: /home/wapush/AGV/bumperbot_ws/install/bumperbot_description/share/bumperbot_description/models/aws_robomaker_residential_PortraitA_02
[1.580s] -- Installing: /home/wapush/AGV/bumperbot_ws/install/bumperbot_description/share/bumperbot_description/models/aws_robomaker_residential_PortraitA_02/model.sdf:Zone.Identifier
[1.580s] -- Installing: /home/wapush/AGV/bumperbot_ws/install/bumperbot_description/share/bumperbot_description/models/aws_robomaker_residential_PortraitA_02/model.config:Zone.Identifier
[1.580s] -- Installing: /home/wapush/AGV/bumperbot_ws/install/bumperbot_description/share/bumperbot_description/models/aws_robomaker_residential_PortraitA_02/materials
[1.580s] -- Installing: /home/wapush/AGV/bumperbot_ws/install/bumperbot_description/share/bumperbot_description/models/aws_robomaker_residential_PortraitA_02/materials/textures
[1.580s] -- Installing: /home/wapush/AGV/bumperbot_ws/install/bumperbot_description/share/bumperbot_description/models/aws_robomaker_residential_PortraitA_02/materials/textures/aws_PortraitA_01.png:Zone.Identifier
[1.580s] -- Installing: /home/wapush/AGV/bumperbot_ws/install/bumperbot_description/share/bumperbot_description/models/aws_robomaker_residential_PortraitA_02/materials/textures/aws_PortraitA_02.png
[1.581s] -- Installing: /home/wapush/AGV/bumperbot_ws/install/bumperbot_description/share/bumperbot_description/models/aws_robomaker_residential_PortraitA_02/materials/textures/PortraitA_02.jpg:Zone.Identifier
[1.582s] -- Installing: /home/wapush/AGV/bumperbot_ws/install/bumperbot_description/share/bumperbot_description/models/aws_robomaker_residential_PortraitA_02/materials/textures/PortraitA_02.jpg
[1.583s] -- Installing: /home/wapush/AGV/bumperbot_ws/install/bumperbot_description/share/bumperbot_description/models/aws_robomaker_residential_PortraitA_02/materials/textures/aws_PortraitA_02.png:Zone.Identifier
[1.583s] -- Installing: /home/wapush/AGV/bumperbot_ws/install/bumperbot_description/share/bumperbot_description/models/aws_robomaker_residential_PortraitA_02/materials/textures/aws_PortraitA_01.png
[1.583s] -- Installing: /home/wapush/AGV/bumperbot_ws/install/bumperbot_description/share/bumperbot_description/models/aws_robomaker_residential_PortraitA_02/model.config
[1.583s] -- Installing: /home/wapush/AGV/bumperbot_ws/install/bumperbot_description/share/bumperbot_description/models/aws_robomaker_residential_PortraitA_02/model.sdf
[1.583s] -- Installing: /home/wapush/AGV/bumperbot_ws/install/bumperbot_description/share/bumperbot_description/models/aws_robomaker_residential_PortraitA_02/meshes
[1.584s] -- Installing: /home/wapush/AGV/bumperbot_ws/install/bumperbot_description/share/bumperbot_description/models/aws_robomaker_residential_PortraitA_02/meshes/aws_PortraitA_01_visual.DAE:Zone.Identifier
[1.584s] -- Installing: /home/wapush/AGV/bumperbot_ws/install/bumperbot_description/share/bumperbot_description/models/aws_robomaker_residential_PortraitA_02/meshes/aws_PortraitA_01_visual.DAE
[1.584s] -- Installing: /home/wapush/AGV/bumperbot_ws/install/bumperbot_description/share/bumperbot_description/models/aws_robomaker_residential_PortraitA_02/meshes/aws_PortraitA_01_collision.DAE:Zone.Identifier
[1.584s] -- Installing: /home/wapush/AGV/bumperbot_ws/install/bumperbot_description/share/bumperbot_description/models/aws_robomaker_residential_PortraitA_02/meshes/aws_PortraitA_01_collision.DAE
[1.584s] -- Installing: /home/wapush/AGV/bumperbot_ws/install/bumperbot_description/share/bumperbot_description/models/aws_robomaker_residential_DeskPortraitC_01
[1.584s] -- Installing: /home/wapush/AGV/bumperbot_ws/install/bumperbot_description/share/bumperbot_description/models/aws_robomaker_residential_DeskPortraitC_01/model.sdf:Zone.Identifier
[1.584s] -- Installing: /home/wapush/AGV/bumperbot_ws/install/bumperbot_description/share/bumperbot_description/models/aws_robomaker_residential_DeskPortraitC_01/model.config:Zone.Identifier
[1.584s] -- Installing: /home/wapush/AGV/bumperbot_ws/install/bumperbot_description/share/bumperbot_description/models/aws_robomaker_residential_DeskPortraitC_01/materials
[1.584s] -- Installing: /home/wapush/AGV/bumperbot_ws/install/bumperbot_description/share/bumperbot_description/models/aws_robomaker_residential_DeskPortraitC_01/materials/textures
[1.584s] -- Installing: /home/wapush/AGV/bumperbot_ws/install/bumperbot_description/share/bumperbot_description/models/aws_robomaker_residential_DeskPortraitC_01/materials/textures/DeskPortraitC_01.jpg:Zone.Identifier
[1.584s] -- Installing: /home/wapush/AGV/bumperbot_ws/install/bumperbot_description/share/bumperbot_description/models/aws_robomaker_residential_DeskPortraitC_01/materials/textures/aws_DeskPortraitC_01.png
[1.585s] -- Installing: /home/wapush/AGV/bumperbot_ws/install/bumperbot_description/share/bumperbot_description/models/aws_robomaker_residential_DeskPortraitC_01/materials/textures/aws_DeskPortraitC_02.png
[1.587s] -- Installing: /home/wapush/AGV/bumperbot_ws/install/bumperbot_description/share/bumperbot_description/models/aws_robomaker_residential_DeskPortraitC_01/materials/textures/DeskPortraitC_01.jpg
[1.598s] -- Installing: /home/wapush/AGV/bumperbot_ws/install/bumperbot_description/share/bumperbot_description/models/aws_robomaker_residential_DeskPortraitC_01/materials/textures/aws_DeskPortraitC_01.png:Zone.Identifier
[1.598s] -- Installing: /home/wapush/AGV/bumperbot_ws/install/bumperbot_description/share/bumperbot_description/models/aws_robomaker_residential_DeskPortraitC_01/materials/textures/aws_DeskPortraitC_02.png:Zone.Identifier
[1.599s] -- Installing: /home/wapush/AGV/bumperbot_ws/install/bumperbot_description/share/bumperbot_description/models/aws_robomaker_residential_DeskPortraitC_01/model.config
[1.599s] -- Installing: /home/wapush/AGV/bumperbot_ws/install/bumperbot_description/share/bumperbot_description/models/aws_robomaker_residential_DeskPortraitC_01/model.sdf
[1.599s] -- Installing: /home/wapush/AGV/bumperbot_ws/install/bumperbot_description/share/bumperbot_description/models/aws_robomaker_residential_DeskPortraitC_01/meshes
[1.599s] -- Installing: /home/wapush/AGV/bumperbot_ws/install/bumperbot_description/share/bumperbot_description/models/aws_robomaker_residential_DeskPortraitC_01/meshes/aws_DeskPortraitC_01_collision.DAE:Zone.Identifier
[1.599s] -- Installing: /home/wapush/AGV/bumperbot_ws/install/bumperbot_description/share/bumperbot_description/models/aws_robomaker_residential_DeskPortraitC_01/meshes/aws_DeskPortraitC_01_collision.DAE
[1.599s] -- Installing: /home/wapush/AGV/bumperbot_ws/install/bumperbot_description/share/bumperbot_description/models/aws_robomaker_residential_DeskPortraitC_01/meshes/aws_DeskPortraitC_01_visual.DAE
[1.599s] -- Installing: /home/wapush/AGV/bumperbot_ws/install/bumperbot_description/share/bumperbot_description/models/aws_robomaker_residential_DeskPortraitC_01/meshes/aws_DeskPortraitC_01_visual.DAE:Zone.Identifier
[1.599s] -- Installing: /home/wapush/AGV/bumperbot_ws/install/bumperbot_description/share/bumperbot_description/models/aws_robomaker_residential_ShoeRack_01
[1.599s] -- Installing: /home/wapush/AGV/bumperbot_ws/install/bumperbot_description/share/bumperbot_description/models/aws_robomaker_residential_ShoeRack_01/model.sdf:Zone.Identifier
[1.599s] -- Installing: /home/wapush/AGV/bumperbot_ws/install/bumperbot_description/share/bumperbot_description/models/aws_robomaker_residential_ShoeRack_01/model.config:Zone.Identifier
[1.600s] -- Installing: /home/wapush/AGV/bumperbot_ws/install/bumperbot_description/share/bumperbot_description/models/aws_robomaker_residential_ShoeRack_01/materials
[1.600s] -- Installing: /home/wapush/AGV/bumperbot_ws/install/bumperbot_description/share/bumperbot_description/models/aws_robomaker_residential_ShoeRack_01/materials/textures
[1.600s] -- Installing: /home/wapush/AGV/bumperbot_ws/install/bumperbot_description/share/bumperbot_description/models/aws_robomaker_residential_ShoeRack_01/materials/textures/aws_ShoeRack_01.png
[1.602s] -- Installing: /home/wapush/AGV/bumperbot_ws/install/bumperbot_description/share/bumperbot_description/models/aws_robomaker_residential_ShoeRack_01/materials/textures/aws_ShoeRack_01.png:Zone.Identifier
[1.602s] -- Installing: /home/wapush/AGV/bumperbot_ws/install/bumperbot_description/share/bumperbot_description/models/aws_robomaker_residential_ShoeRack_01/model.config
[1.603s] -- Installing: /home/wapush/AGV/bumperbot_ws/install/bumperbot_description/share/bumperbot_description/models/aws_robomaker_residential_ShoeRack_01/model.sdf
[1.603s] -- Installing: /home/wapush/AGV/bumperbot_ws/install/bumperbot_description/share/bumperbot_description/models/aws_robomaker_residential_ShoeRack_01/meshes
[1.603s] -- Installing: /home/wapush/AGV/bumperbot_ws/install/bumperbot_description/share/bumperbot_description/models/aws_robomaker_residential_ShoeRack_01/meshes/aws_ShoeRack_01_visual.DAE:Zone.Identifier
[1.603s] -- Installing: /home/wapush/AGV/bumperbot_ws/install/bumperbot_description/share/bumperbot_description/models/aws_robomaker_residential_ShoeRack_01/meshes/aws_ShoeRack_01_visual.DAE
[1.603s] -- Installing: /home/wapush/AGV/bumperbot_ws/install/bumperbot_description/share/bumperbot_description/models/aws_robomaker_residential_ShoeRack_01/meshes/aws_ShoeRack_01_collision.DAE:Zone.Identifier
[1.603s] -- Installing: /home/wapush/AGV/bumperbot_ws/install/bumperbot_description/share/bumperbot_description/models/aws_robomaker_residential_ShoeRack_01/meshes/aws_ShoeRack_01_collision.DAE
[1.603s] -- Installing: /home/wapush/AGV/bumperbot_ws/install/bumperbot_description/share/bumperbot_description/models/aws_robomaker_residential_FloorB_01
[1.603s] -- Installing: /home/wapush/AGV/bumperbot_ws/install/bumperbot_description/share/bumperbot_description/models/aws_robomaker_residential_FloorB_01/model.sdf:Zone.Identifier
[1.603s] -- Installing: /home/wapush/AGV/bumperbot_ws/install/bumperbot_description/share/bumperbot_description/models/aws_robomaker_residential_FloorB_01/model.config:Zone.Identifier
[1.603s] -- Installing: /home/wapush/AGV/bumperbot_ws/install/bumperbot_description/share/bumperbot_description/models/aws_robomaker_residential_FloorB_01/materials
[1.603s] -- Installing: /home/wapush/AGV/bumperbot_ws/install/bumperbot_description/share/bumperbot_description/models/aws_robomaker_residential_FloorB_01/materials/textures
[1.604s] -- Installing: /home/wapush/AGV/bumperbot_ws/install/bumperbot_description/share/bumperbot_description/models/aws_robomaker_residential_FloorB_01/materials/textures/aws_FloorB_01.png:Zone.Identifier
[1.604s] -- Installing: /home/wapush/AGV/bumperbot_ws/install/bumperbot_description/share/bumperbot_description/models/aws_robomaker_residential_FloorB_01/materials/textures/aws_FloorB_01.png
[1.604s] -- Installing: /home/wapush/AGV/bumperbot_ws/install/bumperbot_description/share/bumperbot_description/models/aws_robomaker_residential_FloorB_01/model.config
[1.604s] -- Installing: /home/wapush/AGV/bumperbot_ws/install/bumperbot_description/share/bumperbot_description/models/aws_robomaker_residential_FloorB_01/model.sdf
[1.604s] -- Installing: /home/wapush/AGV/bumperbot_ws/install/bumperbot_description/share/bumperbot_description/models/aws_robomaker_residential_FloorB_01/meshes
[1.604s] -- Installing: /home/wapush/AGV/bumperbot_ws/install/bumperbot_description/share/bumperbot_description/models/aws_robomaker_residential_FloorB_01/meshes/aws_FloorB_01_visual.DAE
[1.604s] -- Installing: /home/wapush/AGV/bumperbot_ws/install/bumperbot_description/share/bumperbot_description/models/aws_robomaker_residential_FloorB_01/meshes/aws_FloorB_01_collision.DAE
[1.605s] -- Installing: /home/wapush/AGV/bumperbot_ws/install/bumperbot_description/share/bumperbot_description/models/aws_robomaker_residential_FloorB_01/meshes/aws_FloorB_01_visual.DAE:Zone.Identifier
[1.605s] -- Installing: /home/wapush/AGV/bumperbot_ws/install/bumperbot_description/share/bumperbot_description/models/aws_robomaker_residential_FloorB_01/meshes/aws_FloorB_01_collision.DAE:Zone.Identifier
[1.605s] -- Installing: /home/wapush/AGV/bumperbot_ws/install/bumperbot_description/share/bumperbot_description/models/aws_robomaker_residential_Pillow_01
[1.605s] -- Installing: /home/wapush/AGV/bumperbot_ws/install/bumperbot_description/share/bumperbot_description/models/aws_robomaker_residential_Pillow_01/model.sdf:Zone.Identifier
[1.605s] -- Installing: /home/wapush/AGV/bumperbot_ws/install/bumperbot_description/share/bumperbot_description/models/aws_robomaker_residential_Pillow_01/model.config:Zone.Identifier
[1.605s] -- Installing: /home/wapush/AGV/bumperbot_ws/install/bumperbot_description/share/bumperbot_description/models/aws_robomaker_residential_Pillow_01/materials
[1.605s] -- Installing: /home/wapush/AGV/bumperbot_ws/install/bumperbot_description/share/bumperbot_description/models/aws_robomaker_residential_Pillow_01/materials/textures
[1.605s] -- Installing: /home/wapush/AGV/bumperbot_ws/install/bumperbot_description/share/bumperbot_description/models/aws_robomaker_residential_Pillow_01/materials/textures/aws_Pillow_01.png
[1.609s] -- Installing: /home/wapush/AGV/bumperbot_ws/install/bumperbot_description/share/bumperbot_description/models/aws_robomaker_residential_Pillow_01/materials/textures/aws_Pillow_01.png:Zone.Identifier
[1.609s] -- Installing: /home/wapush/AGV/bumperbot_ws/install/bumperbot_description/share/bumperbot_description/models/aws_robomaker_residential_Pillow_01/model.config
[1.609s] -- Installing: /home/wapush/AGV/bumperbot_ws/install/bumperbot_description/share/bumperbot_description/models/aws_robomaker_residential_Pillow_01/model.sdf
[1.609s] -- Installing: /home/wapush/AGV/bumperbot_ws/install/bumperbot_description/share/bumperbot_description/models/aws_robomaker_residential_Pillow_01/meshes
[1.609s] -- Installing: /home/wapush/AGV/bumperbot_ws/install/bumperbot_description/share/bumperbot_description/models/aws_robomaker_residential_Pillow_01/meshes/aws_Pillow_01_collision.DAE
[1.609s] -- Installing: /home/wapush/AGV/bumperbot_ws/install/bumperbot_description/share/bumperbot_description/models/aws_robomaker_residential_Pillow_01/meshes/aws_Pillow_01_visual.DAE
[1.610s] -- Installing: /home/wapush/AGV/bumperbot_ws/install/bumperbot_description/share/bumperbot_description/models/aws_robomaker_residential_Pillow_01/meshes/aws_Pillow_01_collision.DAE:Zone.Identifier
[1.611s] -- Installing: /home/wapush/AGV/bumperbot_ws/install/bumperbot_description/share/bumperbot_description/models/aws_robomaker_residential_Pillow_01/meshes/aws_Pillow_01_visual.DAE:Zone.Identifier
[1.611s] -- Installing: /home/wapush/AGV/bumperbot_ws/install/bumperbot_description/share/bumperbot_description/models/aws_robomaker_residential_PortraitA_01
[1.611s] -- Installing: /home/wapush/AGV/bumperbot_ws/install/bumperbot_description/share/bumperbot_description/models/aws_robomaker_residential_PortraitA_01/model.sdf:Zone.Identifier
[1.611s] -- Installing: /home/wapush/AGV/bumperbot_ws/install/bumperbot_description/share/bumperbot_description/models/aws_robomaker_residential_PortraitA_01/model.config:Zone.Identifier
[1.611s] -- Installing: /home/wapush/AGV/bumperbot_ws/install/bumperbot_description/share/bumperbot_description/models/aws_robomaker_residential_PortraitA_01/materials
[1.611s] -- Installing: /home/wapush/AGV/bumperbot_ws/install/bumperbot_description/share/bumperbot_description/models/aws_robomaker_residential_PortraitA_01/materials/textures
[1.611s] -- Installing: /home/wapush/AGV/bumperbot_ws/install/bumperbot_description/share/bumperbot_description/models/aws_robomaker_residential_PortraitA_01/materials/textures/aws_PortraitA_01.png:Zone.Identifier
[1.612s] -- Installing: /home/wapush/AGV/bumperbot_ws/install/bumperbot_description/share/bumperbot_description/models/aws_robomaker_residential_PortraitA_01/materials/textures/aws_PortraitA_02.png
[1.614s] -- Installing: /home/wapush/AGV/bumperbot_ws/install/bumperbot_description/share/bumperbot_description/models/aws_robomaker_residential_PortraitA_01/materials/textures/PortraitA_01.jpg:Zone.Identifier
[1.614s] -- Installing: /home/wapush/AGV/bumperbot_ws/install/bumperbot_description/share/bumperbot_description/models/aws_robomaker_residential_PortraitA_01/materials/textures/aws_PortraitA_02.png:Zone.Identifier
[1.614s] -- Installing: /home/wapush/AGV/bumperbot_ws/install/bumperbot_description/share/bumperbot_description/models/aws_robomaker_residential_PortraitA_01/materials/textures/aws_PortraitA_01.png
[1.615s] -- Installing: /home/wapush/AGV/bumperbot_ws/install/bumperbot_description/share/bumperbot_description/models/aws_robomaker_residential_PortraitA_01/materials/textures/PortraitA_01.jpg
[1.615s] -- Installing: /home/wapush/AGV/bumperbot_ws/install/bumperbot_description/share/bumperbot_description/models/aws_robomaker_residential_PortraitA_01/model.config
[1.615s] -- Installing: /home/wapush/AGV/bumperbot_ws/install/bumperbot_description/share/bumperbot_description/models/aws_robomaker_residential_PortraitA_01/model.sdf
[1.615s] -- Installing: /home/wapush/AGV/bumperbot_ws/install/bumperbot_description/share/bumperbot_description/models/aws_robomaker_residential_PortraitA_01/meshes
[1.615s] -- Installing: /home/wapush/AGV/bumperbot_ws/install/bumperbot_description/share/bumperbot_description/models/aws_robomaker_residential_PortraitA_01/meshes/aws_PortraitA_01_visual.DAE:Zone.Identifier
[1.615s] -- Installing: /home/wapush/AGV/bumperbot_ws/install/bumperbot_description/share/bumperbot_description/models/aws_robomaker_residential_PortraitA_01/meshes/aws_PortraitA_01_visual.DAE
[1.615s] -- Installing: /home/wapush/AGV/bumperbot_ws/install/bumperbot_description/share/bumperbot_description/models/aws_robomaker_residential_PortraitA_01/meshes/aws_PortraitA_01_collision.DAE:Zone.Identifier
[1.616s] -- Installing: /home/wapush/AGV/bumperbot_ws/install/bumperbot_description/share/bumperbot_description/models/aws_robomaker_residential_PortraitA_01/meshes/aws_PortraitA_01_collision.DAE
[1.616s] -- Installing: /home/wapush/AGV/bumperbot_ws/install/bumperbot_description/share/bumperbot_description/models/aws_robomaker_residential_SofaB_01
[1.616s] -- Installing: /home/wapush/AGV/bumperbot_ws/install/bumperbot_description/share/bumperbot_description/models/aws_robomaker_residential_SofaB_01/model.sdf:Zone.Identifier
[1.616s] -- Installing: /home/wapush/AGV/bumperbot_ws/install/bumperbot_description/share/bumperbot_description/models/aws_robomaker_residential_SofaB_01/model.config:Zone.Identifier
[1.616s] -- Installing: /home/wapush/AGV/bumperbot_ws/install/bumperbot_description/share/bumperbot_description/models/aws_robomaker_residential_SofaB_01/materials
[1.616s] -- Installing: /home/wapush/AGV/bumperbot_ws/install/bumperbot_description/share/bumperbot_description/models/aws_robomaker_residential_SofaB_01/materials/textures
[1.616s] -- Installing: /home/wapush/AGV/bumperbot_ws/install/bumperbot_description/share/bumperbot_description/models/aws_robomaker_residential_SofaB_01/materials/textures/aws_SofaB_01.png:Zone.Identifier
[1.616s] -- Installing: /home/wapush/AGV/bumperbot_ws/install/bumperbot_description/share/bumperbot_description/models/aws_robomaker_residential_SofaB_01/materials/textures/aws_SofaB_01.png
[1.616s] -- Installing: /home/wapush/AGV/bumperbot_ws/install/bumperbot_description/share/bumperbot_description/models/aws_robomaker_residential_SofaB_01/model.config
[1.616s] -- Installing: /home/wapush/AGV/bumperbot_ws/install/bumperbot_description/share/bumperbot_description/models/aws_robomaker_residential_SofaB_01/model.sdf
[1.616s] -- Installing: /home/wapush/AGV/bumperbot_ws/install/bumperbot_description/share/bumperbot_description/models/aws_robomaker_residential_SofaB_01/meshes
[1.616s] -- Installing: /home/wapush/AGV/bumperbot_ws/install/bumperbot_description/share/bumperbot_description/models/aws_robomaker_residential_SofaB_01/meshes/aws_SofaB_01_collision.DAE:Zone.Identifier
[1.616s] -- Installing: /home/wapush/AGV/bumperbot_ws/install/bumperbot_description/share/bumperbot_description/models/aws_robomaker_residential_SofaB_01/meshes/aws_SofaB_01_collision.DAE
[1.616s] -- Installing: /home/wapush/AGV/bumperbot_ws/install/bumperbot_description/share/bumperbot_description/models/aws_robomaker_residential_SofaB_01/meshes/aws_SofaB_01_visual.DAE:Zone.Identifier
[1.616s] -- Installing: /home/wapush/AGV/bumperbot_ws/install/bumperbot_description/share/bumperbot_description/models/aws_robomaker_residential_SofaB_01/meshes/aws_SofaB_01_visual.DAE
[1.616s] -- Installing: /home/wapush/AGV/bumperbot_ws/install/bumperbot_description/share/bumperbot_description/models/aws_robomaker_residential_Dumbbell_01
[1.616s] -- Installing: /home/wapush/AGV/bumperbot_ws/install/bumperbot_description/share/bumperbot_description/models/aws_robomaker_residential_Dumbbell_01/model.sdf:Zone.Identifier
[1.616s] -- Installing: /home/wapush/AGV/bumperbot_ws/install/bumperbot_description/share/bumperbot_description/models/aws_robomaker_residential_Dumbbell_01/model.config:Zone.Identifier
[1.616s] -- Installing: /home/wapush/AGV/bumperbot_ws/install/bumperbot_description/share/bumperbot_description/models/aws_robomaker_residential_Dumbbell_01/materials
[1.616s] -- Installing: /home/wapush/AGV/bumperbot_ws/install/bumperbot_description/share/bumperbot_description/models/aws_robomaker_residential_Dumbbell_01/materials/textures
[1.616s] -- Installing: /home/wapush/AGV/bumperbot_ws/install/bumperbot_description/share/bumperbot_description/models/aws_robomaker_residential_Dumbbell_01/materials/textures/aws_Dumbbell_01.png:Zone.Identifier
[1.617s] -- Installing: /home/wapush/AGV/bumperbot_ws/install/bumperbot_description/share/bumperbot_description/models/aws_robomaker_residential_Dumbbell_01/materials/textures/aws_Dumbbell_01.png
[1.617s] -- Installing: /home/wapush/AGV/bumperbot_ws/install/bumperbot_description/share/bumperbot_description/models/aws_robomaker_residential_Dumbbell_01/model.config
[1.617s] -- Installing: /home/wapush/AGV/bumperbot_ws/install/bumperbot_description/share/bumperbot_description/models/aws_robomaker_residential_Dumbbell_01/model.sdf
[1.617s] -- Installing: /home/wapush/AGV/bumperbot_ws/install/bumperbot_description/share/bumperbot_description/models/aws_robomaker_residential_Dumbbell_01/meshes
[1.617s] -- Installing: /home/wapush/AGV/bumperbot_ws/install/bumperbot_description/share/bumperbot_description/models/aws_robomaker_residential_Dumbbell_01/meshes/aws_Dumbbell_01_collision.DAE
[1.617s] -- Installing: /home/wapush/AGV/bumperbot_ws/install/bumperbot_description/share/bumperbot_description/models/aws_robomaker_residential_Dumbbell_01/meshes/aws_Dumbbell_01_visual.DAE:Zone.Identifier
[1.617s] -- Installing: /home/wapush/AGV/bumperbot_ws/install/bumperbot_description/share/bumperbot_description/models/aws_robomaker_residential_Dumbbell_01/meshes/aws_Dumbbell_01_collision.DAE:Zone.Identifier
[1.617s] -- Installing: /home/wapush/AGV/bumperbot_ws/install/bumperbot_description/share/bumperbot_description/models/aws_robomaker_residential_Dumbbell_01/meshes/aws_Dumbbell_01_visual.DAE
[1.617s] -- Installing: /home/wapush/AGV/bumperbot_ws/install/bumperbot_description/share/bumperbot_description/models/aws_robomaker_residential_FitnessEquipment_01
[1.618s] -- Installing: /home/wapush/AGV/bumperbot_ws/install/bumperbot_description/share/bumperbot_description/models/aws_robomaker_residential_FitnessEquipment_01/model.sdf:Zone.Identifier
[1.618s] -- Installing: /home/wapush/AGV/bumperbot_ws/install/bumperbot_description/share/bumperbot_description/models/aws_robomaker_residential_FitnessEquipment_01/model.config:Zone.Identifier
[1.618s] -- Installing: /home/wapush/AGV/bumperbot_ws/install/bumperbot_description/share/bumperbot_description/models/aws_robomaker_residential_FitnessEquipment_01/materials
[1.618s] -- Installing: /home/wapush/AGV/bumperbot_ws/install/bumperbot_description/share/bumperbot_description/models/aws_robomaker_residential_FitnessEquipment_01/materials/textures
[1.618s] -- Installing: /home/wapush/AGV/bumperbot_ws/install/bumperbot_description/share/bumperbot_description/models/aws_robomaker_residential_FitnessEquipment_01/materials/textures/aws_FitnessEquipment_01.png:Zone.Identifier
[1.618s] -- Installing: /home/wapush/AGV/bumperbot_ws/install/bumperbot_description/share/bumperbot_description/models/aws_robomaker_residential_FitnessEquipment_01/materials/textures/aws_FitnessEquipment_01.png
[1.618s] -- Installing: /home/wapush/AGV/bumperbot_ws/install/bumperbot_description/share/bumperbot_description/models/aws_robomaker_residential_FitnessEquipment_01/model.config
[1.619s] -- Installing: /home/wapush/AGV/bumperbot_ws/install/bumperbot_description/share/bumperbot_description/models/aws_robomaker_residential_FitnessEquipment_01/model.sdf
[1.619s] -- Installing: /home/wapush/AGV/bumperbot_ws/install/bumperbot_description/share/bumperbot_description/models/aws_robomaker_residential_FitnessEquipment_01/meshes
[1.619s] -- Installing: /home/wapush/AGV/bumperbot_ws/install/bumperbot_description/share/bumperbot_description/models/aws_robomaker_residential_FitnessEquipment_01/meshes/aws_FitnessEquipment_01_collision.DAE:Zone.Identifier
[1.619s] -- Installing: /home/wapush/AGV/bumperbot_ws/install/bumperbot_description/share/bumperbot_description/models/aws_robomaker_residential_FitnessEquipment_01/meshes/aws_FitnessEquipment_01_collision.DAE
[1.619s] -- Installing: /home/wapush/AGV/bumperbot_ws/install/bumperbot_description/share/bumperbot_description/models/aws_robomaker_residential_FitnessEquipment_01/meshes/aws_FitnessEquipment_01_visual.DAE:Zone.Identifier
[1.619s] -- Installing: /home/wapush/AGV/bumperbot_ws/install/bumperbot_description/share/bumperbot_description/models/aws_robomaker_residential_FitnessEquipment_01/meshes/aws_FitnessEquipment_01_visual.DAE
[1.620s] -- Installing: /home/wapush/AGV/bumperbot_ws/install/bumperbot_description/share/bumperbot_description/models/aws_robomaker_residential_Quilt_01
[1.620s] -- Installing: /home/wapush/AGV/bumperbot_ws/install/bumperbot_description/share/bumperbot_description/models/aws_robomaker_residential_Quilt_01/model.sdf:Zone.Identifier
[1.620s] -- Installing: /home/wapush/AGV/bumperbot_ws/install/bumperbot_description/share/bumperbot_description/models/aws_robomaker_residential_Quilt_01/model.config:Zone.Identifier
[1.620s] -- Installing: /home/wapush/AGV/bumperbot_ws/install/bumperbot_description/share/bumperbot_description/models/aws_robomaker_residential_Quilt_01/materials
[1.621s] -- Installing: /home/wapush/AGV/bumperbot_ws/install/bumperbot_description/share/bumperbot_description/models/aws_robomaker_residential_Quilt_01/materials/textures
[1.621s] -- Installing: /home/wapush/AGV/bumperbot_ws/install/bumperbot_description/share/bumperbot_description/models/aws_robomaker_residential_Quilt_01/materials/textures/aws_Quilt_01.png
[1.623s] -- Installing: /home/wapush/AGV/bumperbot_ws/install/bumperbot_description/share/bumperbot_description/models/aws_robomaker_residential_Quilt_01/materials/textures/aws_Quilt_01.png:Zone.Identifier
[1.623s] -- Installing: /home/wapush/AGV/bumperbot_ws/install/bumperbot_description/share/bumperbot_description/models/aws_robomaker_residential_Quilt_01/model.config
[1.623s] -- Installing: /home/wapush/AGV/bumperbot_ws/install/bumperbot_description/share/bumperbot_description/models/aws_robomaker_residential_Quilt_01/model.sdf
[1.623s] -- Installing: /home/wapush/AGV/bumperbot_ws/install/bumperbot_description/share/bumperbot_description/models/aws_robomaker_residential_Quilt_01/meshes
[1.624s] -- Installing: /home/wapush/AGV/bumperbot_ws/install/bumperbot_description/share/bumperbot_description/models/aws_robomaker_residential_Quilt_01/meshes/aws_Quilt_01_collision.DAE:Zone.Identifier
[1.624s] -- Installing: /home/wapush/AGV/bumperbot_ws/install/bumperbot_description/share/bumperbot_description/models/aws_robomaker_residential_Quilt_01/meshes/aws_Quilt_01_visual.DAE:Zone.Identifier
[1.624s] -- Installing: /home/wapush/AGV/bumperbot_ws/install/bumperbot_description/share/bumperbot_description/models/aws_robomaker_residential_Quilt_01/meshes/aws_Quilt_01_collision.DAE
[1.624s] -- Installing: /home/wapush/AGV/bumperbot_ws/install/bumperbot_description/share/bumperbot_description/models/aws_robomaker_residential_Quilt_01/meshes/aws_Quilt_01_visual.DAE
[1.625s] -- Installing: /home/wapush/AGV/bumperbot_ws/install/bumperbot_description/share/bumperbot_description/models/aws_robomaker_residential_LightC_01
[1.625s] -- Installing: /home/wapush/AGV/bumperbot_ws/install/bumperbot_description/share/bumperbot_description/models/aws_robomaker_residential_LightC_01/model.sdf:Zone.Identifier
[1.625s] -- Installing: /home/wapush/AGV/bumperbot_ws/install/bumperbot_description/share/bumperbot_description/models/aws_robomaker_residential_LightC_01/model.config:Zone.Identifier
[1.626s] -- Installing: /home/wapush/AGV/bumperbot_ws/install/bumperbot_description/share/bumperbot_description/models/aws_robomaker_residential_LightC_01/materials
[1.626s] -- Installing: /home/wapush/AGV/bumperbot_ws/install/bumperbot_description/share/bumperbot_description/models/aws_robomaker_residential_LightC_01/materials/textures
[1.626s] -- Installing: /home/wapush/AGV/bumperbot_ws/install/bumperbot_description/share/bumperbot_description/models/aws_robomaker_residential_LightC_01/materials/textures/aws_LightC_01.png:Zone.Identifier
[1.626s] -- Installing: /home/wapush/AGV/bumperbot_ws/install/bumperbot_description/share/bumperbot_description/models/aws_robomaker_residential_LightC_01/materials/textures/aws_LightC_01.png
[1.626s] -- Installing: /home/wapush/AGV/bumperbot_ws/install/bumperbot_description/share/bumperbot_description/models/aws_robomaker_residential_LightC_01/model.config
[1.626s] -- Installing: /home/wapush/AGV/bumperbot_ws/install/bumperbot_description/share/bumperbot_description/models/aws_robomaker_residential_LightC_01/model.sdf
[1.626s] -- Installing: /home/wapush/AGV/bumperbot_ws/install/bumperbot_description/share/bumperbot_description/models/aws_robomaker_residential_LightC_01/meshes
[1.626s] -- Installing: /home/wapush/AGV/bumperbot_ws/install/bumperbot_description/share/bumperbot_description/models/aws_robomaker_residential_LightC_01/meshes/aws_LightC_01_collision.DAE:Zone.Identifier
[1.626s] -- Installing: /home/wapush/AGV/bumperbot_ws/install/bumperbot_description/share/bumperbot_description/models/aws_robomaker_residential_LightC_01/meshes/aws_LightC_01_visual.DAE:Zone.Identifier
[1.626s] -- Installing: /home/wapush/AGV/bumperbot_ws/install/bumperbot_description/share/bumperbot_description/models/aws_robomaker_residential_LightC_01/meshes/aws_LightC_01_visual.DAE
[1.626s] -- Installing: /home/wapush/AGV/bumperbot_ws/install/bumperbot_description/share/bumperbot_description/models/aws_robomaker_residential_LightC_01/meshes/aws_LightC_01_collision.DAE
[1.626s] -- Installing: /home/wapush/AGV/bumperbot_ws/install/bumperbot_description/share/bumperbot_description/models/aws_robomaker_residential_PortraitD_01
[1.626s] -- Installing: /home/wapush/AGV/bumperbot_ws/install/bumperbot_description/share/bumperbot_description/models/aws_robomaker_residential_PortraitD_01/model.sdf:Zone.Identifier
[1.627s] -- Installing: /home/wapush/AGV/bumperbot_ws/install/bumperbot_description/share/bumperbot_description/models/aws_robomaker_residential_PortraitD_01/model.config:Zone.Identifier
[1.627s] -- Installing: /home/wapush/AGV/bumperbot_ws/install/bumperbot_description/share/bumperbot_description/models/aws_robomaker_residential_PortraitD_01/materials
[1.627s] -- Installing: /home/wapush/AGV/bumperbot_ws/install/bumperbot_description/share/bumperbot_description/models/aws_robomaker_residential_PortraitD_01/materials/textures
[1.627s] -- Installing: /home/wapush/AGV/bumperbot_ws/install/bumperbot_description/share/bumperbot_description/models/aws_robomaker_residential_PortraitD_01/materials/textures/aws_PortraitD_01.png:Zone.Identifier
[1.627s] -- Installing: /home/wapush/AGV/bumperbot_ws/install/bumperbot_description/share/bumperbot_description/models/aws_robomaker_residential_PortraitD_01/materials/textures/aws_PortraitD_02.png
[1.629s] -- Installing: /home/wapush/AGV/bumperbot_ws/install/bumperbot_description/share/bumperbot_description/models/aws_robomaker_residential_PortraitD_01/materials/textures/PortraitD_01.jpg:Zone.Identifier
[1.629s] -- Installing: /home/wapush/AGV/bumperbot_ws/install/bumperbot_description/share/bumperbot_description/models/aws_robomaker_residential_PortraitD_01/materials/textures/PortraitD_01.jpg
[1.630s] -- Installing: /home/wapush/AGV/bumperbot_ws/install/bumperbot_description/share/bumperbot_description/models/aws_robomaker_residential_PortraitD_01/materials/textures/aws_PortraitD_02.png:Zone.Identifier
[1.630s] -- Installing: /home/wapush/AGV/bumperbot_ws/install/bumperbot_description/share/bumperbot_description/models/aws_robomaker_residential_PortraitD_01/materials/textures/aws_PortraitD_01.png
[1.630s] -- Installing: /home/wapush/AGV/bumperbot_ws/install/bumperbot_description/share/bumperbot_description/models/aws_robomaker_residential_PortraitD_01/model.config
[1.630s] -- Installing: /home/wapush/AGV/bumperbot_ws/install/bumperbot_description/share/bumperbot_description/models/aws_robomaker_residential_PortraitD_01/model.sdf
[1.630s] -- Installing: /home/wapush/AGV/bumperbot_ws/install/bumperbot_description/share/bumperbot_description/models/aws_robomaker_residential_PortraitD_01/meshes
[1.630s] -- Installing: /home/wapush/AGV/bumperbot_ws/install/bumperbot_description/share/bumperbot_description/models/aws_robomaker_residential_PortraitD_01/meshes/aws_PortraitD_01_visual.DAE:Zone.Identifier
[1.630s] -- Installing: /home/wapush/AGV/bumperbot_ws/install/bumperbot_description/share/bumperbot_description/models/aws_robomaker_residential_PortraitD_01/meshes/aws_PortraitD_01_collision.DAE
[1.630s] -- Installing: /home/wapush/AGV/bumperbot_ws/install/bumperbot_description/share/bumperbot_description/models/aws_robomaker_residential_PortraitD_01/meshes/aws_PortraitD_01_collision.DAE:Zone.Identifier
[1.631s] -- Installing: /home/wapush/AGV/bumperbot_ws/install/bumperbot_description/share/bumperbot_description/models/aws_robomaker_residential_PortraitD_01/meshes/aws_PortraitD_01_visual.DAE
[1.631s] -- Installing: /home/wapush/AGV/bumperbot_ws/install/bumperbot_description/share/bumperbot_description/models/aws_robomaker_residential_RoomWall_01
[1.631s] -- Installing: /home/wapush/AGV/bumperbot_ws/install/bumperbot_description/share/bumperbot_description/models/aws_robomaker_residential_RoomWall_01/model.sdf:Zone.Identifier
[1.631s] -- Installing: /home/wapush/AGV/bumperbot_ws/install/bumperbot_description/share/bumperbot_description/models/aws_robomaker_residential_RoomWall_01/model.config:Zone.Identifier
[1.631s] -- Installing: /home/wapush/AGV/bumperbot_ws/install/bumperbot_description/share/bumperbot_description/models/aws_robomaker_residential_RoomWall_01/materials
[1.631s] -- Installing: /home/wapush/AGV/bumperbot_ws/install/bumperbot_description/share/bumperbot_description/models/aws_robomaker_residential_RoomWall_01/materials/textures
[1.631s] -- Installing: /home/wapush/AGV/bumperbot_ws/install/bumperbot_description/share/bumperbot_description/models/aws_robomaker_residential_RoomWall_01/materials/textures/aws_RoomWall_01.png:Zone.Identifier
[1.631s] -- Installing: /home/wapush/AGV/bumperbot_ws/install/bumperbot_description/share/bumperbot_description/models/aws_robomaker_residential_RoomWall_01/materials/textures/aws_RoomWall_01.png
[1.639s] -- Installing: /home/wapush/AGV/bumperbot_ws/install/bumperbot_description/share/bumperbot_description/models/aws_robomaker_residential_RoomWall_01/model.config
[1.639s] -- Installing: /home/wapush/AGV/bumperbot_ws/install/bumperbot_description/share/bumperbot_description/models/aws_robomaker_residential_RoomWall_01/model.sdf
[1.639s] -- Installing: /home/wapush/AGV/bumperbot_ws/install/bumperbot_description/share/bumperbot_description/models/aws_robomaker_residential_RoomWall_01/meshes
[1.640s] -- Installing: /home/wapush/AGV/bumperbot_ws/install/bumperbot_description/share/bumperbot_description/models/aws_robomaker_residential_RoomWall_01/meshes/aws_RoomWall_01_visual.DAE
[1.640s] -- Installing: /home/wapush/AGV/bumperbot_ws/install/bumperbot_description/share/bumperbot_description/models/aws_robomaker_residential_RoomWall_01/meshes/aws_RoomWall_01_collision.DAE
[1.640s] -- Installing: /home/wapush/AGV/bumperbot_ws/install/bumperbot_description/share/bumperbot_description/models/aws_robomaker_residential_RoomWall_01/meshes/aws_RoomWall_01_visual.DAE:Zone.Identifier
[1.640s] -- Installing: /home/wapush/AGV/bumperbot_ws/install/bumperbot_description/share/bumperbot_description/models/aws_robomaker_residential_RoomWall_01/meshes/aws_RoomWall_01_collision.DAE:Zone.Identifier
[1.640s] -- Installing: /home/wapush/AGV/bumperbot_ws/install/bumperbot_description/share/bumperbot_description/worlds
[1.640s] -- Installing: /home/wapush/AGV/bumperbot_ws/install/bumperbot_description/share/bumperbot_description/worlds/sonoma_raceway.world
[1.640s] -- Installing: /home/wapush/AGV/bumperbot_ws/install/bumperbot_description/share/bumperbot_description/worlds/willowgarage.world
[1.640s] -- Installing: /home/wapush/AGV/bumperbot_ws/install/bumperbot_description/share/bumperbot_description/worlds/small_house.world
[1.640s] -- Installing: /home/wapush/AGV/bumperbot_ws/install/bumperbot_description/share/bumperbot_description/worlds/willowgarage.world:Zone.Identifier
[1.640s] -- Installing: /home/wapush/AGV/bumperbot_ws/install/bumperbot_description/share/bumperbot_description/worlds/small_house.world:Zone.Identifier
[1.640s] -- Installing: /home/wapush/AGV/bumperbot_ws/install/bumperbot_description/share/ament_index/resource_index/package_run_dependencies/bumperbot_description
[1.640s] -- Installing: /home/wapush/AGV/bumperbot_ws/install/bumperbot_description/share/ament_index/resource_index/parent_prefix_path/bumperbot_description
[1.641s] -- Installing: /home/wapush/AGV/bumperbot_ws/install/bumperbot_description/share/bumperbot_description/environment/ament_prefix_path.sh
[1.641s] -- Installing: /home/wapush/AGV/bumperbot_ws/install/bumperbot_description/share/bumperbot_description/environment/ament_prefix_path.dsv
[1.641s] -- Installing: /home/wapush/AGV/bumperbot_ws/install/bumperbot_description/share/bumperbot_description/environment/path.sh
[1.641s] -- Installing: /home/wapush/AGV/bumperbot_ws/install/bumperbot_description/share/bumperbot_description/environment/path.dsv
[1.641s] -- Installing: /home/wapush/AGV/bumperbot_ws/install/bumperbot_description/share/bumperbot_description/local_setup.bash
[1.641s] -- Installing: /home/wapush/AGV/bumperbot_ws/install/bumperbot_description/share/bumperbot_description/local_setup.sh
[1.642s] -- Installing: /home/wapush/AGV/bumperbot_ws/install/bumperbot_description/share/bumperbot_description/local_setup.zsh
[1.642s] -- Installing: /home/wapush/AGV/bumperbot_ws/install/bumperbot_description/share/bumperbot_description/local_setup.dsv
[1.642s] -- Installing: /home/wapush/AGV/bumperbot_ws/install/bumperbot_description/share/bumperbot_description/package.dsv
[1.642s] -- Installing: /home/wapush/AGV/bumperbot_ws/install/bumperbot_description/share/ament_index/resource_index/packages/bumperbot_description
[1.642s] -- Installing: /home/wapush/AGV/bumperbot_ws/install/bumperbot_description/share/bumperbot_description/cmake/bumperbot_descriptionConfig.cmake
[1.642s] -- Installing: /home/wapush/AGV/bumperbot_ws/install/bumperbot_description/share/bumperbot_description/cmake/bumperbot_descriptionConfig-version.cmake
[1.642s] -- Installing: /home/wapush/AGV/bumperbot_ws/install/bumperbot_description/share/bumperbot_description/package.xml
[1.645s] Invoked command in '/home/wapush/AGV/bumperbot_ws/build/bumperbot_description' returned '0': CMAKE_PREFIX_PATH=/opt/ros/humble /usr/bin/cmake --install /home/wapush/AGV/bumperbot_ws/build/bumperbot_description
