[0.278s] DEBUG:colcon:Command line arguments: ['/usr/bin/colcon', 'build']
[0.278s] DEBUG:colcon:Parsed command line arguments: Namespace(log_base=None, log_level=None, verb_name='build', build_base='build', install_base='install', merge_install=False, symlink_install=False, test_result_base=None, continue_on_error=False, executor='parallel', parallel_workers=20, event_handlers=None, ignore_user_meta=False, metas=['./colcon.meta'], base_paths=['.'], packages_ignore=None, packages_ignore_regex=None, paths=None, packages_up_to=None, packages_up_to_regex=None, packages_above=None, packages_above_and_dependencies=None, packages_above_depth=None, packages_select_by_dep=None, packages_skip_by_dep=None, packages_skip_up_to=None, packages_select_build_failed=False, packages_skip_build_finished=False, packages_select_test_failures=False, packages_skip_test_passed=False, packages_select=None, packages_skip=None, packages_select_regex=None, packages_skip_regex=None, packages_start=None, packages_end=None, allow_overriding=[], cmake_args=None, cmake_target=None, cmake_target_skip_unavailable=False, cmake_clean_cache=False, cmake_clean_first=False, cmake_force_configure=False, ament_cmake_args=None, catkin_cmake_args=None, catkin_skip_building_tests=False, mixin_files=None, mixin=None, verb_parser=<colcon_mixin.mixin.mixin_argument.MixinArgumentDecorator object at 0x7f77d47792a0>, verb_extension=<colcon_core.verb.build.BuildVerb object at 0x7f77d490a230>, main=<bound method BuildVerb.main of <colcon_core.verb.build.BuildVerb object at 0x7f77d490a230>>, mixin_verb=('build',))
[0.564s] Level 1:colcon.colcon_core.package_discovery:discover_packages(colcon_meta) check parameters
[0.564s] Level 1:colcon.colcon_core.package_discovery:discover_packages(recursive) check parameters
[0.564s] Level 1:colcon.colcon_core.package_discovery:discover_packages(ignore) check parameters
[0.564s] Level 1:colcon.colcon_core.package_discovery:discover_packages(path) check parameters
[0.564s] Level 1:colcon.colcon_core.package_discovery:discover_packages(colcon_meta) discover
[0.564s] Level 1:colcon.colcon_core.package_discovery:discover_packages(recursive) discover
[0.564s] INFO:colcon.colcon_core.package_discovery:Crawling recursively for packages in '/home/wapush/AGV/bumperbot_ws'
[0.565s] Level 1:colcon.colcon_core.package_identification:_identify(.) by extensions ['ignore', 'ignore_ament_install']
[0.565s] Level 1:colcon.colcon_core.package_identification:_identify(.) by extension 'ignore'
[0.565s] Level 1:colcon.colcon_core.package_identification:_identify(.) by extension 'ignore_ament_install'
[0.565s] Level 1:colcon.colcon_core.package_identification:_identify(.) by extensions ['colcon_pkg']
[0.565s] Level 1:colcon.colcon_core.package_identification:_identify(.) by extension 'colcon_pkg'
[0.565s] Level 1:colcon.colcon_core.package_identification:_identify(.) by extensions ['colcon_meta']
[0.565s] Level 1:colcon.colcon_core.package_identification:_identify(.) by extension 'colcon_meta'
[0.565s] Level 1:colcon.colcon_core.package_identification:_identify(.) by extensions ['ros']
[0.565s] Level 1:colcon.colcon_core.package_identification:_identify(.) by extension 'ros'
[0.575s] Level 1:colcon.colcon_core.package_identification:_identify(.) by extensions ['cmake', 'python']
[0.575s] Level 1:colcon.colcon_core.package_identification:_identify(.) by extension 'cmake'
[0.575s] Level 1:colcon.colcon_core.package_identification:_identify(.) by extension 'python'
[0.575s] Level 1:colcon.colcon_core.package_identification:_identify(.) by extensions ['python_setup_py']
[0.575s] Level 1:colcon.colcon_core.package_identification:_identify(.) by extension 'python_setup_py'
[0.575s] Level 1:colcon.colcon_core.package_identification:_identify(build) by extensions ['ignore', 'ignore_ament_install']
[0.575s] Level 1:colcon.colcon_core.package_identification:_identify(build) by extension 'ignore'
[0.575s] Level 1:colcon.colcon_core.package_identification:_identify(build) ignored
[0.576s] Level 1:colcon.colcon_core.package_identification:_identify(install) by extensions ['ignore', 'ignore_ament_install']
[0.576s] Level 1:colcon.colcon_core.package_identification:_identify(install) by extension 'ignore'
[0.576s] Level 1:colcon.colcon_core.package_identification:_identify(install) ignored
[0.576s] Level 1:colcon.colcon_core.package_identification:_identify(log) by extensions ['ignore', 'ignore_ament_install']
[0.576s] Level 1:colcon.colcon_core.package_identification:_identify(log) by extension 'ignore'
[0.576s] Level 1:colcon.colcon_core.package_identification:_identify(log) ignored
[0.576s] Level 1:colcon.colcon_core.package_identification:_identify(src) by extensions ['ignore', 'ignore_ament_install']
[0.576s] Level 1:colcon.colcon_core.package_identification:_identify(src) by extension 'ignore'
[0.576s] Level 1:colcon.colcon_core.package_identification:_identify(src) by extension 'ignore_ament_install'
[0.576s] Level 1:colcon.colcon_core.package_identification:_identify(src) by extensions ['colcon_pkg']
[0.576s] Level 1:colcon.colcon_core.package_identification:_identify(src) by extension 'colcon_pkg'
[0.576s] Level 1:colcon.colcon_core.package_identification:_identify(src) by extensions ['colcon_meta']
[0.576s] Level 1:colcon.colcon_core.package_identification:_identify(src) by extension 'colcon_meta'
[0.576s] Level 1:colcon.colcon_core.package_identification:_identify(src) by extensions ['ros']
[0.576s] Level 1:colcon.colcon_core.package_identification:_identify(src) by extension 'ros'
[0.576s] Level 1:colcon.colcon_core.package_identification:_identify(src) by extensions ['cmake', 'python']
[0.576s] Level 1:colcon.colcon_core.package_identification:_identify(src) by extension 'cmake'
[0.576s] Level 1:colcon.colcon_core.package_identification:_identify(src) by extension 'python'
[0.576s] Level 1:colcon.colcon_core.package_identification:_identify(src) by extensions ['python_setup_py']
[0.576s] Level 1:colcon.colcon_core.package_identification:_identify(src) by extension 'python_setup_py'
[0.576s] Level 1:colcon.colcon_core.package_identification:_identify(src/bumperbot_bringup) by extensions ['ignore', 'ignore_ament_install']
[0.576s] Level 1:colcon.colcon_core.package_identification:_identify(src/bumperbot_bringup) by extension 'ignore'
[0.576s] Level 1:colcon.colcon_core.package_identification:_identify(src/bumperbot_bringup) by extension 'ignore_ament_install'
[0.576s] Level 1:colcon.colcon_core.package_identification:_identify(src/bumperbot_bringup) by extensions ['colcon_pkg']
[0.576s] Level 1:colcon.colcon_core.package_identification:_identify(src/bumperbot_bringup) by extension 'colcon_pkg'
[0.576s] Level 1:colcon.colcon_core.package_identification:_identify(src/bumperbot_bringup) by extensions ['colcon_meta']
[0.576s] Level 1:colcon.colcon_core.package_identification:_identify(src/bumperbot_bringup) by extension 'colcon_meta'
[0.576s] Level 1:colcon.colcon_core.package_identification:_identify(src/bumperbot_bringup) by extensions ['ros']
[0.577s] Level 1:colcon.colcon_core.package_identification:_identify(src/bumperbot_bringup) by extension 'ros'
[0.580s] DEBUG:colcon.colcon_core.package_identification:Package 'src/bumperbot_bringup' with type 'ros.ament_cmake' and name 'bumperbot_bringup'
[0.580s] Level 1:colcon.colcon_core.package_identification:_identify(src/bumperbot_controller) by extensions ['ignore', 'ignore_ament_install']
[0.580s] Level 1:colcon.colcon_core.package_identification:_identify(src/bumperbot_controller) by extension 'ignore'
[0.580s] Level 1:colcon.colcon_core.package_identification:_identify(src/bumperbot_controller) by extension 'ignore_ament_install'
[0.580s] Level 1:colcon.colcon_core.package_identification:_identify(src/bumperbot_controller) by extensions ['colcon_pkg']
[0.580s] Level 1:colcon.colcon_core.package_identification:_identify(src/bumperbot_controller) by extension 'colcon_pkg'
[0.580s] Level 1:colcon.colcon_core.package_identification:_identify(src/bumperbot_controller) by extensions ['colcon_meta']
[0.580s] Level 1:colcon.colcon_core.package_identification:_identify(src/bumperbot_controller) by extension 'colcon_meta'
[0.580s] Level 1:colcon.colcon_core.package_identification:_identify(src/bumperbot_controller) by extensions ['ros']
[0.580s] Level 1:colcon.colcon_core.package_identification:_identify(src/bumperbot_controller) by extension 'ros'
[0.582s] DEBUG:colcon.colcon_core.package_identification:Package 'src/bumperbot_controller' with type 'ros.ament_cmake' and name 'bumperbot_controller'
[0.582s] Level 1:colcon.colcon_core.package_identification:_identify(src/bumperbot_cpp_examples) by extensions ['ignore', 'ignore_ament_install']
[0.582s] Level 1:colcon.colcon_core.package_identification:_identify(src/bumperbot_cpp_examples) by extension 'ignore'
[0.582s] Level 1:colcon.colcon_core.package_identification:_identify(src/bumperbot_cpp_examples) by extension 'ignore_ament_install'
[0.582s] Level 1:colcon.colcon_core.package_identification:_identify(src/bumperbot_cpp_examples) by extensions ['colcon_pkg']
[0.582s] Level 1:colcon.colcon_core.package_identification:_identify(src/bumperbot_cpp_examples) by extension 'colcon_pkg'
[0.582s] Level 1:colcon.colcon_core.package_identification:_identify(src/bumperbot_cpp_examples) by extensions ['colcon_meta']
[0.582s] Level 1:colcon.colcon_core.package_identification:_identify(src/bumperbot_cpp_examples) by extension 'colcon_meta'
[0.582s] Level 1:colcon.colcon_core.package_identification:_identify(src/bumperbot_cpp_examples) by extensions ['ros']
[0.582s] Level 1:colcon.colcon_core.package_identification:_identify(src/bumperbot_cpp_examples) by extension 'ros'
[0.583s] DEBUG:colcon.colcon_core.package_identification:Package 'src/bumperbot_cpp_examples' with type 'ros.ament_cmake' and name 'bumperbot_cpp_examples'
[0.583s] Level 1:colcon.colcon_core.package_identification:_identify(src/bumperbot_description) by extensions ['ignore', 'ignore_ament_install']
[0.583s] Level 1:colcon.colcon_core.package_identification:_identify(src/bumperbot_description) by extension 'ignore'
[0.583s] Level 1:colcon.colcon_core.package_identification:_identify(src/bumperbot_description) by extension 'ignore_ament_install'
[0.583s] Level 1:colcon.colcon_core.package_identification:_identify(src/bumperbot_description) by extensions ['colcon_pkg']
[0.583s] Level 1:colcon.colcon_core.package_identification:_identify(src/bumperbot_description) by extension 'colcon_pkg'
[0.583s] Level 1:colcon.colcon_core.package_identification:_identify(src/bumperbot_description) by extensions ['colcon_meta']
[0.583s] Level 1:colcon.colcon_core.package_identification:_identify(src/bumperbot_description) by extension 'colcon_meta'
[0.583s] Level 1:colcon.colcon_core.package_identification:_identify(src/bumperbot_description) by extensions ['ros']
[0.583s] Level 1:colcon.colcon_core.package_identification:_identify(src/bumperbot_description) by extension 'ros'
[0.585s] DEBUG:colcon.colcon_core.package_identification:Package 'src/bumperbot_description' with type 'ros.ament_cmake' and name 'bumperbot_description'
[0.585s] Level 1:colcon.colcon_core.package_identification:_identify(src/bumperbot_firmware) by extensions ['ignore', 'ignore_ament_install']
[0.585s] Level 1:colcon.colcon_core.package_identification:_identify(src/bumperbot_firmware) by extension 'ignore'
[0.585s] Level 1:colcon.colcon_core.package_identification:_identify(src/bumperbot_firmware) by extension 'ignore_ament_install'
[0.585s] Level 1:colcon.colcon_core.package_identification:_identify(src/bumperbot_firmware) by extensions ['colcon_pkg']
[0.585s] Level 1:colcon.colcon_core.package_identification:_identify(src/bumperbot_firmware) by extension 'colcon_pkg'
[0.585s] Level 1:colcon.colcon_core.package_identification:_identify(src/bumperbot_firmware) by extensions ['colcon_meta']
[0.585s] Level 1:colcon.colcon_core.package_identification:_identify(src/bumperbot_firmware) by extension 'colcon_meta'
[0.585s] Level 1:colcon.colcon_core.package_identification:_identify(src/bumperbot_firmware) by extensions ['ros']
[0.585s] Level 1:colcon.colcon_core.package_identification:_identify(src/bumperbot_firmware) by extension 'ros'
[0.586s] DEBUG:colcon.colcon_core.package_identification:Package 'src/bumperbot_firmware' with type 'ros.ament_cmake' and name 'bumperbot_firmware'
[0.586s] Level 1:colcon.colcon_core.package_identification:_identify(src/bumperbot_localization) by extensions ['ignore', 'ignore_ament_install']
[0.587s] Level 1:colcon.colcon_core.package_identification:_identify(src/bumperbot_localization) by extension 'ignore'
[0.587s] Level 1:colcon.colcon_core.package_identification:_identify(src/bumperbot_localization) by extension 'ignore_ament_install'
[0.587s] Level 1:colcon.colcon_core.package_identification:_identify(src/bumperbot_localization) by extensions ['colcon_pkg']
[0.587s] Level 1:colcon.colcon_core.package_identification:_identify(src/bumperbot_localization) by extension 'colcon_pkg'
[0.587s] Level 1:colcon.colcon_core.package_identification:_identify(src/bumperbot_localization) by extensions ['colcon_meta']
[0.587s] Level 1:colcon.colcon_core.package_identification:_identify(src/bumperbot_localization) by extension 'colcon_meta'
[0.587s] Level 1:colcon.colcon_core.package_identification:_identify(src/bumperbot_localization) by extensions ['ros']
[0.587s] Level 1:colcon.colcon_core.package_identification:_identify(src/bumperbot_localization) by extension 'ros'
[0.587s] DEBUG:colcon.colcon_core.package_identification:Package 'src/bumperbot_localization' with type 'ros.ament_cmake' and name 'bumperbot_localization'
[0.588s] Level 1:colcon.colcon_core.package_identification:_identify(src/bumperbot_mapping) by extensions ['ignore', 'ignore_ament_install']
[0.588s] Level 1:colcon.colcon_core.package_identification:_identify(src/bumperbot_mapping) by extension 'ignore'
[0.588s] Level 1:colcon.colcon_core.package_identification:_identify(src/bumperbot_mapping) by extension 'ignore_ament_install'
[0.588s] Level 1:colcon.colcon_core.package_identification:_identify(src/bumperbot_mapping) by extensions ['colcon_pkg']
[0.588s] Level 1:colcon.colcon_core.package_identification:_identify(src/bumperbot_mapping) by extension 'colcon_pkg'
[0.588s] Level 1:colcon.colcon_core.package_identification:_identify(src/bumperbot_mapping) by extensions ['colcon_meta']
[0.588s] Level 1:colcon.colcon_core.package_identification:_identify(src/bumperbot_mapping) by extension 'colcon_meta'
[0.588s] Level 1:colcon.colcon_core.package_identification:_identify(src/bumperbot_mapping) by extensions ['ros']
[0.588s] Level 1:colcon.colcon_core.package_identification:_identify(src/bumperbot_mapping) by extension 'ros'
[0.589s] DEBUG:colcon.colcon_core.package_identification:Package 'src/bumperbot_mapping' with type 'ros.ament_cmake' and name 'bumperbot_mapping'
[0.589s] Level 1:colcon.colcon_core.package_identification:_identify(src/bumperbot_py_examples) by extensions ['ignore', 'ignore_ament_install']
[0.589s] Level 1:colcon.colcon_core.package_identification:_identify(src/bumperbot_py_examples) by extension 'ignore'
[0.589s] Level 1:colcon.colcon_core.package_identification:_identify(src/bumperbot_py_examples) by extension 'ignore_ament_install'
[0.589s] Level 1:colcon.colcon_core.package_identification:_identify(src/bumperbot_py_examples) by extensions ['colcon_pkg']
[0.589s] Level 1:colcon.colcon_core.package_identification:_identify(src/bumperbot_py_examples) by extension 'colcon_pkg'
[0.589s] Level 1:colcon.colcon_core.package_identification:_identify(src/bumperbot_py_examples) by extensions ['colcon_meta']
[0.589s] Level 1:colcon.colcon_core.package_identification:_identify(src/bumperbot_py_examples) by extension 'colcon_meta'
[0.589s] Level 1:colcon.colcon_core.package_identification:_identify(src/bumperbot_py_examples) by extensions ['ros']
[0.589s] Level 1:colcon.colcon_core.package_identification:_identify(src/bumperbot_py_examples) by extension 'ros'
[0.590s] DEBUG:colcon.colcon_core.package_identification:Package 'src/bumperbot_py_examples' with type 'ros.ament_python' and name 'bumperbot_py_examples'
[0.590s] Level 1:colcon.colcon_core.package_identification:_identify(src/bumperbot_utils) by extensions ['ignore', 'ignore_ament_install']
[0.590s] Level 1:colcon.colcon_core.package_identification:_identify(src/bumperbot_utils) by extension 'ignore'
[0.590s] Level 1:colcon.colcon_core.package_identification:_identify(src/bumperbot_utils) by extension 'ignore_ament_install'
[0.590s] Level 1:colcon.colcon_core.package_identification:_identify(src/bumperbot_utils) by extensions ['colcon_pkg']
[0.590s] Level 1:colcon.colcon_core.package_identification:_identify(src/bumperbot_utils) by extension 'colcon_pkg'
[0.590s] Level 1:colcon.colcon_core.package_identification:_identify(src/bumperbot_utils) by extensions ['colcon_meta']
[0.590s] Level 1:colcon.colcon_core.package_identification:_identify(src/bumperbot_utils) by extension 'colcon_meta'
[0.590s] Level 1:colcon.colcon_core.package_identification:_identify(src/bumperbot_utils) by extensions ['ros']
[0.590s] Level 1:colcon.colcon_core.package_identification:_identify(src/bumperbot_utils) by extension 'ros'
[0.591s] DEBUG:colcon.colcon_core.package_identification:Package 'src/bumperbot_utils' with type 'ros.ament_cmake' and name 'bumperbot_utils'
[0.591s] Level 1:colcon.colcon_core.package_identification:_identify(src/nav2_straightline_planner) by extensions ['ignore', 'ignore_ament_install']
[0.591s] Level 1:colcon.colcon_core.package_identification:_identify(src/nav2_straightline_planner) by extension 'ignore'
[0.591s] Level 1:colcon.colcon_core.package_identification:_identify(src/nav2_straightline_planner) by extension 'ignore_ament_install'
[0.591s] Level 1:colcon.colcon_core.package_identification:_identify(src/nav2_straightline_planner) by extensions ['colcon_pkg']
[0.591s] Level 1:colcon.colcon_core.package_identification:_identify(src/nav2_straightline_planner) by extension 'colcon_pkg'
[0.591s] Level 1:colcon.colcon_core.package_identification:_identify(src/nav2_straightline_planner) by extensions ['colcon_meta']
[0.591s] Level 1:colcon.colcon_core.package_identification:_identify(src/nav2_straightline_planner) by extension 'colcon_meta'
[0.591s] Level 1:colcon.colcon_core.package_identification:_identify(src/nav2_straightline_planner) by extensions ['ros']
[0.591s] Level 1:colcon.colcon_core.package_identification:_identify(src/nav2_straightline_planner) by extension 'ros'
[0.599s] DEBUG:colcon.colcon_core.package_identification:Package 'src/nav2_straightline_planner' with type 'ros.ament_cmake' and name 'nav2_straightline_planner'
[0.599s] Level 1:colcon.colcon_core.package_discovery:discover_packages(recursive) using defaults
[0.599s] Level 1:colcon.colcon_core.package_discovery:discover_packages(ignore) discover
[0.599s] Level 1:colcon.colcon_core.package_discovery:discover_packages(ignore) using defaults
[0.599s] Level 1:colcon.colcon_core.package_discovery:discover_packages(path) discover
[0.599s] Level 1:colcon.colcon_core.package_discovery:discover_packages(path) using defaults
[0.625s] Level 1:colcon.colcon_core.package_discovery:discover_packages(prefix_path) check parameters
[0.625s] Level 1:colcon.colcon_core.package_discovery:discover_packages(prefix_path) discover
[0.630s] DEBUG:colcon.colcon_installed_package_information.package_discovery:Found 387 installed packages in /opt/ros/iron
[0.631s] Level 1:colcon.colcon_core.package_discovery:discover_packages(prefix_path) using defaults
[0.729s] Level 5:colcon.colcon_core.verb:set package 'bumperbot_bringup' build argument 'cmake_args' from command line to 'None'
[0.729s] Level 5:colcon.colcon_core.verb:set package 'bumperbot_bringup' build argument 'cmake_target' from command line to 'None'
[0.729s] Level 5:colcon.colcon_core.verb:set package 'bumperbot_bringup' build argument 'cmake_target_skip_unavailable' from command line to 'False'
[0.729s] Level 5:colcon.colcon_core.verb:set package 'bumperbot_bringup' build argument 'cmake_clean_cache' from command line to 'False'
[0.729s] Level 5:colcon.colcon_core.verb:set package 'bumperbot_bringup' build argument 'cmake_clean_first' from command line to 'False'
[0.729s] Level 5:colcon.colcon_core.verb:set package 'bumperbot_bringup' build argument 'cmake_force_configure' from command line to 'False'
[0.729s] Level 5:colcon.colcon_core.verb:set package 'bumperbot_bringup' build argument 'ament_cmake_args' from command line to 'None'
[0.729s] Level 5:colcon.colcon_core.verb:set package 'bumperbot_bringup' build argument 'catkin_cmake_args' from command line to 'None'
[0.729s] Level 5:colcon.colcon_core.verb:set package 'bumperbot_bringup' build argument 'catkin_skip_building_tests' from command line to 'False'
[0.729s] DEBUG:colcon.colcon_core.verb:Building package 'bumperbot_bringup' with the following arguments: {'ament_cmake_args': None, 'build_base': '/home/wapush/AGV/bumperbot_ws/build/bumperbot_bringup', 'catkin_cmake_args': None, 'catkin_skip_building_tests': False, 'cmake_args': None, 'cmake_clean_cache': False, 'cmake_clean_first': False, 'cmake_force_configure': False, 'cmake_target': None, 'cmake_target_skip_unavailable': False, 'install_base': '/home/wapush/AGV/bumperbot_ws/install/bumperbot_bringup', 'merge_install': False, 'path': '/home/wapush/AGV/bumperbot_ws/src/bumperbot_bringup', 'symlink_install': False, 'test_result_base': None}
[0.729s] Level 5:colcon.colcon_core.verb:set package 'bumperbot_controller' build argument 'cmake_args' from command line to 'None'
[0.729s] Level 5:colcon.colcon_core.verb:set package 'bumperbot_controller' build argument 'cmake_target' from command line to 'None'
[0.729s] Level 5:colcon.colcon_core.verb:set package 'bumperbot_controller' build argument 'cmake_target_skip_unavailable' from command line to 'False'
[0.729s] Level 5:colcon.colcon_core.verb:set package 'bumperbot_controller' build argument 'cmake_clean_cache' from command line to 'False'
[0.729s] Level 5:colcon.colcon_core.verb:set package 'bumperbot_controller' build argument 'cmake_clean_first' from command line to 'False'
[0.729s] Level 5:colcon.colcon_core.verb:set package 'bumperbot_controller' build argument 'cmake_force_configure' from command line to 'False'
[0.729s] Level 5:colcon.colcon_core.verb:set package 'bumperbot_controller' build argument 'ament_cmake_args' from command line to 'None'
[0.729s] Level 5:colcon.colcon_core.verb:set package 'bumperbot_controller' build argument 'catkin_cmake_args' from command line to 'None'
[0.729s] Level 5:colcon.colcon_core.verb:set package 'bumperbot_controller' build argument 'catkin_skip_building_tests' from command line to 'False'
[0.729s] DEBUG:colcon.colcon_core.verb:Building package 'bumperbot_controller' with the following arguments: {'ament_cmake_args': None, 'build_base': '/home/wapush/AGV/bumperbot_ws/build/bumperbot_controller', 'catkin_cmake_args': None, 'catkin_skip_building_tests': False, 'cmake_args': None, 'cmake_clean_cache': False, 'cmake_clean_first': False, 'cmake_force_configure': False, 'cmake_target': None, 'cmake_target_skip_unavailable': False, 'install_base': '/home/wapush/AGV/bumperbot_ws/install/bumperbot_controller', 'merge_install': False, 'path': '/home/wapush/AGV/bumperbot_ws/src/bumperbot_controller', 'symlink_install': False, 'test_result_base': None}
[0.730s] Level 5:colcon.colcon_core.verb:set package 'bumperbot_cpp_examples' build argument 'cmake_args' from command line to 'None'
[0.730s] Level 5:colcon.colcon_core.verb:set package 'bumperbot_cpp_examples' build argument 'cmake_target' from command line to 'None'
[0.730s] Level 5:colcon.colcon_core.verb:set package 'bumperbot_cpp_examples' build argument 'cmake_target_skip_unavailable' from command line to 'False'
[0.730s] Level 5:colcon.colcon_core.verb:set package 'bumperbot_cpp_examples' build argument 'cmake_clean_cache' from command line to 'False'
[0.730s] Level 5:colcon.colcon_core.verb:set package 'bumperbot_cpp_examples' build argument 'cmake_clean_first' from command line to 'False'
[0.730s] Level 5:colcon.colcon_core.verb:set package 'bumperbot_cpp_examples' build argument 'cmake_force_configure' from command line to 'False'
[0.730s] Level 5:colcon.colcon_core.verb:set package 'bumperbot_cpp_examples' build argument 'ament_cmake_args' from command line to 'None'
[0.730s] Level 5:colcon.colcon_core.verb:set package 'bumperbot_cpp_examples' build argument 'catkin_cmake_args' from command line to 'None'
[0.730s] Level 5:colcon.colcon_core.verb:set package 'bumperbot_cpp_examples' build argument 'catkin_skip_building_tests' from command line to 'False'
[0.730s] DEBUG:colcon.colcon_core.verb:Building package 'bumperbot_cpp_examples' with the following arguments: {'ament_cmake_args': None, 'build_base': '/home/wapush/AGV/bumperbot_ws/build/bumperbot_cpp_examples', 'catkin_cmake_args': None, 'catkin_skip_building_tests': False, 'cmake_args': None, 'cmake_clean_cache': False, 'cmake_clean_first': False, 'cmake_force_configure': False, 'cmake_target': None, 'cmake_target_skip_unavailable': False, 'install_base': '/home/wapush/AGV/bumperbot_ws/install/bumperbot_cpp_examples', 'merge_install': False, 'path': '/home/wapush/AGV/bumperbot_ws/src/bumperbot_cpp_examples', 'symlink_install': False, 'test_result_base': None}
[0.730s] Level 5:colcon.colcon_core.verb:set package 'bumperbot_description' build argument 'cmake_args' from command line to 'None'
[0.730s] Level 5:colcon.colcon_core.verb:set package 'bumperbot_description' build argument 'cmake_target' from command line to 'None'
[0.730s] Level 5:colcon.colcon_core.verb:set package 'bumperbot_description' build argument 'cmake_target_skip_unavailable' from command line to 'False'
[0.730s] Level 5:colcon.colcon_core.verb:set package 'bumperbot_description' build argument 'cmake_clean_cache' from command line to 'False'
[0.730s] Level 5:colcon.colcon_core.verb:set package 'bumperbot_description' build argument 'cmake_clean_first' from command line to 'False'
[0.730s] Level 5:colcon.colcon_core.verb:set package 'bumperbot_description' build argument 'cmake_force_configure' from command line to 'False'
[0.730s] Level 5:colcon.colcon_core.verb:set package 'bumperbot_description' build argument 'ament_cmake_args' from command line to 'None'
[0.730s] Level 5:colcon.colcon_core.verb:set package 'bumperbot_description' build argument 'catkin_cmake_args' from command line to 'None'
[0.730s] Level 5:colcon.colcon_core.verb:set package 'bumperbot_description' build argument 'catkin_skip_building_tests' from command line to 'False'
[0.730s] DEBUG:colcon.colcon_core.verb:Building package 'bumperbot_description' with the following arguments: {'ament_cmake_args': None, 'build_base': '/home/wapush/AGV/bumperbot_ws/build/bumperbot_description', 'catkin_cmake_args': None, 'catkin_skip_building_tests': False, 'cmake_args': None, 'cmake_clean_cache': False, 'cmake_clean_first': False, 'cmake_force_configure': False, 'cmake_target': None, 'cmake_target_skip_unavailable': False, 'install_base': '/home/wapush/AGV/bumperbot_ws/install/bumperbot_description', 'merge_install': False, 'path': '/home/wapush/AGV/bumperbot_ws/src/bumperbot_description', 'symlink_install': False, 'test_result_base': None}
[0.730s] Level 5:colcon.colcon_core.verb:set package 'bumperbot_firmware' build argument 'cmake_args' from command line to 'None'
[0.730s] Level 5:colcon.colcon_core.verb:set package 'bumperbot_firmware' build argument 'cmake_target' from command line to 'None'
[0.730s] Level 5:colcon.colcon_core.verb:set package 'bumperbot_firmware' build argument 'cmake_target_skip_unavailable' from command line to 'False'
[0.730s] Level 5:colcon.colcon_core.verb:set package 'bumperbot_firmware' build argument 'cmake_clean_cache' from command line to 'False'
[0.730s] Level 5:colcon.colcon_core.verb:set package 'bumperbot_firmware' build argument 'cmake_clean_first' from command line to 'False'
[0.730s] Level 5:colcon.colcon_core.verb:set package 'bumperbot_firmware' build argument 'cmake_force_configure' from command line to 'False'
[0.730s] Level 5:colcon.colcon_core.verb:set package 'bumperbot_firmware' build argument 'ament_cmake_args' from command line to 'None'
[0.730s] Level 5:colcon.colcon_core.verb:set package 'bumperbot_firmware' build argument 'catkin_cmake_args' from command line to 'None'
[0.730s] Level 5:colcon.colcon_core.verb:set package 'bumperbot_firmware' build argument 'catkin_skip_building_tests' from command line to 'False'
[0.730s] DEBUG:colcon.colcon_core.verb:Building package 'bumperbot_firmware' with the following arguments: {'ament_cmake_args': None, 'build_base': '/home/wapush/AGV/bumperbot_ws/build/bumperbot_firmware', 'catkin_cmake_args': None, 'catkin_skip_building_tests': False, 'cmake_args': None, 'cmake_clean_cache': False, 'cmake_clean_first': False, 'cmake_force_configure': False, 'cmake_target': None, 'cmake_target_skip_unavailable': False, 'install_base': '/home/wapush/AGV/bumperbot_ws/install/bumperbot_firmware', 'merge_install': False, 'path': '/home/wapush/AGV/bumperbot_ws/src/bumperbot_firmware', 'symlink_install': False, 'test_result_base': None}
[0.731s] Level 5:colcon.colcon_core.verb:set package 'bumperbot_localization' build argument 'cmake_args' from command line to 'None'
[0.731s] Level 5:colcon.colcon_core.verb:set package 'bumperbot_localization' build argument 'cmake_target' from command line to 'None'
[0.731s] Level 5:colcon.colcon_core.verb:set package 'bumperbot_localization' build argument 'cmake_target_skip_unavailable' from command line to 'False'
[0.731s] Level 5:colcon.colcon_core.verb:set package 'bumperbot_localization' build argument 'cmake_clean_cache' from command line to 'False'
[0.731s] Level 5:colcon.colcon_core.verb:set package 'bumperbot_localization' build argument 'cmake_clean_first' from command line to 'False'
[0.731s] Level 5:colcon.colcon_core.verb:set package 'bumperbot_localization' build argument 'cmake_force_configure' from command line to 'False'
[0.731s] Level 5:colcon.colcon_core.verb:set package 'bumperbot_localization' build argument 'ament_cmake_args' from command line to 'None'
[0.731s] Level 5:colcon.colcon_core.verb:set package 'bumperbot_localization' build argument 'catkin_cmake_args' from command line to 'None'
[0.731s] Level 5:colcon.colcon_core.verb:set package 'bumperbot_localization' build argument 'catkin_skip_building_tests' from command line to 'False'
[0.731s] DEBUG:colcon.colcon_core.verb:Building package 'bumperbot_localization' with the following arguments: {'ament_cmake_args': None, 'build_base': '/home/wapush/AGV/bumperbot_ws/build/bumperbot_localization', 'catkin_cmake_args': None, 'catkin_skip_building_tests': False, 'cmake_args': None, 'cmake_clean_cache': False, 'cmake_clean_first': False, 'cmake_force_configure': False, 'cmake_target': None, 'cmake_target_skip_unavailable': False, 'install_base': '/home/wapush/AGV/bumperbot_ws/install/bumperbot_localization', 'merge_install': False, 'path': '/home/wapush/AGV/bumperbot_ws/src/bumperbot_localization', 'symlink_install': False, 'test_result_base': None}
[0.731s] Level 5:colcon.colcon_core.verb:set package 'bumperbot_mapping' build argument 'cmake_args' from command line to 'None'
[0.731s] Level 5:colcon.colcon_core.verb:set package 'bumperbot_mapping' build argument 'cmake_target' from command line to 'None'
[0.731s] Level 5:colcon.colcon_core.verb:set package 'bumperbot_mapping' build argument 'cmake_target_skip_unavailable' from command line to 'False'
[0.731s] Level 5:colcon.colcon_core.verb:set package 'bumperbot_mapping' build argument 'cmake_clean_cache' from command line to 'False'
[0.731s] Level 5:colcon.colcon_core.verb:set package 'bumperbot_mapping' build argument 'cmake_clean_first' from command line to 'False'
[0.731s] Level 5:colcon.colcon_core.verb:set package 'bumperbot_mapping' build argument 'cmake_force_configure' from command line to 'False'
[0.731s] Level 5:colcon.colcon_core.verb:set package 'bumperbot_mapping' build argument 'ament_cmake_args' from command line to 'None'
[0.731s] Level 5:colcon.colcon_core.verb:set package 'bumperbot_mapping' build argument 'catkin_cmake_args' from command line to 'None'
[0.731s] Level 5:colcon.colcon_core.verb:set package 'bumperbot_mapping' build argument 'catkin_skip_building_tests' from command line to 'False'
[0.731s] DEBUG:colcon.colcon_core.verb:Building package 'bumperbot_mapping' with the following arguments: {'ament_cmake_args': None, 'build_base': '/home/wapush/AGV/bumperbot_ws/build/bumperbot_mapping', 'catkin_cmake_args': None, 'catkin_skip_building_tests': False, 'cmake_args': None, 'cmake_clean_cache': False, 'cmake_clean_first': False, 'cmake_force_configure': False, 'cmake_target': None, 'cmake_target_skip_unavailable': False, 'install_base': '/home/wapush/AGV/bumperbot_ws/install/bumperbot_mapping', 'merge_install': False, 'path': '/home/wapush/AGV/bumperbot_ws/src/bumperbot_mapping', 'symlink_install': False, 'test_result_base': None}
[0.731s] Level 5:colcon.colcon_core.verb:set package 'bumperbot_py_examples' build argument 'cmake_args' from command line to 'None'
[0.731s] Level 5:colcon.colcon_core.verb:set package 'bumperbot_py_examples' build argument 'cmake_target' from command line to 'None'
[0.731s] Level 5:colcon.colcon_core.verb:set package 'bumperbot_py_examples' build argument 'cmake_target_skip_unavailable' from command line to 'False'
[0.731s] Level 5:colcon.colcon_core.verb:set package 'bumperbot_py_examples' build argument 'cmake_clean_cache' from command line to 'False'
[0.731s] Level 5:colcon.colcon_core.verb:set package 'bumperbot_py_examples' build argument 'cmake_clean_first' from command line to 'False'
[0.731s] Level 5:colcon.colcon_core.verb:set package 'bumperbot_py_examples' build argument 'cmake_force_configure' from command line to 'False'
[0.731s] Level 5:colcon.colcon_core.verb:set package 'bumperbot_py_examples' build argument 'ament_cmake_args' from command line to 'None'
[0.731s] Level 5:colcon.colcon_core.verb:set package 'bumperbot_py_examples' build argument 'catkin_cmake_args' from command line to 'None'
[0.731s] Level 5:colcon.colcon_core.verb:set package 'bumperbot_py_examples' build argument 'catkin_skip_building_tests' from command line to 'False'
[0.731s] DEBUG:colcon.colcon_core.verb:Building package 'bumperbot_py_examples' with the following arguments: {'ament_cmake_args': None, 'build_base': '/home/wapush/AGV/bumperbot_ws/build/bumperbot_py_examples', 'catkin_cmake_args': None, 'catkin_skip_building_tests': False, 'cmake_args': None, 'cmake_clean_cache': False, 'cmake_clean_first': False, 'cmake_force_configure': False, 'cmake_target': None, 'cmake_target_skip_unavailable': False, 'install_base': '/home/wapush/AGV/bumperbot_ws/install/bumperbot_py_examples', 'merge_install': False, 'path': '/home/wapush/AGV/bumperbot_ws/src/bumperbot_py_examples', 'symlink_install': False, 'test_result_base': None}
[0.731s] Level 5:colcon.colcon_core.verb:set package 'bumperbot_utils' build argument 'cmake_args' from command line to 'None'
[0.731s] Level 5:colcon.colcon_core.verb:set package 'bumperbot_utils' build argument 'cmake_target' from command line to 'None'
[0.731s] Level 5:colcon.colcon_core.verb:set package 'bumperbot_utils' build argument 'cmake_target_skip_unavailable' from command line to 'False'
[0.731s] Level 5:colcon.colcon_core.verb:set package 'bumperbot_utils' build argument 'cmake_clean_cache' from command line to 'False'
[0.732s] Level 5:colcon.colcon_core.verb:set package 'bumperbot_utils' build argument 'cmake_clean_first' from command line to 'False'
[0.732s] Level 5:colcon.colcon_core.verb:set package 'bumperbot_utils' build argument 'cmake_force_configure' from command line to 'False'
[0.732s] Level 5:colcon.colcon_core.verb:set package 'bumperbot_utils' build argument 'ament_cmake_args' from command line to 'None'
[0.732s] Level 5:colcon.colcon_core.verb:set package 'bumperbot_utils' build argument 'catkin_cmake_args' from command line to 'None'
[0.732s] Level 5:colcon.colcon_core.verb:set package 'bumperbot_utils' build argument 'catkin_skip_building_tests' from command line to 'False'
[0.732s] DEBUG:colcon.colcon_core.verb:Building package 'bumperbot_utils' with the following arguments: {'ament_cmake_args': None, 'build_base': '/home/wapush/AGV/bumperbot_ws/build/bumperbot_utils', 'catkin_cmake_args': None, 'catkin_skip_building_tests': False, 'cmake_args': None, 'cmake_clean_cache': False, 'cmake_clean_first': False, 'cmake_force_configure': False, 'cmake_target': None, 'cmake_target_skip_unavailable': False, 'install_base': '/home/wapush/AGV/bumperbot_ws/install/bumperbot_utils', 'merge_install': False, 'path': '/home/wapush/AGV/bumperbot_ws/src/bumperbot_utils', 'symlink_install': False, 'test_result_base': None}
[0.732s] Level 5:colcon.colcon_core.verb:set package 'nav2_straightline_planner' build argument 'cmake_args' from command line to 'None'
[0.732s] Level 5:colcon.colcon_core.verb:set package 'nav2_straightline_planner' build argument 'cmake_target' from command line to 'None'
[0.732s] Level 5:colcon.colcon_core.verb:set package 'nav2_straightline_planner' build argument 'cmake_target_skip_unavailable' from command line to 'False'
[0.732s] Level 5:colcon.colcon_core.verb:set package 'nav2_straightline_planner' build argument 'cmake_clean_cache' from command line to 'False'
[0.732s] Level 5:colcon.colcon_core.verb:set package 'nav2_straightline_planner' build argument 'cmake_clean_first' from command line to 'False'
[0.732s] Level 5:colcon.colcon_core.verb:set package 'nav2_straightline_planner' build argument 'cmake_force_configure' from command line to 'False'
[0.732s] Level 5:colcon.colcon_core.verb:set package 'nav2_straightline_planner' build argument 'ament_cmake_args' from command line to 'None'
[0.732s] Level 5:colcon.colcon_core.verb:set package 'nav2_straightline_planner' build argument 'catkin_cmake_args' from command line to 'None'
[0.732s] Level 5:colcon.colcon_core.verb:set package 'nav2_straightline_planner' build argument 'catkin_skip_building_tests' from command line to 'False'
[0.732s] DEBUG:colcon.colcon_core.verb:Building package 'nav2_straightline_planner' with the following arguments: {'ament_cmake_args': None, 'build_base': '/home/wapush/AGV/bumperbot_ws/build/nav2_straightline_planner', 'catkin_cmake_args': None, 'catkin_skip_building_tests': False, 'cmake_args': None, 'cmake_clean_cache': False, 'cmake_clean_first': False, 'cmake_force_configure': False, 'cmake_target': None, 'cmake_target_skip_unavailable': False, 'install_base': '/home/wapush/AGV/bumperbot_ws/install/nav2_straightline_planner', 'merge_install': False, 'path': '/home/wapush/AGV/bumperbot_ws/src/nav2_straightline_planner', 'symlink_install': False, 'test_result_base': None}
[0.732s] INFO:colcon.colcon_core.executor:Executing jobs using 'parallel' executor
[0.733s] DEBUG:colcon.colcon_parallel_executor.executor.parallel:run_until_complete
[0.733s] INFO:colcon.colcon_ros.task.ament_cmake.build:Building ROS package in '/home/wapush/AGV/bumperbot_ws/src/bumperbot_bringup' with build type 'ament_cmake'
[0.733s] INFO:colcon.colcon_cmake.task.cmake.build:Building CMake package in '/home/wapush/AGV/bumperbot_ws/src/bumperbot_bringup'
[0.740s] INFO:colcon.colcon_core.plugin_system:Skipping extension 'colcon_core.shell.bat': Not used on non-Windows systems
[0.740s] INFO:colcon.colcon_core.shell:Skip shell extension 'powershell' for command environment: Not usable outside of PowerShell
[0.740s] DEBUG:colcon.colcon_core.shell:Skip shell extension 'dsv' for command environment
[0.743s] INFO:colcon.colcon_ros.task.ament_cmake.build:Building ROS package in '/home/wapush/AGV/bumperbot_ws/src/bumperbot_controller' with build type 'ament_cmake'
[0.743s] INFO:colcon.colcon_cmake.task.cmake.build:Building CMake package in '/home/wapush/AGV/bumperbot_ws/src/bumperbot_controller'
[0.744s] INFO:colcon.colcon_core.shell:Skip shell extension 'powershell' for command environment: Not usable outside of PowerShell
[0.744s] DEBUG:colcon.colcon_core.shell:Skip shell extension 'dsv' for command environment
[0.746s] INFO:colcon.colcon_ros.task.ament_cmake.build:Building ROS package in '/home/wapush/AGV/bumperbot_ws/src/bumperbot_cpp_examples' with build type 'ament_cmake'
[0.747s] INFO:colcon.colcon_cmake.task.cmake.build:Building CMake package in '/home/wapush/AGV/bumperbot_ws/src/bumperbot_cpp_examples'
[0.747s] INFO:colcon.colcon_core.shell:Skip shell extension 'powershell' for command environment: Not usable outside of PowerShell
[0.747s] DEBUG:colcon.colcon_core.shell:Skip shell extension 'dsv' for command environment
[0.750s] INFO:colcon.colcon_ros.task.ament_cmake.build:Building ROS package in '/home/wapush/AGV/bumperbot_ws/src/bumperbot_description' with build type 'ament_cmake'
[0.750s] INFO:colcon.colcon_cmake.task.cmake.build:Building CMake package in '/home/wapush/AGV/bumperbot_ws/src/bumperbot_description'
[0.750s] INFO:colcon.colcon_core.shell:Skip shell extension 'powershell' for command environment: Not usable outside of PowerShell
[0.750s] DEBUG:colcon.colcon_core.shell:Skip shell extension 'dsv' for command environment
[0.752s] INFO:colcon.colcon_ros.task.ament_cmake.build:Building ROS package in '/home/wapush/AGV/bumperbot_ws/src/bumperbot_firmware' with build type 'ament_cmake'
[0.752s] INFO:colcon.colcon_cmake.task.cmake.build:Building CMake package in '/home/wapush/AGV/bumperbot_ws/src/bumperbot_firmware'
[0.752s] INFO:colcon.colcon_core.shell:Skip shell extension 'powershell' for command environment: Not usable outside of PowerShell
[0.752s] DEBUG:colcon.colcon_core.shell:Skip shell extension 'dsv' for command environment
[0.755s] INFO:colcon.colcon_ros.task.ament_cmake.build:Building ROS package in '/home/wapush/AGV/bumperbot_ws/src/bumperbot_localization' with build type 'ament_cmake'
[0.755s] INFO:colcon.colcon_cmake.task.cmake.build:Building CMake package in '/home/wapush/AGV/bumperbot_ws/src/bumperbot_localization'
[0.755s] INFO:colcon.colcon_core.shell:Skip shell extension 'powershell' for command environment: Not usable outside of PowerShell
[0.755s] DEBUG:colcon.colcon_core.shell:Skip shell extension 'dsv' for command environment
[0.757s] INFO:colcon.colcon_ros.task.ament_cmake.build:Building ROS package in '/home/wapush/AGV/bumperbot_ws/src/bumperbot_mapping' with build type 'ament_cmake'
[0.757s] INFO:colcon.colcon_cmake.task.cmake.build:Building CMake package in '/home/wapush/AGV/bumperbot_ws/src/bumperbot_mapping'
[0.758s] INFO:colcon.colcon_core.shell:Skip shell extension 'powershell' for command environment: Not usable outside of PowerShell
[0.758s] DEBUG:colcon.colcon_core.shell:Skip shell extension 'dsv' for command environment
[0.760s] INFO:colcon.colcon_ros.task.ament_python.build:Building ROS package in '/home/wapush/AGV/bumperbot_ws/src/bumperbot_py_examples' with build type 'ament_python'
[0.760s] Level 1:colcon.colcon_core.shell:create_environment_hook('bumperbot_py_examples', 'ament_prefix_path')
[0.760s] INFO:colcon.colcon_core.shell:Creating environment hook '/home/wapush/AGV/bumperbot_ws/install/bumperbot_py_examples/share/bumperbot_py_examples/hook/ament_prefix_path.ps1'
[0.761s] INFO:colcon.colcon_core.shell:Creating environment descriptor '/home/wapush/AGV/bumperbot_ws/install/bumperbot_py_examples/share/bumperbot_py_examples/hook/ament_prefix_path.dsv'
[0.761s] INFO:colcon.colcon_core.shell:Creating environment hook '/home/wapush/AGV/bumperbot_ws/install/bumperbot_py_examples/share/bumperbot_py_examples/hook/ament_prefix_path.sh'
[0.762s] INFO:colcon.colcon_core.shell:Skip shell extension 'powershell' for command environment: Not usable outside of PowerShell
[0.762s] DEBUG:colcon.colcon_core.shell:Skip shell extension 'dsv' for command environment
[0.764s] INFO:colcon.colcon_ros.task.ament_cmake.build:Building ROS package in '/home/wapush/AGV/bumperbot_ws/src/bumperbot_utils' with build type 'ament_cmake'
[0.764s] INFO:colcon.colcon_cmake.task.cmake.build:Building CMake package in '/home/wapush/AGV/bumperbot_ws/src/bumperbot_utils'
[0.764s] INFO:colcon.colcon_core.shell:Skip shell extension 'powershell' for command environment: Not usable outside of PowerShell
[0.764s] DEBUG:colcon.colcon_core.shell:Skip shell extension 'dsv' for command environment
[0.766s] INFO:colcon.colcon_ros.task.ament_cmake.build:Building ROS package in '/home/wapush/AGV/bumperbot_ws/src/nav2_straightline_planner' with build type 'ament_cmake'
[0.767s] INFO:colcon.colcon_cmake.task.cmake.build:Building CMake package in '/home/wapush/AGV/bumperbot_ws/src/nav2_straightline_planner'
[0.767s] INFO:colcon.colcon_core.shell:Skip shell extension 'powershell' for command environment: Not usable outside of PowerShell
[0.767s] DEBUG:colcon.colcon_core.shell:Skip shell extension 'dsv' for command environment
[0.775s] DEBUG:colcon.colcon_core.event_handler.log_command:Invoking command in '/home/wapush/AGV/bumperbot_ws/build/bumperbot_bringup': CMAKE_PREFIX_PATH=/opt/ros/iron /usr/bin/cmake /home/wapush/AGV/bumperbot_ws/src/bumperbot_bringup -DCMAKE_INSTALL_PREFIX=/home/wapush/AGV/bumperbot_ws/install/bumperbot_bringup
[0.782s] DEBUG:colcon.colcon_core.event_handler.log_command:Invoking command in '/home/wapush/AGV/bumperbot_ws/build/bumperbot_controller': CMAKE_PREFIX_PATH=/opt/ros/iron /usr/bin/cmake --build /home/wapush/AGV/bumperbot_ws/build/bumperbot_controller -- -j20 -l20
[0.783s] DEBUG:colcon.colcon_core.event_handler.log_command:Invoking command in '/home/wapush/AGV/bumperbot_ws/build/bumperbot_cpp_examples': CMAKE_PREFIX_PATH=/opt/ros/iron /usr/bin/cmake --build /home/wapush/AGV/bumperbot_ws/build/bumperbot_cpp_examples -- -j20 -l20
[0.786s] DEBUG:colcon.colcon_core.event_handler.log_command:Invoking command in '/home/wapush/AGV/bumperbot_ws/build/bumperbot_description': CMAKE_PREFIX_PATH=/opt/ros/iron /usr/bin/cmake --build /home/wapush/AGV/bumperbot_ws/build/bumperbot_description -- -j20 -l20
[0.789s] DEBUG:colcon.colcon_core.event_handler.log_command:Invoking command in '/home/wapush/AGV/bumperbot_ws/build/bumperbot_firmware': CMAKE_PREFIX_PATH=/opt/ros/iron /usr/bin/cmake --build /home/wapush/AGV/bumperbot_ws/build/bumperbot_firmware -- -j20 -l20
[0.792s] DEBUG:colcon.colcon_core.event_handler.log_command:Invoking command in '/home/wapush/AGV/bumperbot_ws/build/bumperbot_localization': CMAKE_PREFIX_PATH=/opt/ros/iron /usr/bin/cmake --build /home/wapush/AGV/bumperbot_ws/build/bumperbot_localization -- -j20 -l20
[0.797s] DEBUG:colcon.colcon_core.event_handler.log_command:Invoking command in '/home/wapush/AGV/bumperbot_ws/build/bumperbot_mapping': CMAKE_PREFIX_PATH=/opt/ros/iron /usr/bin/cmake --build /home/wapush/AGV/bumperbot_ws/build/bumperbot_mapping -- -j20 -l20
[1.016s] INFO:colcon.colcon_core.task.python.build:Building Python package in '/home/wapush/AGV/bumperbot_ws/src/bumperbot_py_examples'
[1.016s] INFO:colcon.colcon_core.shell:Skip shell extension 'powershell' for command environment: Not usable outside of PowerShell
[1.016s] DEBUG:colcon.colcon_core.shell:Skip shell extension 'dsv' for command environment
[1.024s] DEBUG:colcon.colcon_core.event_handler.log_command:Invoking command in '/home/wapush/AGV/bumperbot_ws/build/bumperbot_utils': CMAKE_PREFIX_PATH=/opt/ros/iron /usr/bin/cmake --build /home/wapush/AGV/bumperbot_ws/build/bumperbot_utils -- -j20 -l20
[1.029s] DEBUG:colcon.colcon_core.event_handler.log_command:Invoking command in '/home/wapush/AGV/bumperbot_ws/build/nav2_straightline_planner': CMAKE_PREFIX_PATH=/opt/ros/iron /usr/bin/cmake --build /home/wapush/AGV/bumperbot_ws/build/nav2_straightline_planner -- -j20 -l20
[1.042s] DEBUG:colcon.colcon_core.event_handler.log_command:Invoked command in '/home/wapush/AGV/bumperbot_ws/build/bumperbot_cpp_examples' returned '0': CMAKE_PREFIX_PATH=/opt/ros/iron /usr/bin/cmake --build /home/wapush/AGV/bumperbot_ws/build/bumperbot_cpp_examples -- -j20 -l20
[1.049s] DEBUG:colcon.colcon_core.event_handler.log_command:Invoking command in '/home/wapush/AGV/bumperbot_ws/build/bumperbot_cpp_examples': CMAKE_PREFIX_PATH=/opt/ros/iron /usr/bin/cmake --install /home/wapush/AGV/bumperbot_ws/build/bumperbot_cpp_examples
[1.051s] DEBUG:colcon.colcon_core.event_handler.log_command:Invoked command in '/home/wapush/AGV/bumperbot_ws/build/bumperbot_description' returned '0': CMAKE_PREFIX_PATH=/opt/ros/iron /usr/bin/cmake --build /home/wapush/AGV/bumperbot_ws/build/bumperbot_description -- -j20 -l20
[1.054s] DEBUG:colcon.colcon_core.event_handler.log_command:Invoking command in '/home/wapush/AGV/bumperbot_ws/build/bumperbot_description': CMAKE_PREFIX_PATH=/opt/ros/iron /usr/bin/cmake --install /home/wapush/AGV/bumperbot_ws/build/bumperbot_description
[1.054s] DEBUG:colcon.colcon_core.event_handler.log_command:Invoked command in '/home/wapush/AGV/bumperbot_ws/build/bumperbot_mapping' returned '0': CMAKE_PREFIX_PATH=/opt/ros/iron /usr/bin/cmake --build /home/wapush/AGV/bumperbot_ws/build/bumperbot_mapping -- -j20 -l20
[1.056s] DEBUG:colcon.colcon_core.event_handler.log_command:Invoking command in '/home/wapush/AGV/bumperbot_ws/build/bumperbot_mapping': CMAKE_PREFIX_PATH=/opt/ros/iron /usr/bin/cmake --install /home/wapush/AGV/bumperbot_ws/build/bumperbot_mapping
[1.070s] Level 1:colcon.colcon_core.environment:create_environment_scripts_only(bumperbot_cpp_examples)
[1.095s] Level 1:colcon.colcon_core.environment:checking '/home/wapush/AGV/bumperbot_ws/install/bumperbot_cpp_examples' for CMake module files
[1.099s] Level 1:colcon.colcon_core.environment:checking '/home/wapush/AGV/bumperbot_ws/install/bumperbot_cpp_examples' for CMake config files
[1.103s] Level 1:colcon.colcon_core.shell:create_environment_hook('bumperbot_cpp_examples', 'cmake_prefix_path')
[1.103s] INFO:colcon.colcon_core.shell:Creating environment hook '/home/wapush/AGV/bumperbot_ws/install/bumperbot_cpp_examples/share/bumperbot_cpp_examples/hook/cmake_prefix_path.ps1'
[1.107s] INFO:colcon.colcon_core.shell:Creating environment descriptor '/home/wapush/AGV/bumperbot_ws/install/bumperbot_cpp_examples/share/bumperbot_cpp_examples/hook/cmake_prefix_path.dsv'
[1.109s] INFO:colcon.colcon_core.shell:Creating environment hook '/home/wapush/AGV/bumperbot_ws/install/bumperbot_cpp_examples/share/bumperbot_cpp_examples/hook/cmake_prefix_path.sh'
[1.112s] Level 1:colcon.colcon_core.environment:checking '/home/wapush/AGV/bumperbot_ws/install/bumperbot_cpp_examples/bin'
[1.112s] Level 1:colcon.colcon_core.environment:checking '/home/wapush/AGV/bumperbot_ws/install/bumperbot_cpp_examples/lib/pkgconfig/bumperbot_cpp_examples.pc'
[1.112s] Level 1:colcon.colcon_core.environment:checking '/home/wapush/AGV/bumperbot_ws/install/bumperbot_cpp_examples/lib/python3.10/site-packages'
[1.113s] Level 1:colcon.colcon_core.environment:checking '/home/wapush/AGV/bumperbot_ws/install/bumperbot_cpp_examples/bin'
[1.113s] INFO:colcon.colcon_core.shell:Creating package script '/home/wapush/AGV/bumperbot_ws/install/bumperbot_cpp_examples/share/bumperbot_cpp_examples/package.ps1'
[1.116s] INFO:colcon.colcon_core.shell:Creating package descriptor '/home/wapush/AGV/bumperbot_ws/install/bumperbot_cpp_examples/share/bumperbot_cpp_examples/package.dsv'
[1.121s] INFO:colcon.colcon_core.shell:Creating package script '/home/wapush/AGV/bumperbot_ws/install/bumperbot_cpp_examples/share/bumperbot_cpp_examples/package.sh'
[1.124s] INFO:colcon.colcon_core.shell:Creating package script '/home/wapush/AGV/bumperbot_ws/install/bumperbot_cpp_examples/share/bumperbot_cpp_examples/package.bash'
[1.130s] DEBUG:colcon.colcon_core.event_handler.log_command:Invoked command in '/home/wapush/AGV/bumperbot_ws/build/bumperbot_cpp_examples' returned '0': CMAKE_PREFIX_PATH=/opt/ros/iron /usr/bin/cmake --install /home/wapush/AGV/bumperbot_ws/build/bumperbot_cpp_examples
[1.131s] INFO:colcon.colcon_core.shell:Creating package script '/home/wapush/AGV/bumperbot_ws/install/bumperbot_cpp_examples/share/bumperbot_cpp_examples/package.zsh'
[1.135s] Level 1:colcon.colcon_core.environment:create_file_with_runtime_dependencies(/home/wapush/AGV/bumperbot_ws/install/bumperbot_cpp_examples/share/colcon-core/packages/bumperbot_cpp_examples)
[1.140s] Level 1:colcon.colcon_core.environment:create_environment_scripts_only(bumperbot_cpp_examples)
[1.140s] Level 1:colcon.colcon_core.environment:checking '/home/wapush/AGV/bumperbot_ws/install/bumperbot_cpp_examples' for CMake module files
[1.145s] Level 1:colcon.colcon_core.environment:checking '/home/wapush/AGV/bumperbot_ws/install/bumperbot_cpp_examples' for CMake config files
[1.148s] Level 1:colcon.colcon_core.shell:create_environment_hook('bumperbot_cpp_examples', 'cmake_prefix_path')
[1.149s] INFO:colcon.colcon_core.shell:Creating environment hook '/home/wapush/AGV/bumperbot_ws/install/bumperbot_cpp_examples/share/bumperbot_cpp_examples/hook/cmake_prefix_path.ps1'
[1.154s] INFO:colcon.colcon_core.shell:Creating environment descriptor '/home/wapush/AGV/bumperbot_ws/install/bumperbot_cpp_examples/share/bumperbot_cpp_examples/hook/cmake_prefix_path.dsv'
[1.158s] INFO:colcon.colcon_core.shell:Creating environment hook '/home/wapush/AGV/bumperbot_ws/install/bumperbot_cpp_examples/share/bumperbot_cpp_examples/hook/cmake_prefix_path.sh'
[1.162s] Level 1:colcon.colcon_core.environment:checking '/home/wapush/AGV/bumperbot_ws/install/bumperbot_cpp_examples/bin'
[1.164s] Level 1:colcon.colcon_core.environment:checking '/home/wapush/AGV/bumperbot_ws/install/bumperbot_cpp_examples/lib/pkgconfig/bumperbot_cpp_examples.pc'
[1.165s] Level 1:colcon.colcon_core.environment:checking '/home/wapush/AGV/bumperbot_ws/install/bumperbot_cpp_examples/lib/python3.10/site-packages'
[1.165s] Level 1:colcon.colcon_core.environment:checking '/home/wapush/AGV/bumperbot_ws/install/bumperbot_cpp_examples/bin'
[1.167s] INFO:colcon.colcon_core.shell:Creating package script '/home/wapush/AGV/bumperbot_ws/install/bumperbot_cpp_examples/share/bumperbot_cpp_examples/package.ps1'
[1.171s] INFO:colcon.colcon_core.shell:Creating package descriptor '/home/wapush/AGV/bumperbot_ws/install/bumperbot_cpp_examples/share/bumperbot_cpp_examples/package.dsv'
[1.172s] INFO:colcon.colcon_core.shell:Creating package script '/home/wapush/AGV/bumperbot_ws/install/bumperbot_cpp_examples/share/bumperbot_cpp_examples/package.sh'
[1.176s] INFO:colcon.colcon_core.shell:Creating package script '/home/wapush/AGV/bumperbot_ws/install/bumperbot_cpp_examples/share/bumperbot_cpp_examples/package.bash'
[1.183s] INFO:colcon.colcon_core.shell:Creating package script '/home/wapush/AGV/bumperbot_ws/install/bumperbot_cpp_examples/share/bumperbot_cpp_examples/package.zsh'
[1.188s] Level 1:colcon.colcon_core.environment:create_file_with_runtime_dependencies(/home/wapush/AGV/bumperbot_ws/install/bumperbot_cpp_examples/share/colcon-core/packages/bumperbot_cpp_examples)
[1.197s] Level 1:colcon.colcon_core.environment:create_environment_scripts_only(bumperbot_mapping)
[1.198s] Level 1:colcon.colcon_core.environment:checking '/home/wapush/AGV/bumperbot_ws/install/bumperbot_mapping' for CMake module files
[1.203s] Level 1:colcon.colcon_core.environment:checking '/home/wapush/AGV/bumperbot_ws/install/bumperbot_mapping' for CMake config files
[1.214s] Level 1:colcon.colcon_core.shell:create_environment_hook('bumperbot_mapping', 'cmake_prefix_path')
[1.215s] INFO:colcon.colcon_core.shell:Creating environment hook '/home/wapush/AGV/bumperbot_ws/install/bumperbot_mapping/share/bumperbot_mapping/hook/cmake_prefix_path.ps1'
[1.218s] INFO:colcon.colcon_core.shell:Creating environment descriptor '/home/wapush/AGV/bumperbot_ws/install/bumperbot_mapping/share/bumperbot_mapping/hook/cmake_prefix_path.dsv'
[1.219s] INFO:colcon.colcon_core.shell:Creating environment hook '/home/wapush/AGV/bumperbot_ws/install/bumperbot_mapping/share/bumperbot_mapping/hook/cmake_prefix_path.sh'
[1.220s] Level 1:colcon.colcon_core.environment:checking '/home/wapush/AGV/bumperbot_ws/install/bumperbot_mapping/bin'
[1.220s] Level 1:colcon.colcon_core.environment:checking '/home/wapush/AGV/bumperbot_ws/install/bumperbot_mapping/lib/pkgconfig/bumperbot_mapping.pc'
[1.220s] Level 1:colcon.colcon_core.environment:checking '/home/wapush/AGV/bumperbot_ws/install/bumperbot_mapping/lib/python3.10/site-packages'
[1.220s] Level 1:colcon.colcon_core.environment:checking '/home/wapush/AGV/bumperbot_ws/install/bumperbot_mapping/bin'
[1.221s] INFO:colcon.colcon_core.shell:Creating package script '/home/wapush/AGV/bumperbot_ws/install/bumperbot_mapping/share/bumperbot_mapping/package.ps1'
[1.221s] DEBUG:colcon.colcon_core.event_handler.log_command:Invoked command in '/home/wapush/AGV/bumperbot_ws/build/bumperbot_mapping' returned '0': CMAKE_PREFIX_PATH=/opt/ros/iron /usr/bin/cmake --install /home/wapush/AGV/bumperbot_ws/build/bumperbot_mapping
[1.222s] INFO:colcon.colcon_core.shell:Creating package descriptor '/home/wapush/AGV/bumperbot_ws/install/bumperbot_mapping/share/bumperbot_mapping/package.dsv'
[1.222s] INFO:colcon.colcon_core.shell:Creating package script '/home/wapush/AGV/bumperbot_ws/install/bumperbot_mapping/share/bumperbot_mapping/package.sh'
[1.223s] INFO:colcon.colcon_core.shell:Creating package script '/home/wapush/AGV/bumperbot_ws/install/bumperbot_mapping/share/bumperbot_mapping/package.bash'
[1.223s] INFO:colcon.colcon_core.shell:Creating package script '/home/wapush/AGV/bumperbot_ws/install/bumperbot_mapping/share/bumperbot_mapping/package.zsh'
[1.223s] Level 1:colcon.colcon_core.environment:create_file_with_runtime_dependencies(/home/wapush/AGV/bumperbot_ws/install/bumperbot_mapping/share/colcon-core/packages/bumperbot_mapping)
[1.223s] Level 1:colcon.colcon_core.environment:create_environment_scripts_only(bumperbot_mapping)
[1.223s] Level 1:colcon.colcon_core.environment:checking '/home/wapush/AGV/bumperbot_ws/install/bumperbot_mapping' for CMake module files
[1.224s] Level 1:colcon.colcon_core.environment:checking '/home/wapush/AGV/bumperbot_ws/install/bumperbot_mapping' for CMake config files
[1.224s] Level 1:colcon.colcon_core.shell:create_environment_hook('bumperbot_mapping', 'cmake_prefix_path')
[1.224s] INFO:colcon.colcon_core.shell:Creating environment hook '/home/wapush/AGV/bumperbot_ws/install/bumperbot_mapping/share/bumperbot_mapping/hook/cmake_prefix_path.ps1'
[1.224s] INFO:colcon.colcon_core.shell:Creating environment descriptor '/home/wapush/AGV/bumperbot_ws/install/bumperbot_mapping/share/bumperbot_mapping/hook/cmake_prefix_path.dsv'
[1.224s] INFO:colcon.colcon_core.shell:Creating environment hook '/home/wapush/AGV/bumperbot_ws/install/bumperbot_mapping/share/bumperbot_mapping/hook/cmake_prefix_path.sh'
[1.224s] Level 1:colcon.colcon_core.environment:checking '/home/wapush/AGV/bumperbot_ws/install/bumperbot_mapping/bin'
[1.224s] Level 1:colcon.colcon_core.environment:checking '/home/wapush/AGV/bumperbot_ws/install/bumperbot_mapping/lib/pkgconfig/bumperbot_mapping.pc'
[1.225s] Level 1:colcon.colcon_core.environment:checking '/home/wapush/AGV/bumperbot_ws/install/bumperbot_mapping/lib/python3.10/site-packages'
[1.225s] Level 1:colcon.colcon_core.environment:checking '/home/wapush/AGV/bumperbot_ws/install/bumperbot_mapping/bin'
[1.225s] INFO:colcon.colcon_core.shell:Creating package script '/home/wapush/AGV/bumperbot_ws/install/bumperbot_mapping/share/bumperbot_mapping/package.ps1'
[1.225s] INFO:colcon.colcon_core.shell:Creating package descriptor '/home/wapush/AGV/bumperbot_ws/install/bumperbot_mapping/share/bumperbot_mapping/package.dsv'
[1.225s] INFO:colcon.colcon_core.shell:Creating package script '/home/wapush/AGV/bumperbot_ws/install/bumperbot_mapping/share/bumperbot_mapping/package.sh'
[1.226s] INFO:colcon.colcon_core.shell:Creating package script '/home/wapush/AGV/bumperbot_ws/install/bumperbot_mapping/share/bumperbot_mapping/package.bash'
[1.226s] INFO:colcon.colcon_core.shell:Creating package script '/home/wapush/AGV/bumperbot_ws/install/bumperbot_mapping/share/bumperbot_mapping/package.zsh'
[1.226s] Level 1:colcon.colcon_core.environment:create_file_with_runtime_dependencies(/home/wapush/AGV/bumperbot_ws/install/bumperbot_mapping/share/colcon-core/packages/bumperbot_mapping)
[1.229s] DEBUG:colcon.colcon_core.event_handler.log_command:Invoked command in '/home/wapush/AGV/bumperbot_ws/build/nav2_straightline_planner' returned '0': CMAKE_PREFIX_PATH=/opt/ros/iron /usr/bin/cmake --build /home/wapush/AGV/bumperbot_ws/build/nav2_straightline_planner -- -j20 -l20
[1.229s] DEBUG:colcon.colcon_core.event_handler.log_command:Invoking command in '/home/wapush/AGV/bumperbot_ws/build/nav2_straightline_planner': CMAKE_PREFIX_PATH=/opt/ros/iron /usr/bin/cmake --install /home/wapush/AGV/bumperbot_ws/build/nav2_straightline_planner
[1.230s] DEBUG:colcon.colcon_core.event_handler.log_command:Invoked command in '/home/wapush/AGV/bumperbot_ws/build/bumperbot_firmware' returned '0': CMAKE_PREFIX_PATH=/opt/ros/iron /usr/bin/cmake --build /home/wapush/AGV/bumperbot_ws/build/bumperbot_firmware -- -j20 -l20
[1.233s] DEBUG:colcon.colcon_core.event_handler.log_command:Invoking command in '/home/wapush/AGV/bumperbot_ws/build/bumperbot_firmware': CMAKE_PREFIX_PATH=/opt/ros/iron /usr/bin/cmake --install /home/wapush/AGV/bumperbot_ws/build/bumperbot_firmware
[1.234s] Level 1:colcon.colcon_core.environment:create_environment_scripts_only(bumperbot_description)
[1.235s] Level 1:colcon.colcon_core.environment:checking '/home/wapush/AGV/bumperbot_ws/install/bumperbot_description' for CMake module files
[1.235s] DEBUG:colcon.colcon_core.event_handler.log_command:Invoked command in '/home/wapush/AGV/bumperbot_ws/build/bumperbot_description' returned '0': CMAKE_PREFIX_PATH=/opt/ros/iron /usr/bin/cmake --install /home/wapush/AGV/bumperbot_ws/build/bumperbot_description
[1.236s] Level 1:colcon.colcon_core.environment:checking '/home/wapush/AGV/bumperbot_ws/install/bumperbot_description' for CMake config files
[1.236s] Level 1:colcon.colcon_core.shell:create_environment_hook('bumperbot_description', 'cmake_prefix_path')
[1.236s] INFO:colcon.colcon_core.shell:Creating environment hook '/home/wapush/AGV/bumperbot_ws/install/bumperbot_description/share/bumperbot_description/hook/cmake_prefix_path.ps1'
[1.237s] INFO:colcon.colcon_core.shell:Creating environment descriptor '/home/wapush/AGV/bumperbot_ws/install/bumperbot_description/share/bumperbot_description/hook/cmake_prefix_path.dsv'
[1.237s] INFO:colcon.colcon_core.shell:Creating environment hook '/home/wapush/AGV/bumperbot_ws/install/bumperbot_description/share/bumperbot_description/hook/cmake_prefix_path.sh'
[1.237s] Level 1:colcon.colcon_core.environment:checking '/home/wapush/AGV/bumperbot_ws/install/bumperbot_description/bin'
[1.238s] Level 1:colcon.colcon_core.environment:checking '/home/wapush/AGV/bumperbot_ws/install/bumperbot_description/lib/pkgconfig/bumperbot_description.pc'
[1.238s] Level 1:colcon.colcon_core.environment:checking '/home/wapush/AGV/bumperbot_ws/install/bumperbot_description/lib/python3.10/site-packages'
[1.238s] Level 1:colcon.colcon_core.environment:checking '/home/wapush/AGV/bumperbot_ws/install/bumperbot_description/bin'
[1.238s] INFO:colcon.colcon_core.shell:Creating package script '/home/wapush/AGV/bumperbot_ws/install/bumperbot_description/share/bumperbot_description/package.ps1'
[1.239s] INFO:colcon.colcon_core.shell:Creating package descriptor '/home/wapush/AGV/bumperbot_ws/install/bumperbot_description/share/bumperbot_description/package.dsv'
[1.239s] INFO:colcon.colcon_core.shell:Creating package script '/home/wapush/AGV/bumperbot_ws/install/bumperbot_description/share/bumperbot_description/package.sh'
[1.239s] INFO:colcon.colcon_core.shell:Creating package script '/home/wapush/AGV/bumperbot_ws/install/bumperbot_description/share/bumperbot_description/package.bash'
[1.239s] INFO:colcon.colcon_core.shell:Creating package script '/home/wapush/AGV/bumperbot_ws/install/bumperbot_description/share/bumperbot_description/package.zsh'
[1.240s] Level 1:colcon.colcon_core.environment:create_file_with_runtime_dependencies(/home/wapush/AGV/bumperbot_ws/install/bumperbot_description/share/colcon-core/packages/bumperbot_description)
[1.240s] Level 1:colcon.colcon_core.environment:create_environment_scripts_only(bumperbot_description)
[1.240s] Level 1:colcon.colcon_core.environment:checking '/home/wapush/AGV/bumperbot_ws/install/bumperbot_description' for CMake module files
[1.240s] Level 1:colcon.colcon_core.environment:checking '/home/wapush/AGV/bumperbot_ws/install/bumperbot_description' for CMake config files
[1.240s] Level 1:colcon.colcon_core.shell:create_environment_hook('bumperbot_description', 'cmake_prefix_path')
[1.241s] INFO:colcon.colcon_core.shell:Creating environment hook '/home/wapush/AGV/bumperbot_ws/install/bumperbot_description/share/bumperbot_description/hook/cmake_prefix_path.ps1'
[1.241s] INFO:colcon.colcon_core.shell:Creating environment descriptor '/home/wapush/AGV/bumperbot_ws/install/bumperbot_description/share/bumperbot_description/hook/cmake_prefix_path.dsv'
[1.241s] INFO:colcon.colcon_core.shell:Creating environment hook '/home/wapush/AGV/bumperbot_ws/install/bumperbot_description/share/bumperbot_description/hook/cmake_prefix_path.sh'
[1.242s] Level 1:colcon.colcon_core.environment:checking '/home/wapush/AGV/bumperbot_ws/install/bumperbot_description/bin'
[1.242s] Level 1:colcon.colcon_core.environment:checking '/home/wapush/AGV/bumperbot_ws/install/bumperbot_description/lib/pkgconfig/bumperbot_description.pc'
[1.242s] Level 1:colcon.colcon_core.environment:checking '/home/wapush/AGV/bumperbot_ws/install/bumperbot_description/lib/python3.10/site-packages'
[1.242s] Level 1:colcon.colcon_core.environment:checking '/home/wapush/AGV/bumperbot_ws/install/bumperbot_description/bin'
[1.242s] INFO:colcon.colcon_core.shell:Creating package script '/home/wapush/AGV/bumperbot_ws/install/bumperbot_description/share/bumperbot_description/package.ps1'
[1.243s] INFO:colcon.colcon_core.shell:Creating package descriptor '/home/wapush/AGV/bumperbot_ws/install/bumperbot_description/share/bumperbot_description/package.dsv'
[1.243s] INFO:colcon.colcon_core.shell:Creating package script '/home/wapush/AGV/bumperbot_ws/install/bumperbot_description/share/bumperbot_description/package.sh'
[1.243s] INFO:colcon.colcon_core.shell:Creating package script '/home/wapush/AGV/bumperbot_ws/install/bumperbot_description/share/bumperbot_description/package.bash'
[1.244s] INFO:colcon.colcon_core.shell:Creating package script '/home/wapush/AGV/bumperbot_ws/install/bumperbot_description/share/bumperbot_description/package.zsh'
[1.244s] Level 1:colcon.colcon_core.environment:create_file_with_runtime_dependencies(/home/wapush/AGV/bumperbot_ws/install/bumperbot_description/share/colcon-core/packages/bumperbot_description)
[1.245s] DEBUG:colcon.colcon_core.event_handler.log_command:Invoked command in '/home/wapush/AGV/bumperbot_ws/build/bumperbot_localization' returned '0': CMAKE_PREFIX_PATH=/opt/ros/iron /usr/bin/cmake --build /home/wapush/AGV/bumperbot_ws/build/bumperbot_localization -- -j20 -l20
[1.247s] DEBUG:colcon.colcon_core.event_handler.log_command:Invoking command in '/home/wapush/AGV/bumperbot_ws/build/bumperbot_localization': CMAKE_PREFIX_PATH=/opt/ros/iron /usr/bin/cmake --install /home/wapush/AGV/bumperbot_ws/build/bumperbot_localization
[1.247s] DEBUG:colcon.colcon_core.event_handler.log_command:Invoked command in '/home/wapush/AGV/bumperbot_ws/build/bumperbot_controller' returned '0': CMAKE_PREFIX_PATH=/opt/ros/iron /usr/bin/cmake --build /home/wapush/AGV/bumperbot_ws/build/bumperbot_controller -- -j20 -l20
[1.250s] DEBUG:colcon.colcon_core.event_handler.log_command:Invoking command in '/home/wapush/AGV/bumperbot_ws/build/bumperbot_controller': CMAKE_PREFIX_PATH=/opt/ros/iron /usr/bin/cmake --install /home/wapush/AGV/bumperbot_ws/build/bumperbot_controller
[1.253s] Level 1:colcon.colcon_core.environment:create_environment_scripts_only(nav2_straightline_planner)
[1.254s] Level 1:colcon.colcon_core.environment:checking '/home/wapush/AGV/bumperbot_ws/install/nav2_straightline_planner' for CMake module files
[1.257s] Level 1:colcon.colcon_core.environment:checking '/home/wapush/AGV/bumperbot_ws/install/nav2_straightline_planner' for CMake config files
[1.260s] DEBUG:colcon.colcon_core.event_handler.log_command:Invoked command in '/home/wapush/AGV/bumperbot_ws/build/nav2_straightline_planner' returned '0': CMAKE_PREFIX_PATH=/opt/ros/iron /usr/bin/cmake --install /home/wapush/AGV/bumperbot_ws/build/nav2_straightline_planner
[1.262s] Level 1:colcon.colcon_core.shell:create_environment_hook('nav2_straightline_planner', 'cmake_prefix_path')
[1.262s] INFO:colcon.colcon_core.shell:Creating environment hook '/home/wapush/AGV/bumperbot_ws/install/nav2_straightline_planner/share/nav2_straightline_planner/hook/cmake_prefix_path.ps1'
[1.262s] INFO:colcon.colcon_core.shell:Creating environment descriptor '/home/wapush/AGV/bumperbot_ws/install/nav2_straightline_planner/share/nav2_straightline_planner/hook/cmake_prefix_path.dsv'
[1.263s] INFO:colcon.colcon_core.shell:Creating environment hook '/home/wapush/AGV/bumperbot_ws/install/nav2_straightline_planner/share/nav2_straightline_planner/hook/cmake_prefix_path.sh'
[1.263s] Level 1:colcon.colcon_core.environment:checking '/home/wapush/AGV/bumperbot_ws/install/nav2_straightline_planner/lib'
[1.263s] Level 1:colcon.colcon_core.shell:create_environment_hook('nav2_straightline_planner', 'ld_library_path_lib')
[1.263s] INFO:colcon.colcon_core.shell:Creating environment hook '/home/wapush/AGV/bumperbot_ws/install/nav2_straightline_planner/share/nav2_straightline_planner/hook/ld_library_path_lib.ps1'
[1.264s] INFO:colcon.colcon_core.shell:Creating environment descriptor '/home/wapush/AGV/bumperbot_ws/install/nav2_straightline_planner/share/nav2_straightline_planner/hook/ld_library_path_lib.dsv'
[1.264s] INFO:colcon.colcon_core.shell:Creating environment hook '/home/wapush/AGV/bumperbot_ws/install/nav2_straightline_planner/share/nav2_straightline_planner/hook/ld_library_path_lib.sh'
[1.264s] Level 1:colcon.colcon_core.environment:checking '/home/wapush/AGV/bumperbot_ws/install/nav2_straightline_planner/bin'
[1.264s] Level 1:colcon.colcon_core.environment:checking '/home/wapush/AGV/bumperbot_ws/install/nav2_straightline_planner/lib/pkgconfig/nav2_straightline_planner.pc'
[1.264s] Level 1:colcon.colcon_core.environment:checking '/home/wapush/AGV/bumperbot_ws/install/nav2_straightline_planner/lib/python3.10/site-packages'
[1.264s] Level 1:colcon.colcon_core.environment:checking '/home/wapush/AGV/bumperbot_ws/install/nav2_straightline_planner/bin'
[1.265s] INFO:colcon.colcon_core.shell:Creating package script '/home/wapush/AGV/bumperbot_ws/install/nav2_straightline_planner/share/nav2_straightline_planner/package.ps1'
[1.266s] INFO:colcon.colcon_core.shell:Creating package descriptor '/home/wapush/AGV/bumperbot_ws/install/nav2_straightline_planner/share/nav2_straightline_planner/package.dsv'
[1.267s] INFO:colcon.colcon_core.shell:Creating package script '/home/wapush/AGV/bumperbot_ws/install/nav2_straightline_planner/share/nav2_straightline_planner/package.sh'
[1.268s] INFO:colcon.colcon_core.shell:Creating package script '/home/wapush/AGV/bumperbot_ws/install/nav2_straightline_planner/share/nav2_straightline_planner/package.bash'
[1.270s] INFO:colcon.colcon_core.shell:Creating package script '/home/wapush/AGV/bumperbot_ws/install/nav2_straightline_planner/share/nav2_straightline_planner/package.zsh'
[1.272s] Level 1:colcon.colcon_core.environment:create_file_with_runtime_dependencies(/home/wapush/AGV/bumperbot_ws/install/nav2_straightline_planner/share/colcon-core/packages/nav2_straightline_planner)
[1.273s] Level 1:colcon.colcon_core.environment:create_environment_scripts_only(nav2_straightline_planner)
[1.273s] Level 1:colcon.colcon_core.environment:checking '/home/wapush/AGV/bumperbot_ws/install/nav2_straightline_planner' for CMake module files
[1.276s] Level 1:colcon.colcon_core.environment:checking '/home/wapush/AGV/bumperbot_ws/install/nav2_straightline_planner' for CMake config files
[1.277s] Level 1:colcon.colcon_core.shell:create_environment_hook('nav2_straightline_planner', 'cmake_prefix_path')
[1.278s] INFO:colcon.colcon_core.shell:Creating environment hook '/home/wapush/AGV/bumperbot_ws/install/nav2_straightline_planner/share/nav2_straightline_planner/hook/cmake_prefix_path.ps1'
[1.279s] INFO:colcon.colcon_core.shell:Creating environment descriptor '/home/wapush/AGV/bumperbot_ws/install/nav2_straightline_planner/share/nav2_straightline_planner/hook/cmake_prefix_path.dsv'
[1.280s] INFO:colcon.colcon_core.shell:Creating environment hook '/home/wapush/AGV/bumperbot_ws/install/nav2_straightline_planner/share/nav2_straightline_planner/hook/cmake_prefix_path.sh'
[1.282s] Level 1:colcon.colcon_core.environment:checking '/home/wapush/AGV/bumperbot_ws/install/nav2_straightline_planner/lib'
[1.283s] Level 1:colcon.colcon_core.shell:create_environment_hook('nav2_straightline_planner', 'ld_library_path_lib')
[1.283s] INFO:colcon.colcon_core.shell:Creating environment hook '/home/wapush/AGV/bumperbot_ws/install/nav2_straightline_planner/share/nav2_straightline_planner/hook/ld_library_path_lib.ps1'
[1.286s] INFO:colcon.colcon_core.shell:Creating environment descriptor '/home/wapush/AGV/bumperbot_ws/install/nav2_straightline_planner/share/nav2_straightline_planner/hook/ld_library_path_lib.dsv'
[1.286s] INFO:colcon.colcon_core.shell:Creating environment hook '/home/wapush/AGV/bumperbot_ws/install/nav2_straightline_planner/share/nav2_straightline_planner/hook/ld_library_path_lib.sh'
[1.287s] Level 1:colcon.colcon_core.environment:checking '/home/wapush/AGV/bumperbot_ws/install/nav2_straightline_planner/bin'
[1.287s] Level 1:colcon.colcon_core.environment:checking '/home/wapush/AGV/bumperbot_ws/install/nav2_straightline_planner/lib/pkgconfig/nav2_straightline_planner.pc'
[1.287s] Level 1:colcon.colcon_core.environment:checking '/home/wapush/AGV/bumperbot_ws/install/nav2_straightline_planner/lib/python3.10/site-packages'
[1.287s] Level 1:colcon.colcon_core.environment:checking '/home/wapush/AGV/bumperbot_ws/install/nav2_straightline_planner/bin'
[1.287s] INFO:colcon.colcon_core.shell:Creating package script '/home/wapush/AGV/bumperbot_ws/install/nav2_straightline_planner/share/nav2_straightline_planner/package.ps1'
[1.288s] INFO:colcon.colcon_core.shell:Creating package descriptor '/home/wapush/AGV/bumperbot_ws/install/nav2_straightline_planner/share/nav2_straightline_planner/package.dsv'
[1.288s] INFO:colcon.colcon_core.shell:Creating package script '/home/wapush/AGV/bumperbot_ws/install/nav2_straightline_planner/share/nav2_straightline_planner/package.sh'
[1.288s] INFO:colcon.colcon_core.shell:Creating package script '/home/wapush/AGV/bumperbot_ws/install/nav2_straightline_planner/share/nav2_straightline_planner/package.bash'
[1.289s] INFO:colcon.colcon_core.shell:Creating package script '/home/wapush/AGV/bumperbot_ws/install/nav2_straightline_planner/share/nav2_straightline_planner/package.zsh'
[1.289s] Level 1:colcon.colcon_core.environment:create_file_with_runtime_dependencies(/home/wapush/AGV/bumperbot_ws/install/nav2_straightline_planner/share/colcon-core/packages/nav2_straightline_planner)
[1.291s] DEBUG:colcon.colcon_core.event_handler.log_command:Invoked command in '/home/wapush/AGV/bumperbot_ws/build/bumperbot_utils' returned '0': CMAKE_PREFIX_PATH=/opt/ros/iron /usr/bin/cmake --build /home/wapush/AGV/bumperbot_ws/build/bumperbot_utils -- -j20 -l20
[1.293s] DEBUG:colcon.colcon_core.event_handler.log_command:Invoking command in '/home/wapush/AGV/bumperbot_ws/build/bumperbot_utils': CMAKE_PREFIX_PATH=/opt/ros/iron /usr/bin/cmake --install /home/wapush/AGV/bumperbot_ws/build/bumperbot_utils
[1.293s] Level 1:colcon.colcon_core.environment:create_environment_scripts_only(bumperbot_firmware)
[1.294s] DEBUG:colcon.colcon_core.event_handler.log_command:Invoked command in '/home/wapush/AGV/bumperbot_ws/build/bumperbot_firmware' returned '0': CMAKE_PREFIX_PATH=/opt/ros/iron /usr/bin/cmake --install /home/wapush/AGV/bumperbot_ws/build/bumperbot_firmware
[1.294s] Level 1:colcon.colcon_core.environment:checking '/home/wapush/AGV/bumperbot_ws/install/bumperbot_firmware' for CMake module files
[1.294s] Level 1:colcon.colcon_core.environment:checking '/home/wapush/AGV/bumperbot_ws/install/bumperbot_firmware' for CMake config files
[1.294s] Level 1:colcon.colcon_core.shell:create_environment_hook('bumperbot_firmware', 'cmake_prefix_path')
[1.295s] INFO:colcon.colcon_core.shell:Creating environment hook '/home/wapush/AGV/bumperbot_ws/install/bumperbot_firmware/share/bumperbot_firmware/hook/cmake_prefix_path.ps1'
[1.295s] INFO:colcon.colcon_core.shell:Creating environment descriptor '/home/wapush/AGV/bumperbot_ws/install/bumperbot_firmware/share/bumperbot_firmware/hook/cmake_prefix_path.dsv'
[1.295s] INFO:colcon.colcon_core.shell:Creating environment hook '/home/wapush/AGV/bumperbot_ws/install/bumperbot_firmware/share/bumperbot_firmware/hook/cmake_prefix_path.sh'
[1.296s] Level 1:colcon.colcon_core.environment:checking '/home/wapush/AGV/bumperbot_ws/install/bumperbot_firmware/lib'
[1.297s] Level 1:colcon.colcon_core.shell:create_environment_hook('bumperbot_firmware', 'ld_library_path_lib')
[1.297s] INFO:colcon.colcon_core.shell:Creating environment hook '/home/wapush/AGV/bumperbot_ws/install/bumperbot_firmware/share/bumperbot_firmware/hook/ld_library_path_lib.ps1'
[1.299s] INFO:colcon.colcon_core.shell:Creating environment descriptor '/home/wapush/AGV/bumperbot_ws/install/bumperbot_firmware/share/bumperbot_firmware/hook/ld_library_path_lib.dsv'
[1.299s] INFO:colcon.colcon_core.shell:Creating environment hook '/home/wapush/AGV/bumperbot_ws/install/bumperbot_firmware/share/bumperbot_firmware/hook/ld_library_path_lib.sh'
[1.299s] Level 1:colcon.colcon_core.environment:checking '/home/wapush/AGV/bumperbot_ws/install/bumperbot_firmware/bin'
[1.299s] Level 1:colcon.colcon_core.environment:checking '/home/wapush/AGV/bumperbot_ws/install/bumperbot_firmware/lib/pkgconfig/bumperbot_firmware.pc'
[1.299s] Level 1:colcon.colcon_core.environment:checking '/home/wapush/AGV/bumperbot_ws/install/bumperbot_firmware/lib/python3.10/site-packages'
[1.299s] Level 1:colcon.colcon_core.shell:create_environment_hook('bumperbot_firmware', 'pythonpath')
[1.300s] INFO:colcon.colcon_core.shell:Creating environment hook '/home/wapush/AGV/bumperbot_ws/install/bumperbot_firmware/share/bumperbot_firmware/hook/pythonpath.ps1'
[1.300s] INFO:colcon.colcon_core.shell:Creating environment descriptor '/home/wapush/AGV/bumperbot_ws/install/bumperbot_firmware/share/bumperbot_firmware/hook/pythonpath.dsv'
[1.300s] INFO:colcon.colcon_core.shell:Creating environment hook '/home/wapush/AGV/bumperbot_ws/install/bumperbot_firmware/share/bumperbot_firmware/hook/pythonpath.sh'
[1.300s] Level 1:colcon.colcon_core.environment:checking '/home/wapush/AGV/bumperbot_ws/install/bumperbot_firmware/bin'
[1.301s] INFO:colcon.colcon_core.shell:Creating package script '/home/wapush/AGV/bumperbot_ws/install/bumperbot_firmware/share/bumperbot_firmware/package.ps1'
[1.301s] INFO:colcon.colcon_core.shell:Creating package descriptor '/home/wapush/AGV/bumperbot_ws/install/bumperbot_firmware/share/bumperbot_firmware/package.dsv'
[1.301s] INFO:colcon.colcon_core.shell:Creating package script '/home/wapush/AGV/bumperbot_ws/install/bumperbot_firmware/share/bumperbot_firmware/package.sh'
[1.301s] INFO:colcon.colcon_core.shell:Creating package script '/home/wapush/AGV/bumperbot_ws/install/bumperbot_firmware/share/bumperbot_firmware/package.bash'
[1.301s] INFO:colcon.colcon_core.shell:Creating package script '/home/wapush/AGV/bumperbot_ws/install/bumperbot_firmware/share/bumperbot_firmware/package.zsh'
[1.302s] Level 1:colcon.colcon_core.environment:create_file_with_runtime_dependencies(/home/wapush/AGV/bumperbot_ws/install/bumperbot_firmware/share/colcon-core/packages/bumperbot_firmware)
[1.302s] Level 1:colcon.colcon_core.environment:create_environment_scripts_only(bumperbot_firmware)
[1.302s] Level 1:colcon.colcon_core.environment:checking '/home/wapush/AGV/bumperbot_ws/install/bumperbot_firmware' for CMake module files
[1.302s] Level 1:colcon.colcon_core.environment:checking '/home/wapush/AGV/bumperbot_ws/install/bumperbot_firmware' for CMake config files
[1.303s] Level 1:colcon.colcon_core.shell:create_environment_hook('bumperbot_firmware', 'cmake_prefix_path')
[1.303s] INFO:colcon.colcon_core.shell:Creating environment hook '/home/wapush/AGV/bumperbot_ws/install/bumperbot_firmware/share/bumperbot_firmware/hook/cmake_prefix_path.ps1'
[1.303s] INFO:colcon.colcon_core.shell:Creating environment descriptor '/home/wapush/AGV/bumperbot_ws/install/bumperbot_firmware/share/bumperbot_firmware/hook/cmake_prefix_path.dsv'
[1.303s] INFO:colcon.colcon_core.shell:Creating environment hook '/home/wapush/AGV/bumperbot_ws/install/bumperbot_firmware/share/bumperbot_firmware/hook/cmake_prefix_path.sh'
[1.303s] Level 1:colcon.colcon_core.environment:checking '/home/wapush/AGV/bumperbot_ws/install/bumperbot_firmware/lib'
[1.304s] Level 1:colcon.colcon_core.shell:create_environment_hook('bumperbot_firmware', 'ld_library_path_lib')
[1.304s] INFO:colcon.colcon_core.shell:Creating environment hook '/home/wapush/AGV/bumperbot_ws/install/bumperbot_firmware/share/bumperbot_firmware/hook/ld_library_path_lib.ps1'
[1.304s] INFO:colcon.colcon_core.shell:Creating environment descriptor '/home/wapush/AGV/bumperbot_ws/install/bumperbot_firmware/share/bumperbot_firmware/hook/ld_library_path_lib.dsv'
[1.304s] INFO:colcon.colcon_core.shell:Creating environment hook '/home/wapush/AGV/bumperbot_ws/install/bumperbot_firmware/share/bumperbot_firmware/hook/ld_library_path_lib.sh'
[1.304s] Level 1:colcon.colcon_core.environment:checking '/home/wapush/AGV/bumperbot_ws/install/bumperbot_firmware/bin'
[1.304s] Level 1:colcon.colcon_core.environment:checking '/home/wapush/AGV/bumperbot_ws/install/bumperbot_firmware/lib/pkgconfig/bumperbot_firmware.pc'
[1.304s] Level 1:colcon.colcon_core.environment:checking '/home/wapush/AGV/bumperbot_ws/install/bumperbot_firmware/lib/python3.10/site-packages'
[1.304s] Level 1:colcon.colcon_core.shell:create_environment_hook('bumperbot_firmware', 'pythonpath')
[1.305s] INFO:colcon.colcon_core.shell:Creating environment hook '/home/wapush/AGV/bumperbot_ws/install/bumperbot_firmware/share/bumperbot_firmware/hook/pythonpath.ps1'
[1.305s] INFO:colcon.colcon_core.shell:Creating environment descriptor '/home/wapush/AGV/bumperbot_ws/install/bumperbot_firmware/share/bumperbot_firmware/hook/pythonpath.dsv'
[1.305s] INFO:colcon.colcon_core.shell:Creating environment hook '/home/wapush/AGV/bumperbot_ws/install/bumperbot_firmware/share/bumperbot_firmware/hook/pythonpath.sh'
[1.305s] Level 1:colcon.colcon_core.environment:checking '/home/wapush/AGV/bumperbot_ws/install/bumperbot_firmware/bin'
[1.306s] INFO:colcon.colcon_core.shell:Creating package script '/home/wapush/AGV/bumperbot_ws/install/bumperbot_firmware/share/bumperbot_firmware/package.ps1'
[1.306s] INFO:colcon.colcon_core.shell:Creating package descriptor '/home/wapush/AGV/bumperbot_ws/install/bumperbot_firmware/share/bumperbot_firmware/package.dsv'
[1.306s] INFO:colcon.colcon_core.shell:Creating package script '/home/wapush/AGV/bumperbot_ws/install/bumperbot_firmware/share/bumperbot_firmware/package.sh'
[1.306s] INFO:colcon.colcon_core.shell:Creating package script '/home/wapush/AGV/bumperbot_ws/install/bumperbot_firmware/share/bumperbot_firmware/package.bash'
[1.307s] INFO:colcon.colcon_core.shell:Creating package script '/home/wapush/AGV/bumperbot_ws/install/bumperbot_firmware/share/bumperbot_firmware/package.zsh'
[1.307s] Level 1:colcon.colcon_core.environment:create_file_with_runtime_dependencies(/home/wapush/AGV/bumperbot_ws/install/bumperbot_firmware/share/colcon-core/packages/bumperbot_firmware)
[1.307s] Level 1:colcon.colcon_core.environment:create_environment_scripts_only(bumperbot_localization)
[1.307s] Level 1:colcon.colcon_core.environment:checking '/home/wapush/AGV/bumperbot_ws/install/bumperbot_localization' for CMake module files
[1.309s] DEBUG:colcon.colcon_core.event_handler.log_command:Invoked command in '/home/wapush/AGV/bumperbot_ws/build/bumperbot_localization' returned '0': CMAKE_PREFIX_PATH=/opt/ros/iron /usr/bin/cmake --install /home/wapush/AGV/bumperbot_ws/build/bumperbot_localization
[1.309s] Level 1:colcon.colcon_core.environment:checking '/home/wapush/AGV/bumperbot_ws/install/bumperbot_localization' for CMake config files
[1.309s] Level 1:colcon.colcon_core.shell:create_environment_hook('bumperbot_localization', 'cmake_prefix_path')
[1.309s] INFO:colcon.colcon_core.shell:Creating environment hook '/home/wapush/AGV/bumperbot_ws/install/bumperbot_localization/share/bumperbot_localization/hook/cmake_prefix_path.ps1'
[1.309s] INFO:colcon.colcon_core.shell:Creating environment descriptor '/home/wapush/AGV/bumperbot_ws/install/bumperbot_localization/share/bumperbot_localization/hook/cmake_prefix_path.dsv'
[1.310s] INFO:colcon.colcon_core.shell:Creating environment hook '/home/wapush/AGV/bumperbot_ws/install/bumperbot_localization/share/bumperbot_localization/hook/cmake_prefix_path.sh'
[1.310s] Level 1:colcon.colcon_core.environment:checking '/home/wapush/AGV/bumperbot_ws/install/bumperbot_localization/lib'
[1.310s] Level 1:colcon.colcon_core.environment:checking '/home/wapush/AGV/bumperbot_ws/install/bumperbot_localization/bin'
[1.310s] Level 1:colcon.colcon_core.environment:checking '/home/wapush/AGV/bumperbot_ws/install/bumperbot_localization/lib/pkgconfig/bumperbot_localization.pc'
[1.310s] Level 1:colcon.colcon_core.environment:checking '/home/wapush/AGV/bumperbot_ws/install/bumperbot_localization/lib/python3.10/site-packages'
[1.310s] Level 1:colcon.colcon_core.shell:create_environment_hook('bumperbot_localization', 'pythonpath')
[1.311s] INFO:colcon.colcon_core.shell:Creating environment hook '/home/wapush/AGV/bumperbot_ws/install/bumperbot_localization/share/bumperbot_localization/hook/pythonpath.ps1'
[1.311s] INFO:colcon.colcon_core.shell:Creating environment descriptor '/home/wapush/AGV/bumperbot_ws/install/bumperbot_localization/share/bumperbot_localization/hook/pythonpath.dsv'
[1.311s] INFO:colcon.colcon_core.shell:Creating environment hook '/home/wapush/AGV/bumperbot_ws/install/bumperbot_localization/share/bumperbot_localization/hook/pythonpath.sh'
[1.311s] Level 1:colcon.colcon_core.environment:checking '/home/wapush/AGV/bumperbot_ws/install/bumperbot_localization/bin'
[1.311s] INFO:colcon.colcon_core.shell:Creating package script '/home/wapush/AGV/bumperbot_ws/install/bumperbot_localization/share/bumperbot_localization/package.ps1'
[1.312s] INFO:colcon.colcon_core.shell:Creating package descriptor '/home/wapush/AGV/bumperbot_ws/install/bumperbot_localization/share/bumperbot_localization/package.dsv'
[1.312s] INFO:colcon.colcon_core.shell:Creating package script '/home/wapush/AGV/bumperbot_ws/install/bumperbot_localization/share/bumperbot_localization/package.sh'
[1.312s] INFO:colcon.colcon_core.shell:Creating package script '/home/wapush/AGV/bumperbot_ws/install/bumperbot_localization/share/bumperbot_localization/package.bash'
[1.312s] INFO:colcon.colcon_core.shell:Creating package script '/home/wapush/AGV/bumperbot_ws/install/bumperbot_localization/share/bumperbot_localization/package.zsh'
[1.312s] Level 1:colcon.colcon_core.environment:create_file_with_runtime_dependencies(/home/wapush/AGV/bumperbot_ws/install/bumperbot_localization/share/colcon-core/packages/bumperbot_localization)
[1.313s] Level 1:colcon.colcon_core.environment:create_environment_scripts_only(bumperbot_localization)
[1.313s] Level 1:colcon.colcon_core.environment:checking '/home/wapush/AGV/bumperbot_ws/install/bumperbot_localization' for CMake module files
[1.313s] Level 1:colcon.colcon_core.environment:checking '/home/wapush/AGV/bumperbot_ws/install/bumperbot_localization' for CMake config files
[1.313s] Level 1:colcon.colcon_core.shell:create_environment_hook('bumperbot_localization', 'cmake_prefix_path')
[1.313s] INFO:colcon.colcon_core.shell:Creating environment hook '/home/wapush/AGV/bumperbot_ws/install/bumperbot_localization/share/bumperbot_localization/hook/cmake_prefix_path.ps1'
[1.314s] INFO:colcon.colcon_core.shell:Creating environment descriptor '/home/wapush/AGV/bumperbot_ws/install/bumperbot_localization/share/bumperbot_localization/hook/cmake_prefix_path.dsv'
[1.314s] INFO:colcon.colcon_core.shell:Creating environment hook '/home/wapush/AGV/bumperbot_ws/install/bumperbot_localization/share/bumperbot_localization/hook/cmake_prefix_path.sh'
[1.314s] Level 1:colcon.colcon_core.environment:checking '/home/wapush/AGV/bumperbot_ws/install/bumperbot_localization/lib'
[1.314s] Level 1:colcon.colcon_core.environment:checking '/home/wapush/AGV/bumperbot_ws/install/bumperbot_localization/bin'
[1.314s] Level 1:colcon.colcon_core.environment:checking '/home/wapush/AGV/bumperbot_ws/install/bumperbot_localization/lib/pkgconfig/bumperbot_localization.pc'
[1.314s] Level 1:colcon.colcon_core.environment:checking '/home/wapush/AGV/bumperbot_ws/install/bumperbot_localization/lib/python3.10/site-packages'
[1.314s] Level 1:colcon.colcon_core.shell:create_environment_hook('bumperbot_localization', 'pythonpath')
[1.315s] INFO:colcon.colcon_core.shell:Creating environment hook '/home/wapush/AGV/bumperbot_ws/install/bumperbot_localization/share/bumperbot_localization/hook/pythonpath.ps1'
[1.315s] INFO:colcon.colcon_core.shell:Creating environment descriptor '/home/wapush/AGV/bumperbot_ws/install/bumperbot_localization/share/bumperbot_localization/hook/pythonpath.dsv'
[1.315s] INFO:colcon.colcon_core.shell:Creating environment hook '/home/wapush/AGV/bumperbot_ws/install/bumperbot_localization/share/bumperbot_localization/hook/pythonpath.sh'
[1.315s] Level 1:colcon.colcon_core.environment:checking '/home/wapush/AGV/bumperbot_ws/install/bumperbot_localization/bin'
[1.315s] INFO:colcon.colcon_core.shell:Creating package script '/home/wapush/AGV/bumperbot_ws/install/bumperbot_localization/share/bumperbot_localization/package.ps1'
[1.316s] INFO:colcon.colcon_core.shell:Creating package descriptor '/home/wapush/AGV/bumperbot_ws/install/bumperbot_localization/share/bumperbot_localization/package.dsv'
[1.316s] INFO:colcon.colcon_core.shell:Creating package script '/home/wapush/AGV/bumperbot_ws/install/bumperbot_localization/share/bumperbot_localization/package.sh'
[1.317s] INFO:colcon.colcon_core.shell:Creating package script '/home/wapush/AGV/bumperbot_ws/install/bumperbot_localization/share/bumperbot_localization/package.bash'
[1.317s] INFO:colcon.colcon_core.shell:Creating package script '/home/wapush/AGV/bumperbot_ws/install/bumperbot_localization/share/bumperbot_localization/package.zsh'
[1.317s] Level 1:colcon.colcon_core.environment:create_file_with_runtime_dependencies(/home/wapush/AGV/bumperbot_ws/install/bumperbot_localization/share/colcon-core/packages/bumperbot_localization)
[1.318s] Level 1:colcon.colcon_core.environment:create_environment_scripts_only(bumperbot_controller)
[1.318s] Level 1:colcon.colcon_core.environment:checking '/home/wapush/AGV/bumperbot_ws/install/bumperbot_controller' for CMake module files
[1.319s] DEBUG:colcon.colcon_core.event_handler.log_command:Invoked command in '/home/wapush/AGV/bumperbot_ws/build/bumperbot_controller' returned '0': CMAKE_PREFIX_PATH=/opt/ros/iron /usr/bin/cmake --install /home/wapush/AGV/bumperbot_ws/build/bumperbot_controller
[1.320s] Level 1:colcon.colcon_core.environment:checking '/home/wapush/AGV/bumperbot_ws/install/bumperbot_controller' for CMake config files
[1.322s] Level 1:colcon.colcon_core.shell:create_environment_hook('bumperbot_controller', 'cmake_prefix_path')
[1.322s] INFO:colcon.colcon_core.shell:Creating environment hook '/home/wapush/AGV/bumperbot_ws/install/bumperbot_controller/share/bumperbot_controller/hook/cmake_prefix_path.ps1'
[1.322s] INFO:colcon.colcon_core.shell:Creating environment descriptor '/home/wapush/AGV/bumperbot_ws/install/bumperbot_controller/share/bumperbot_controller/hook/cmake_prefix_path.dsv'
[1.323s] INFO:colcon.colcon_core.shell:Creating environment hook '/home/wapush/AGV/bumperbot_ws/install/bumperbot_controller/share/bumperbot_controller/hook/cmake_prefix_path.sh'
[1.323s] Level 1:colcon.colcon_core.environment:checking '/home/wapush/AGV/bumperbot_ws/install/bumperbot_controller/lib'
[1.323s] Level 1:colcon.colcon_core.environment:checking '/home/wapush/AGV/bumperbot_ws/install/bumperbot_controller/bin'
[1.323s] Level 1:colcon.colcon_core.environment:checking '/home/wapush/AGV/bumperbot_ws/install/bumperbot_controller/lib/pkgconfig/bumperbot_controller.pc'
[1.323s] Level 1:colcon.colcon_core.environment:checking '/home/wapush/AGV/bumperbot_ws/install/bumperbot_controller/lib/python3.10/site-packages'
[1.323s] Level 1:colcon.colcon_core.shell:create_environment_hook('bumperbot_controller', 'pythonpath')
[1.323s] INFO:colcon.colcon_core.shell:Creating environment hook '/home/wapush/AGV/bumperbot_ws/install/bumperbot_controller/share/bumperbot_controller/hook/pythonpath.ps1'
[1.324s] INFO:colcon.colcon_core.shell:Creating environment descriptor '/home/wapush/AGV/bumperbot_ws/install/bumperbot_controller/share/bumperbot_controller/hook/pythonpath.dsv'
[1.324s] INFO:colcon.colcon_core.shell:Creating environment hook '/home/wapush/AGV/bumperbot_ws/install/bumperbot_controller/share/bumperbot_controller/hook/pythonpath.sh'
[1.324s] Level 1:colcon.colcon_core.environment:checking '/home/wapush/AGV/bumperbot_ws/install/bumperbot_controller/bin'
[1.325s] INFO:colcon.colcon_core.shell:Creating package script '/home/wapush/AGV/bumperbot_ws/install/bumperbot_controller/share/bumperbot_controller/package.ps1'
[1.325s] INFO:colcon.colcon_core.shell:Creating package descriptor '/home/wapush/AGV/bumperbot_ws/install/bumperbot_controller/share/bumperbot_controller/package.dsv'
[1.325s] INFO:colcon.colcon_core.shell:Creating package script '/home/wapush/AGV/bumperbot_ws/install/bumperbot_controller/share/bumperbot_controller/package.sh'
[1.326s] INFO:colcon.colcon_core.shell:Creating package script '/home/wapush/AGV/bumperbot_ws/install/bumperbot_controller/share/bumperbot_controller/package.bash'
[1.326s] INFO:colcon.colcon_core.shell:Creating package script '/home/wapush/AGV/bumperbot_ws/install/bumperbot_controller/share/bumperbot_controller/package.zsh'
[1.326s] Level 1:colcon.colcon_core.environment:create_file_with_runtime_dependencies(/home/wapush/AGV/bumperbot_ws/install/bumperbot_controller/share/colcon-core/packages/bumperbot_controller)
[1.327s] Level 1:colcon.colcon_core.environment:create_environment_scripts_only(bumperbot_controller)
[1.327s] Level 1:colcon.colcon_core.environment:checking '/home/wapush/AGV/bumperbot_ws/install/bumperbot_controller' for CMake module files
[1.327s] Level 1:colcon.colcon_core.environment:checking '/home/wapush/AGV/bumperbot_ws/install/bumperbot_controller' for CMake config files
[1.327s] Level 1:colcon.colcon_core.shell:create_environment_hook('bumperbot_controller', 'cmake_prefix_path')
[1.328s] INFO:colcon.colcon_core.shell:Creating environment hook '/home/wapush/AGV/bumperbot_ws/install/bumperbot_controller/share/bumperbot_controller/hook/cmake_prefix_path.ps1'
[1.328s] INFO:colcon.colcon_core.shell:Creating environment descriptor '/home/wapush/AGV/bumperbot_ws/install/bumperbot_controller/share/bumperbot_controller/hook/cmake_prefix_path.dsv'
[1.328s] INFO:colcon.colcon_core.shell:Creating environment hook '/home/wapush/AGV/bumperbot_ws/install/bumperbot_controller/share/bumperbot_controller/hook/cmake_prefix_path.sh'
[1.328s] Level 1:colcon.colcon_core.environment:checking '/home/wapush/AGV/bumperbot_ws/install/bumperbot_controller/lib'
[1.329s] Level 1:colcon.colcon_core.environment:checking '/home/wapush/AGV/bumperbot_ws/install/bumperbot_controller/bin'
[1.329s] Level 1:colcon.colcon_core.environment:checking '/home/wapush/AGV/bumperbot_ws/install/bumperbot_controller/lib/pkgconfig/bumperbot_controller.pc'
[1.329s] Level 1:colcon.colcon_core.environment:checking '/home/wapush/AGV/bumperbot_ws/install/bumperbot_controller/lib/python3.10/site-packages'
[1.329s] Level 1:colcon.colcon_core.shell:create_environment_hook('bumperbot_controller', 'pythonpath')
[1.329s] INFO:colcon.colcon_core.shell:Creating environment hook '/home/wapush/AGV/bumperbot_ws/install/bumperbot_controller/share/bumperbot_controller/hook/pythonpath.ps1'
[1.329s] INFO:colcon.colcon_core.shell:Creating environment descriptor '/home/wapush/AGV/bumperbot_ws/install/bumperbot_controller/share/bumperbot_controller/hook/pythonpath.dsv'
[1.329s] INFO:colcon.colcon_core.shell:Creating environment hook '/home/wapush/AGV/bumperbot_ws/install/bumperbot_controller/share/bumperbot_controller/hook/pythonpath.sh'
[1.330s] Level 1:colcon.colcon_core.environment:checking '/home/wapush/AGV/bumperbot_ws/install/bumperbot_controller/bin'
[1.330s] INFO:colcon.colcon_core.shell:Creating package script '/home/wapush/AGV/bumperbot_ws/install/bumperbot_controller/share/bumperbot_controller/package.ps1'
[1.330s] INFO:colcon.colcon_core.shell:Creating package descriptor '/home/wapush/AGV/bumperbot_ws/install/bumperbot_controller/share/bumperbot_controller/package.dsv'
[1.331s] INFO:colcon.colcon_core.shell:Creating package script '/home/wapush/AGV/bumperbot_ws/install/bumperbot_controller/share/bumperbot_controller/package.sh'
[1.331s] INFO:colcon.colcon_core.shell:Creating package script '/home/wapush/AGV/bumperbot_ws/install/bumperbot_controller/share/bumperbot_controller/package.bash'
[1.331s] INFO:colcon.colcon_core.shell:Creating package script '/home/wapush/AGV/bumperbot_ws/install/bumperbot_controller/share/bumperbot_controller/package.zsh'
[1.331s] Level 1:colcon.colcon_core.environment:create_file_with_runtime_dependencies(/home/wapush/AGV/bumperbot_ws/install/bumperbot_controller/share/colcon-core/packages/bumperbot_controller)
[1.332s] Level 1:colcon.colcon_core.environment:create_environment_scripts_only(bumperbot_utils)
[1.333s] Level 1:colcon.colcon_core.environment:checking '/home/wapush/AGV/bumperbot_ws/install/bumperbot_utils' for CMake module files
[1.333s] DEBUG:colcon.colcon_core.event_handler.log_command:Invoked command in '/home/wapush/AGV/bumperbot_ws/build/bumperbot_utils' returned '0': CMAKE_PREFIX_PATH=/opt/ros/iron /usr/bin/cmake --install /home/wapush/AGV/bumperbot_ws/build/bumperbot_utils
[1.333s] Level 1:colcon.colcon_core.environment:checking '/home/wapush/AGV/bumperbot_ws/install/bumperbot_utils' for CMake config files
[1.334s] Level 1:colcon.colcon_core.shell:create_environment_hook('bumperbot_utils', 'cmake_prefix_path')
[1.334s] INFO:colcon.colcon_core.shell:Creating environment hook '/home/wapush/AGV/bumperbot_ws/install/bumperbot_utils/share/bumperbot_utils/hook/cmake_prefix_path.ps1'
[1.334s] INFO:colcon.colcon_core.shell:Creating environment descriptor '/home/wapush/AGV/bumperbot_ws/install/bumperbot_utils/share/bumperbot_utils/hook/cmake_prefix_path.dsv'
[1.334s] INFO:colcon.colcon_core.shell:Creating environment hook '/home/wapush/AGV/bumperbot_ws/install/bumperbot_utils/share/bumperbot_utils/hook/cmake_prefix_path.sh'
[1.335s] Level 1:colcon.colcon_core.environment:checking '/home/wapush/AGV/bumperbot_ws/install/bumperbot_utils/lib'
[1.335s] Level 1:colcon.colcon_core.environment:checking '/home/wapush/AGV/bumperbot_ws/install/bumperbot_utils/bin'
[1.335s] Level 1:colcon.colcon_core.environment:checking '/home/wapush/AGV/bumperbot_ws/install/bumperbot_utils/lib/pkgconfig/bumperbot_utils.pc'
[1.335s] Level 1:colcon.colcon_core.environment:checking '/home/wapush/AGV/bumperbot_ws/install/bumperbot_utils/lib/python3.10/site-packages'
[1.335s] Level 1:colcon.colcon_core.shell:create_environment_hook('bumperbot_utils', 'pythonpath')
[1.335s] INFO:colcon.colcon_core.shell:Creating environment hook '/home/wapush/AGV/bumperbot_ws/install/bumperbot_utils/share/bumperbot_utils/hook/pythonpath.ps1'
[1.335s] INFO:colcon.colcon_core.shell:Creating environment descriptor '/home/wapush/AGV/bumperbot_ws/install/bumperbot_utils/share/bumperbot_utils/hook/pythonpath.dsv'
[1.335s] INFO:colcon.colcon_core.shell:Creating environment hook '/home/wapush/AGV/bumperbot_ws/install/bumperbot_utils/share/bumperbot_utils/hook/pythonpath.sh'
[1.336s] Level 1:colcon.colcon_core.environment:checking '/home/wapush/AGV/bumperbot_ws/install/bumperbot_utils/bin'
[1.336s] INFO:colcon.colcon_core.shell:Creating package script '/home/wapush/AGV/bumperbot_ws/install/bumperbot_utils/share/bumperbot_utils/package.ps1'
[1.336s] INFO:colcon.colcon_core.shell:Creating package descriptor '/home/wapush/AGV/bumperbot_ws/install/bumperbot_utils/share/bumperbot_utils/package.dsv'
[1.337s] INFO:colcon.colcon_core.shell:Creating package script '/home/wapush/AGV/bumperbot_ws/install/bumperbot_utils/share/bumperbot_utils/package.sh'
[1.337s] INFO:colcon.colcon_core.shell:Creating package script '/home/wapush/AGV/bumperbot_ws/install/bumperbot_utils/share/bumperbot_utils/package.bash'
[1.337s] INFO:colcon.colcon_core.shell:Creating package script '/home/wapush/AGV/bumperbot_ws/install/bumperbot_utils/share/bumperbot_utils/package.zsh'
[1.337s] Level 1:colcon.colcon_core.environment:create_file_with_runtime_dependencies(/home/wapush/AGV/bumperbot_ws/install/bumperbot_utils/share/colcon-core/packages/bumperbot_utils)
[1.338s] Level 1:colcon.colcon_core.environment:create_environment_scripts_only(bumperbot_utils)
[1.338s] Level 1:colcon.colcon_core.environment:checking '/home/wapush/AGV/bumperbot_ws/install/bumperbot_utils' for CMake module files
[1.338s] Level 1:colcon.colcon_core.environment:checking '/home/wapush/AGV/bumperbot_ws/install/bumperbot_utils' for CMake config files
[1.338s] Level 1:colcon.colcon_core.shell:create_environment_hook('bumperbot_utils', 'cmake_prefix_path')
[1.338s] INFO:colcon.colcon_core.shell:Creating environment hook '/home/wapush/AGV/bumperbot_ws/install/bumperbot_utils/share/bumperbot_utils/hook/cmake_prefix_path.ps1'
[1.339s] INFO:colcon.colcon_core.shell:Creating environment descriptor '/home/wapush/AGV/bumperbot_ws/install/bumperbot_utils/share/bumperbot_utils/hook/cmake_prefix_path.dsv'
[1.339s] INFO:colcon.colcon_core.shell:Creating environment hook '/home/wapush/AGV/bumperbot_ws/install/bumperbot_utils/share/bumperbot_utils/hook/cmake_prefix_path.sh'
[1.339s] Level 1:colcon.colcon_core.environment:checking '/home/wapush/AGV/bumperbot_ws/install/bumperbot_utils/lib'
[1.339s] Level 1:colcon.colcon_core.environment:checking '/home/wapush/AGV/bumperbot_ws/install/bumperbot_utils/bin'
[1.339s] Level 1:colcon.colcon_core.environment:checking '/home/wapush/AGV/bumperbot_ws/install/bumperbot_utils/lib/pkgconfig/bumperbot_utils.pc'
[1.339s] Level 1:colcon.colcon_core.environment:checking '/home/wapush/AGV/bumperbot_ws/install/bumperbot_utils/lib/python3.10/site-packages'
[1.339s] Level 1:colcon.colcon_core.shell:create_environment_hook('bumperbot_utils', 'pythonpath')
[1.339s] INFO:colcon.colcon_core.shell:Creating environment hook '/home/wapush/AGV/bumperbot_ws/install/bumperbot_utils/share/bumperbot_utils/hook/pythonpath.ps1'
[1.340s] INFO:colcon.colcon_core.shell:Creating environment descriptor '/home/wapush/AGV/bumperbot_ws/install/bumperbot_utils/share/bumperbot_utils/hook/pythonpath.dsv'
[1.340s] INFO:colcon.colcon_core.shell:Creating environment hook '/home/wapush/AGV/bumperbot_ws/install/bumperbot_utils/share/bumperbot_utils/hook/pythonpath.sh'
[1.340s] Level 1:colcon.colcon_core.environment:checking '/home/wapush/AGV/bumperbot_ws/install/bumperbot_utils/bin'
[1.340s] INFO:colcon.colcon_core.shell:Creating package script '/home/wapush/AGV/bumperbot_ws/install/bumperbot_utils/share/bumperbot_utils/package.ps1'
[1.341s] INFO:colcon.colcon_core.shell:Creating package descriptor '/home/wapush/AGV/bumperbot_ws/install/bumperbot_utils/share/bumperbot_utils/package.dsv'
[1.341s] INFO:colcon.colcon_core.shell:Creating package script '/home/wapush/AGV/bumperbot_ws/install/bumperbot_utils/share/bumperbot_utils/package.sh'
[1.341s] INFO:colcon.colcon_core.shell:Creating package script '/home/wapush/AGV/bumperbot_ws/install/bumperbot_utils/share/bumperbot_utils/package.bash'
[1.341s] INFO:colcon.colcon_core.shell:Creating package script '/home/wapush/AGV/bumperbot_ws/install/bumperbot_utils/share/bumperbot_utils/package.zsh'
[1.342s] Level 1:colcon.colcon_core.environment:create_file_with_runtime_dependencies(/home/wapush/AGV/bumperbot_ws/install/bumperbot_utils/share/colcon-core/packages/bumperbot_utils)
[1.418s] DEBUG:colcon.colcon_core.event_handler.log_command:Invoking command in '/home/wapush/AGV/bumperbot_ws/src/bumperbot_py_examples': PYTHONPATH=/home/wapush/AGV/bumperbot_ws/build/bumperbot_py_examples/prefix_override:/usr/lib/python3/dist-packages/colcon_core/task/python/colcon_distutils_commands:/home/wapush/AGV/bumperbot_ws/install/bumperbot_py_examples/lib/python3.10/site-packages:${PYTHONPATH} /usr/bin/python3 -W ignore:setup.py install is deprecated -W ignore:easy_install command is deprecated setup.py egg_info --egg-base ../../build/bumperbot_py_examples build --build-base /home/wapush/AGV/bumperbot_ws/build/bumperbot_py_examples/build install --record /home/wapush/AGV/bumperbot_ws/build/bumperbot_py_examples/install.log --single-version-externally-managed install_data
[1.594s] Level 1:colcon.colcon_core.environment:checking '/home/wapush/AGV/bumperbot_ws/install/bumperbot_py_examples' for CMake module files
[1.595s] DEBUG:colcon.colcon_core.event_handler.log_command:Invoked command in '/home/wapush/AGV/bumperbot_ws/src/bumperbot_py_examples' returned '0': PYTHONPATH=/home/wapush/AGV/bumperbot_ws/build/bumperbot_py_examples/prefix_override:/usr/lib/python3/dist-packages/colcon_core/task/python/colcon_distutils_commands:/home/wapush/AGV/bumperbot_ws/install/bumperbot_py_examples/lib/python3.10/site-packages:${PYTHONPATH} /usr/bin/python3 -W ignore:setup.py install is deprecated -W ignore:easy_install command is deprecated setup.py egg_info --egg-base ../../build/bumperbot_py_examples build --build-base /home/wapush/AGV/bumperbot_ws/build/bumperbot_py_examples/build install --record /home/wapush/AGV/bumperbot_ws/build/bumperbot_py_examples/install.log --single-version-externally-managed install_data
[1.595s] Level 1:colcon.colcon_core.environment:checking '/home/wapush/AGV/bumperbot_ws/install/bumperbot_py_examples' for CMake config files
[1.595s] Level 1:colcon.colcon_core.environment:checking '/home/wapush/AGV/bumperbot_ws/install/bumperbot_py_examples/lib'
[1.595s] Level 1:colcon.colcon_core.environment:checking '/home/wapush/AGV/bumperbot_ws/install/bumperbot_py_examples/bin'
[1.595s] Level 1:colcon.colcon_core.environment:checking '/home/wapush/AGV/bumperbot_ws/install/bumperbot_py_examples/lib/pkgconfig/bumperbot_py_examples.pc'
[1.595s] Level 1:colcon.colcon_core.environment:checking '/home/wapush/AGV/bumperbot_ws/install/bumperbot_py_examples/lib/python3.10/site-packages'
[1.595s] Level 1:colcon.colcon_core.shell:create_environment_hook('bumperbot_py_examples', 'pythonpath')
[1.596s] INFO:colcon.colcon_core.shell:Creating environment hook '/home/wapush/AGV/bumperbot_ws/install/bumperbot_py_examples/share/bumperbot_py_examples/hook/pythonpath.ps1'
[1.596s] INFO:colcon.colcon_core.shell:Creating environment descriptor '/home/wapush/AGV/bumperbot_ws/install/bumperbot_py_examples/share/bumperbot_py_examples/hook/pythonpath.dsv'
[1.596s] INFO:colcon.colcon_core.shell:Creating environment hook '/home/wapush/AGV/bumperbot_ws/install/bumperbot_py_examples/share/bumperbot_py_examples/hook/pythonpath.sh'
[1.596s] Level 1:colcon.colcon_core.environment:checking '/home/wapush/AGV/bumperbot_ws/install/bumperbot_py_examples/bin'
[1.597s] Level 1:colcon.colcon_core.environment:create_environment_scripts_only(bumperbot_py_examples)
[1.597s] INFO:colcon.colcon_core.shell:Creating package script '/home/wapush/AGV/bumperbot_ws/install/bumperbot_py_examples/share/bumperbot_py_examples/package.ps1'
[1.598s] INFO:colcon.colcon_core.shell:Creating package descriptor '/home/wapush/AGV/bumperbot_ws/install/bumperbot_py_examples/share/bumperbot_py_examples/package.dsv'
[1.598s] INFO:colcon.colcon_core.shell:Creating package script '/home/wapush/AGV/bumperbot_ws/install/bumperbot_py_examples/share/bumperbot_py_examples/package.sh'
[1.598s] INFO:colcon.colcon_core.shell:Creating package script '/home/wapush/AGV/bumperbot_ws/install/bumperbot_py_examples/share/bumperbot_py_examples/package.bash'
[1.599s] INFO:colcon.colcon_core.shell:Creating package script '/home/wapush/AGV/bumperbot_ws/install/bumperbot_py_examples/share/bumperbot_py_examples/package.zsh'
[1.599s] Level 1:colcon.colcon_core.environment:create_file_with_runtime_dependencies(/home/wapush/AGV/bumperbot_ws/install/bumperbot_py_examples/share/colcon-core/packages/bumperbot_py_examples)
[2.952s] DEBUG:colcon.colcon_core.event_handler.log_command:Invoked command in '/home/wapush/AGV/bumperbot_ws/build/bumperbot_bringup' returned '0': CMAKE_PREFIX_PATH=/opt/ros/iron /usr/bin/cmake /home/wapush/AGV/bumperbot_ws/src/bumperbot_bringup -DCMAKE_INSTALL_PREFIX=/home/wapush/AGV/bumperbot_ws/install/bumperbot_bringup
[2.953s] DEBUG:colcon.colcon_core.event_handler.log_command:Invoking command in '/home/wapush/AGV/bumperbot_ws/build/bumperbot_bringup': CMAKE_PREFIX_PATH=/opt/ros/iron /usr/bin/cmake --build /home/wapush/AGV/bumperbot_ws/build/bumperbot_bringup -- -j20 -l20
[2.970s] DEBUG:colcon.colcon_core.event_handler.log_command:Invoked command in '/home/wapush/AGV/bumperbot_ws/build/bumperbot_bringup' returned '0': CMAKE_PREFIX_PATH=/opt/ros/iron /usr/bin/cmake --build /home/wapush/AGV/bumperbot_ws/build/bumperbot_bringup -- -j20 -l20
[2.972s] DEBUG:colcon.colcon_core.event_handler.log_command:Invoking command in '/home/wapush/AGV/bumperbot_ws/build/bumperbot_bringup': CMAKE_PREFIX_PATH=/opt/ros/iron /usr/bin/cmake --install /home/wapush/AGV/bumperbot_ws/build/bumperbot_bringup
[2.981s] Level 1:colcon.colcon_core.environment:create_environment_scripts_only(bumperbot_bringup)
[2.981s] Level 1:colcon.colcon_core.environment:checking '/home/wapush/AGV/bumperbot_ws/install/bumperbot_bringup' for CMake module files
[2.981s] DEBUG:colcon.colcon_core.event_handler.log_command:Invoked command in '/home/wapush/AGV/bumperbot_ws/build/bumperbot_bringup' returned '0': CMAKE_PREFIX_PATH=/opt/ros/iron /usr/bin/cmake --install /home/wapush/AGV/bumperbot_ws/build/bumperbot_bringup
[2.981s] Level 1:colcon.colcon_core.environment:checking '/home/wapush/AGV/bumperbot_ws/install/bumperbot_bringup' for CMake config files
[2.981s] Level 1:colcon.colcon_core.shell:create_environment_hook('bumperbot_bringup', 'cmake_prefix_path')
[2.982s] INFO:colcon.colcon_core.shell:Creating environment hook '/home/wapush/AGV/bumperbot_ws/install/bumperbot_bringup/share/bumperbot_bringup/hook/cmake_prefix_path.ps1'
[2.982s] INFO:colcon.colcon_core.shell:Creating environment descriptor '/home/wapush/AGV/bumperbot_ws/install/bumperbot_bringup/share/bumperbot_bringup/hook/cmake_prefix_path.dsv'
[2.982s] INFO:colcon.colcon_core.shell:Creating environment hook '/home/wapush/AGV/bumperbot_ws/install/bumperbot_bringup/share/bumperbot_bringup/hook/cmake_prefix_path.sh'
[2.983s] Level 1:colcon.colcon_core.environment:checking '/home/wapush/AGV/bumperbot_ws/install/bumperbot_bringup/bin'
[2.983s] Level 1:colcon.colcon_core.environment:checking '/home/wapush/AGV/bumperbot_ws/install/bumperbot_bringup/lib/pkgconfig/bumperbot_bringup.pc'
[2.983s] Level 1:colcon.colcon_core.environment:checking '/home/wapush/AGV/bumperbot_ws/install/bumperbot_bringup/lib/python3.10/site-packages'
[2.983s] Level 1:colcon.colcon_core.environment:checking '/home/wapush/AGV/bumperbot_ws/install/bumperbot_bringup/bin'
[2.983s] INFO:colcon.colcon_core.shell:Creating package script '/home/wapush/AGV/bumperbot_ws/install/bumperbot_bringup/share/bumperbot_bringup/package.ps1'
[2.984s] INFO:colcon.colcon_core.shell:Creating package descriptor '/home/wapush/AGV/bumperbot_ws/install/bumperbot_bringup/share/bumperbot_bringup/package.dsv'
[2.984s] INFO:colcon.colcon_core.shell:Creating package script '/home/wapush/AGV/bumperbot_ws/install/bumperbot_bringup/share/bumperbot_bringup/package.sh'
[2.984s] INFO:colcon.colcon_core.shell:Creating package script '/home/wapush/AGV/bumperbot_ws/install/bumperbot_bringup/share/bumperbot_bringup/package.bash'
[2.984s] INFO:colcon.colcon_core.shell:Creating package script '/home/wapush/AGV/bumperbot_ws/install/bumperbot_bringup/share/bumperbot_bringup/package.zsh'
[2.985s] Level 1:colcon.colcon_core.environment:create_file_with_runtime_dependencies(/home/wapush/AGV/bumperbot_ws/install/bumperbot_bringup/share/colcon-core/packages/bumperbot_bringup)
[2.985s] Level 1:colcon.colcon_core.environment:create_environment_scripts_only(bumperbot_bringup)
[2.985s] Level 1:colcon.colcon_core.environment:checking '/home/wapush/AGV/bumperbot_ws/install/bumperbot_bringup' for CMake module files
[2.986s] Level 1:colcon.colcon_core.environment:checking '/home/wapush/AGV/bumperbot_ws/install/bumperbot_bringup' for CMake config files
[2.986s] Level 1:colcon.colcon_core.shell:create_environment_hook('bumperbot_bringup', 'cmake_prefix_path')
[2.986s] INFO:colcon.colcon_core.shell:Creating environment hook '/home/wapush/AGV/bumperbot_ws/install/bumperbot_bringup/share/bumperbot_bringup/hook/cmake_prefix_path.ps1'
[2.986s] INFO:colcon.colcon_core.shell:Creating environment descriptor '/home/wapush/AGV/bumperbot_ws/install/bumperbot_bringup/share/bumperbot_bringup/hook/cmake_prefix_path.dsv'
[2.986s] INFO:colcon.colcon_core.shell:Creating environment hook '/home/wapush/AGV/bumperbot_ws/install/bumperbot_bringup/share/bumperbot_bringup/hook/cmake_prefix_path.sh'
[2.987s] Level 1:colcon.colcon_core.environment:checking '/home/wapush/AGV/bumperbot_ws/install/bumperbot_bringup/bin'
[2.987s] Level 1:colcon.colcon_core.environment:checking '/home/wapush/AGV/bumperbot_ws/install/bumperbot_bringup/lib/pkgconfig/bumperbot_bringup.pc'
[2.987s] Level 1:colcon.colcon_core.environment:checking '/home/wapush/AGV/bumperbot_ws/install/bumperbot_bringup/lib/python3.10/site-packages'
[2.987s] Level 1:colcon.colcon_core.environment:checking '/home/wapush/AGV/bumperbot_ws/install/bumperbot_bringup/bin'
[2.987s] INFO:colcon.colcon_core.shell:Creating package script '/home/wapush/AGV/bumperbot_ws/install/bumperbot_bringup/share/bumperbot_bringup/package.ps1'
[2.987s] INFO:colcon.colcon_core.shell:Creating package descriptor '/home/wapush/AGV/bumperbot_ws/install/bumperbot_bringup/share/bumperbot_bringup/package.dsv'
[2.988s] INFO:colcon.colcon_core.shell:Creating package script '/home/wapush/AGV/bumperbot_ws/install/bumperbot_bringup/share/bumperbot_bringup/package.sh'
[2.988s] INFO:colcon.colcon_core.shell:Creating package script '/home/wapush/AGV/bumperbot_ws/install/bumperbot_bringup/share/bumperbot_bringup/package.bash'
[2.988s] INFO:colcon.colcon_core.shell:Creating package script '/home/wapush/AGV/bumperbot_ws/install/bumperbot_bringup/share/bumperbot_bringup/package.zsh'
[2.988s] Level 1:colcon.colcon_core.environment:create_file_with_runtime_dependencies(/home/wapush/AGV/bumperbot_ws/install/bumperbot_bringup/share/colcon-core/packages/bumperbot_bringup)
[2.989s] DEBUG:colcon.colcon_parallel_executor.executor.parallel:closing loop
[2.989s] DEBUG:colcon.colcon_parallel_executor.executor.parallel:loop closed
[2.989s] DEBUG:colcon.colcon_parallel_executor.executor.parallel:run_until_complete finished with '0'
[2.989s] DEBUG:colcon.colcon_core.event_reactor:joining thread
[3.061s] INFO:colcon.colcon_core.plugin_system:Skipping extension 'colcon_notification.desktop_notification.notify_send': Could not find 'notify-send'
[3.061s] INFO:colcon.colcon_core.plugin_system:Skipping extension 'colcon_notification.desktop_notification.terminal_notifier': Not used on non-Darwin systems
[3.061s] INFO:colcon.colcon_core.plugin_system:Skipping extension 'colcon_notification.desktop_notification.win32': Not used on non-Windows systems
[3.061s] INFO:colcon.colcon_notification.desktop_notification:Sending desktop notification using 'notify2'
[3.062s] DEBUG:colcon.colcon_notification.desktop_notification.notify2:Failed to initialize notify2: org.freedesktop.DBus.Error.FileNotFound: Failed to connect to socket /run/user/1000/bus: No such file or directory
[3.062s] DEBUG:colcon.colcon_core.event_reactor:joined thread
[3.062s] INFO:colcon.colcon_core.shell:Creating prefix script '/home/wapush/AGV/bumperbot_ws/install/local_setup.ps1'
[3.063s] INFO:colcon.colcon_core.shell:Creating prefix util module '/home/wapush/AGV/bumperbot_ws/install/_local_setup_util_ps1.py'
[3.064s] INFO:colcon.colcon_core.shell:Creating prefix chain script '/home/wapush/AGV/bumperbot_ws/install/setup.ps1'
[3.065s] INFO:colcon.colcon_core.shell:Creating prefix script '/home/wapush/AGV/bumperbot_ws/install/local_setup.sh'
[3.065s] INFO:colcon.colcon_core.shell:Creating prefix util module '/home/wapush/AGV/bumperbot_ws/install/_local_setup_util_sh.py'
[3.066s] INFO:colcon.colcon_core.shell:Creating prefix chain script '/home/wapush/AGV/bumperbot_ws/install/setup.sh'
[3.066s] INFO:colcon.colcon_core.shell:Creating prefix script '/home/wapush/AGV/bumperbot_ws/install/local_setup.bash'
[3.067s] INFO:colcon.colcon_core.shell:Creating prefix chain script '/home/wapush/AGV/bumperbot_ws/install/setup.bash'
[3.068s] INFO:colcon.colcon_core.shell:Creating prefix script '/home/wapush/AGV/bumperbot_ws/install/local_setup.zsh'
[3.068s] INFO:colcon.colcon_core.shell:Creating prefix chain script '/home/wapush/AGV/bumperbot_ws/install/setup.zsh'
