[0.491s] DEBUG:colcon:Command line arguments: ['/usr/bin/colcon', 'build']
[0.491s] DEBUG:colcon:Parsed command line arguments: Namespace(log_base=None, log_level=None, verb_name='build', build_base='build', install_base='install', merge_install=False, symlink_install=False, test_result_base=None, continue_on_error=False, executor='parallel', parallel_workers=20, event_handlers=None, ignore_user_meta=False, metas=['./colcon.meta'], base_paths=['.'], packages_ignore=None, packages_ignore_regex=None, paths=None, packages_up_to=None, packages_up_to_regex=None, packages_above=None, packages_above_and_dependencies=None, packages_above_depth=None, packages_select_by_dep=None, packages_skip_by_dep=None, packages_skip_up_to=None, packages_select_build_failed=False, packages_skip_build_finished=False, packages_select_test_failures=False, packages_skip_test_passed=False, packages_select=None, packages_skip=None, packages_select_regex=None, packages_skip_regex=None, packages_start=None, packages_end=None, allow_overriding=[], cmake_args=None, cmake_target=None, cmake_target_skip_unavailable=False, cmake_clean_cache=False, cmake_clean_first=False, cmake_force_configure=False, ament_cmake_args=None, catkin_cmake_args=None, catkin_skip_building_tests=False, mixin_files=None, mixin=None, verb_parser=<colcon_mixin.mixin.mixin_argument.MixinArgumentDecorator object at 0x7f91a57692d0>, verb_extension=<colcon_core.verb.build.BuildVerb object at 0x7f91a58f6260>, main=<bound method BuildVerb.main of <colcon_core.verb.build.BuildVerb object at 0x7f91a58f6260>>, mixin_verb=('build',))
[0.655s] Level 1:colcon.colcon_core.package_discovery:discover_packages(colcon_meta) check parameters
[0.655s] Level 1:colcon.colcon_core.package_discovery:discover_packages(recursive) check parameters
[0.655s] Level 1:colcon.colcon_core.package_discovery:discover_packages(ignore) check parameters
[0.655s] Level 1:colcon.colcon_core.package_discovery:discover_packages(path) check parameters
[0.655s] Level 1:colcon.colcon_core.package_discovery:discover_packages(colcon_meta) discover
[0.655s] Level 1:colcon.colcon_core.package_discovery:discover_packages(recursive) discover
[0.655s] INFO:colcon.colcon_core.package_discovery:Crawling recursively for packages in '/home/wapush/AGV/bumperbot_ws'
[0.655s] Level 1:colcon.colcon_core.package_identification:_identify(.) by extensions ['ignore', 'ignore_ament_install']
[0.656s] Level 1:colcon.colcon_core.package_identification:_identify(.) by extension 'ignore'
[0.656s] Level 1:colcon.colcon_core.package_identification:_identify(.) by extension 'ignore_ament_install'
[0.656s] Level 1:colcon.colcon_core.package_identification:_identify(.) by extensions ['colcon_pkg']
[0.656s] Level 1:colcon.colcon_core.package_identification:_identify(.) by extension 'colcon_pkg'
[0.656s] Level 1:colcon.colcon_core.package_identification:_identify(.) by extensions ['colcon_meta']
[0.656s] Level 1:colcon.colcon_core.package_identification:_identify(.) by extension 'colcon_meta'
[0.656s] Level 1:colcon.colcon_core.package_identification:_identify(.) by extensions ['ros']
[0.656s] Level 1:colcon.colcon_core.package_identification:_identify(.) by extension 'ros'
[0.665s] Level 1:colcon.colcon_core.package_identification:_identify(.) by extensions ['cmake', 'python']
[0.665s] Level 1:colcon.colcon_core.package_identification:_identify(.) by extension 'cmake'
[0.665s] Level 1:colcon.colcon_core.package_identification:_identify(.) by extension 'python'
[0.665s] Level 1:colcon.colcon_core.package_identification:_identify(.) by extensions ['python_setup_py']
[0.665s] Level 1:colcon.colcon_core.package_identification:_identify(.) by extension 'python_setup_py'
[0.666s] Level 1:colcon.colcon_core.package_identification:_identify(build) by extensions ['ignore', 'ignore_ament_install']
[0.666s] Level 1:colcon.colcon_core.package_identification:_identify(build) by extension 'ignore'
[0.666s] Level 1:colcon.colcon_core.package_identification:_identify(build) ignored
[0.666s] Level 1:colcon.colcon_core.package_identification:_identify(install) by extensions ['ignore', 'ignore_ament_install']
[0.666s] Level 1:colcon.colcon_core.package_identification:_identify(install) by extension 'ignore'
[0.666s] Level 1:colcon.colcon_core.package_identification:_identify(install) ignored
[0.666s] Level 1:colcon.colcon_core.package_identification:_identify(log) by extensions ['ignore', 'ignore_ament_install']
[0.666s] Level 1:colcon.colcon_core.package_identification:_identify(log) by extension 'ignore'
[0.666s] Level 1:colcon.colcon_core.package_identification:_identify(log) ignored
[0.666s] Level 1:colcon.colcon_core.package_identification:_identify(src) by extensions ['ignore', 'ignore_ament_install']
[0.666s] Level 1:colcon.colcon_core.package_identification:_identify(src) by extension 'ignore'
[0.666s] Level 1:colcon.colcon_core.package_identification:_identify(src) by extension 'ignore_ament_install'
[0.666s] Level 1:colcon.colcon_core.package_identification:_identify(src) by extensions ['colcon_pkg']
[0.666s] Level 1:colcon.colcon_core.package_identification:_identify(src) by extension 'colcon_pkg'
[0.666s] Level 1:colcon.colcon_core.package_identification:_identify(src) by extensions ['colcon_meta']
[0.666s] Level 1:colcon.colcon_core.package_identification:_identify(src) by extension 'colcon_meta'
[0.667s] Level 1:colcon.colcon_core.package_identification:_identify(src) by extensions ['ros']
[0.667s] Level 1:colcon.colcon_core.package_identification:_identify(src) by extension 'ros'
[0.667s] Level 1:colcon.colcon_core.package_identification:_identify(src) by extensions ['cmake', 'python']
[0.667s] Level 1:colcon.colcon_core.package_identification:_identify(src) by extension 'cmake'
[0.667s] Level 1:colcon.colcon_core.package_identification:_identify(src) by extension 'python'
[0.667s] Level 1:colcon.colcon_core.package_identification:_identify(src) by extensions ['python_setup_py']
[0.667s] Level 1:colcon.colcon_core.package_identification:_identify(src) by extension 'python_setup_py'
[0.667s] Level 1:colcon.colcon_core.package_identification:_identify(src/bumperbot_controller) by extensions ['ignore', 'ignore_ament_install']
[0.667s] Level 1:colcon.colcon_core.package_identification:_identify(src/bumperbot_controller) by extension 'ignore'
[0.667s] Level 1:colcon.colcon_core.package_identification:_identify(src/bumperbot_controller) by extension 'ignore_ament_install'
[0.667s] Level 1:colcon.colcon_core.package_identification:_identify(src/bumperbot_controller) by extensions ['colcon_pkg']
[0.667s] Level 1:colcon.colcon_core.package_identification:_identify(src/bumperbot_controller) by extension 'colcon_pkg'
[0.667s] Level 1:colcon.colcon_core.package_identification:_identify(src/bumperbot_controller) by extensions ['colcon_meta']
[0.667s] Level 1:colcon.colcon_core.package_identification:_identify(src/bumperbot_controller) by extension 'colcon_meta'
[0.667s] Level 1:colcon.colcon_core.package_identification:_identify(src/bumperbot_controller) by extensions ['ros']
[0.667s] Level 1:colcon.colcon_core.package_identification:_identify(src/bumperbot_controller) by extension 'ros'
[0.670s] DEBUG:colcon.colcon_core.package_identification:Package 'src/bumperbot_controller' with type 'ros.ament_cmake' and name 'bumperbot_controller'
[0.670s] Level 1:colcon.colcon_core.package_identification:_identify(src/bumperbot_cpp_examples) by extensions ['ignore', 'ignore_ament_install']
[0.671s] Level 1:colcon.colcon_core.package_identification:_identify(src/bumperbot_cpp_examples) by extension 'ignore'
[0.671s] Level 1:colcon.colcon_core.package_identification:_identify(src/bumperbot_cpp_examples) by extension 'ignore_ament_install'
[0.671s] Level 1:colcon.colcon_core.package_identification:_identify(src/bumperbot_cpp_examples) by extensions ['colcon_pkg']
[0.671s] Level 1:colcon.colcon_core.package_identification:_identify(src/bumperbot_cpp_examples) by extension 'colcon_pkg'
[0.671s] Level 1:colcon.colcon_core.package_identification:_identify(src/bumperbot_cpp_examples) by extensions ['colcon_meta']
[0.671s] Level 1:colcon.colcon_core.package_identification:_identify(src/bumperbot_cpp_examples) by extension 'colcon_meta'
[0.671s] Level 1:colcon.colcon_core.package_identification:_identify(src/bumperbot_cpp_examples) by extensions ['ros']
[0.671s] Level 1:colcon.colcon_core.package_identification:_identify(src/bumperbot_cpp_examples) by extension 'ros'
[0.671s] DEBUG:colcon.colcon_core.package_identification:Package 'src/bumperbot_cpp_examples' with type 'ros.ament_cmake' and name 'bumperbot_cpp_examples'
[0.671s] Level 1:colcon.colcon_core.package_identification:_identify(src/bumperbot_description) by extensions ['ignore', 'ignore_ament_install']
[0.672s] Level 1:colcon.colcon_core.package_identification:_identify(src/bumperbot_description) by extension 'ignore'
[0.672s] Level 1:colcon.colcon_core.package_identification:_identify(src/bumperbot_description) by extension 'ignore_ament_install'
[0.672s] Level 1:colcon.colcon_core.package_identification:_identify(src/bumperbot_description) by extensions ['colcon_pkg']
[0.672s] Level 1:colcon.colcon_core.package_identification:_identify(src/bumperbot_description) by extension 'colcon_pkg'
[0.672s] Level 1:colcon.colcon_core.package_identification:_identify(src/bumperbot_description) by extensions ['colcon_meta']
[0.672s] Level 1:colcon.colcon_core.package_identification:_identify(src/bumperbot_description) by extension 'colcon_meta'
[0.672s] Level 1:colcon.colcon_core.package_identification:_identify(src/bumperbot_description) by extensions ['ros']
[0.672s] Level 1:colcon.colcon_core.package_identification:_identify(src/bumperbot_description) by extension 'ros'
[0.672s] DEBUG:colcon.colcon_core.package_identification:Package 'src/bumperbot_description' with type 'ros.ament_cmake' and name 'bumperbot_description'
[0.672s] Level 1:colcon.colcon_core.package_identification:_identify(src/bumperbot_firmware) by extensions ['ignore', 'ignore_ament_install']
[0.672s] Level 1:colcon.colcon_core.package_identification:_identify(src/bumperbot_firmware) by extension 'ignore'
[0.672s] Level 1:colcon.colcon_core.package_identification:_identify(src/bumperbot_firmware) by extension 'ignore_ament_install'
[0.672s] Level 1:colcon.colcon_core.package_identification:_identify(src/bumperbot_firmware) by extensions ['colcon_pkg']
[0.673s] Level 1:colcon.colcon_core.package_identification:_identify(src/bumperbot_firmware) by extension 'colcon_pkg'
[0.673s] Level 1:colcon.colcon_core.package_identification:_identify(src/bumperbot_firmware) by extensions ['colcon_meta']
[0.673s] Level 1:colcon.colcon_core.package_identification:_identify(src/bumperbot_firmware) by extension 'colcon_meta'
[0.673s] Level 1:colcon.colcon_core.package_identification:_identify(src/bumperbot_firmware) by extensions ['ros']
[0.673s] Level 1:colcon.colcon_core.package_identification:_identify(src/bumperbot_firmware) by extension 'ros'
[0.675s] DEBUG:colcon.colcon_core.package_identification:Package 'src/bumperbot_firmware' with type 'ros.ament_cmake' and name 'bumperbot_firmware'
[0.675s] Level 1:colcon.colcon_core.package_identification:_identify(src/bumperbot_localization) by extensions ['ignore', 'ignore_ament_install']
[0.675s] Level 1:colcon.colcon_core.package_identification:_identify(src/bumperbot_localization) by extension 'ignore'
[0.675s] Level 1:colcon.colcon_core.package_identification:_identify(src/bumperbot_localization) by extension 'ignore_ament_install'
[0.675s] Level 1:colcon.colcon_core.package_identification:_identify(src/bumperbot_localization) by extensions ['colcon_pkg']
[0.675s] Level 1:colcon.colcon_core.package_identification:_identify(src/bumperbot_localization) by extension 'colcon_pkg'
[0.675s] Level 1:colcon.colcon_core.package_identification:_identify(src/bumperbot_localization) by extensions ['colcon_meta']
[0.675s] Level 1:colcon.colcon_core.package_identification:_identify(src/bumperbot_localization) by extension 'colcon_meta'
[0.675s] Level 1:colcon.colcon_core.package_identification:_identify(src/bumperbot_localization) by extensions ['ros']
[0.675s] Level 1:colcon.colcon_core.package_identification:_identify(src/bumperbot_localization) by extension 'ros'
[0.676s] DEBUG:colcon.colcon_core.package_identification:Package 'src/bumperbot_localization' with type 'ros.ament_cmake' and name 'bumperbot_localization'
[0.676s] Level 1:colcon.colcon_core.package_identification:_identify(src/bumperbot_mapping) by extensions ['ignore', 'ignore_ament_install']
[0.676s] Level 1:colcon.colcon_core.package_identification:_identify(src/bumperbot_mapping) by extension 'ignore'
[0.676s] Level 1:colcon.colcon_core.package_identification:_identify(src/bumperbot_mapping) by extension 'ignore_ament_install'
[0.676s] Level 1:colcon.colcon_core.package_identification:_identify(src/bumperbot_mapping) by extensions ['colcon_pkg']
[0.676s] Level 1:colcon.colcon_core.package_identification:_identify(src/bumperbot_mapping) by extension 'colcon_pkg'
[0.676s] Level 1:colcon.colcon_core.package_identification:_identify(src/bumperbot_mapping) by extensions ['colcon_meta']
[0.676s] Level 1:colcon.colcon_core.package_identification:_identify(src/bumperbot_mapping) by extension 'colcon_meta'
[0.676s] Level 1:colcon.colcon_core.package_identification:_identify(src/bumperbot_mapping) by extensions ['ros']
[0.676s] Level 1:colcon.colcon_core.package_identification:_identify(src/bumperbot_mapping) by extension 'ros'
[0.677s] DEBUG:colcon.colcon_core.package_identification:Package 'src/bumperbot_mapping' with type 'ros.ament_cmake' and name 'bumperbot_mapping'
[0.677s] Level 1:colcon.colcon_core.package_identification:_identify(src/bumperbot_py_examples) by extensions ['ignore', 'ignore_ament_install']
[0.677s] Level 1:colcon.colcon_core.package_identification:_identify(src/bumperbot_py_examples) by extension 'ignore'
[0.677s] Level 1:colcon.colcon_core.package_identification:_identify(src/bumperbot_py_examples) by extension 'ignore_ament_install'
[0.677s] Level 1:colcon.colcon_core.package_identification:_identify(src/bumperbot_py_examples) by extensions ['colcon_pkg']
[0.677s] Level 1:colcon.colcon_core.package_identification:_identify(src/bumperbot_py_examples) by extension 'colcon_pkg'
[0.677s] Level 1:colcon.colcon_core.package_identification:_identify(src/bumperbot_py_examples) by extensions ['colcon_meta']
[0.677s] Level 1:colcon.colcon_core.package_identification:_identify(src/bumperbot_py_examples) by extension 'colcon_meta'
[0.677s] Level 1:colcon.colcon_core.package_identification:_identify(src/bumperbot_py_examples) by extensions ['ros']
[0.677s] Level 1:colcon.colcon_core.package_identification:_identify(src/bumperbot_py_examples) by extension 'ros'
[0.678s] DEBUG:colcon.colcon_core.package_identification:Package 'src/bumperbot_py_examples' with type 'ros.ament_python' and name 'bumperbot_py_examples'
[0.678s] Level 1:colcon.colcon_core.package_identification:_identify(src/bumperbot_utils) by extensions ['ignore', 'ignore_ament_install']
[0.678s] Level 1:colcon.colcon_core.package_identification:_identify(src/bumperbot_utils) by extension 'ignore'
[0.678s] Level 1:colcon.colcon_core.package_identification:_identify(src/bumperbot_utils) by extension 'ignore_ament_install'
[0.678s] Level 1:colcon.colcon_core.package_identification:_identify(src/bumperbot_utils) by extensions ['colcon_pkg']
[0.678s] Level 1:colcon.colcon_core.package_identification:_identify(src/bumperbot_utils) by extension 'colcon_pkg'
[0.678s] Level 1:colcon.colcon_core.package_identification:_identify(src/bumperbot_utils) by extensions ['colcon_meta']
[0.678s] Level 1:colcon.colcon_core.package_identification:_identify(src/bumperbot_utils) by extension 'colcon_meta'
[0.678s] Level 1:colcon.colcon_core.package_identification:_identify(src/bumperbot_utils) by extensions ['ros']
[0.678s] Level 1:colcon.colcon_core.package_identification:_identify(src/bumperbot_utils) by extension 'ros'
[0.679s] DEBUG:colcon.colcon_core.package_identification:Package 'src/bumperbot_utils' with type 'ros.ament_cmake' and name 'bumperbot_utils'
[0.679s] Level 1:colcon.colcon_core.package_identification:_identify(src/nav2_straightline_planner) by extensions ['ignore', 'ignore_ament_install']
[0.679s] Level 1:colcon.colcon_core.package_identification:_identify(src/nav2_straightline_planner) by extension 'ignore'
[0.679s] Level 1:colcon.colcon_core.package_identification:_identify(src/nav2_straightline_planner) by extension 'ignore_ament_install'
[0.679s] Level 1:colcon.colcon_core.package_identification:_identify(src/nav2_straightline_planner) by extensions ['colcon_pkg']
[0.679s] Level 1:colcon.colcon_core.package_identification:_identify(src/nav2_straightline_planner) by extension 'colcon_pkg'
[0.679s] Level 1:colcon.colcon_core.package_identification:_identify(src/nav2_straightline_planner) by extensions ['colcon_meta']
[0.679s] Level 1:colcon.colcon_core.package_identification:_identify(src/nav2_straightline_planner) by extension 'colcon_meta'
[0.679s] Level 1:colcon.colcon_core.package_identification:_identify(src/nav2_straightline_planner) by extensions ['ros']
[0.679s] Level 1:colcon.colcon_core.package_identification:_identify(src/nav2_straightline_planner) by extension 'ros'
[0.688s] DEBUG:colcon.colcon_core.package_identification:Package 'src/nav2_straightline_planner' with type 'ros.ament_cmake' and name 'nav2_straightline_planner'
[0.688s] Level 1:colcon.colcon_core.package_discovery:discover_packages(recursive) using defaults
[0.689s] Level 1:colcon.colcon_core.package_discovery:discover_packages(ignore) discover
[0.689s] Level 1:colcon.colcon_core.package_discovery:discover_packages(ignore) using defaults
[0.689s] Level 1:colcon.colcon_core.package_discovery:discover_packages(path) discover
[0.689s] Level 1:colcon.colcon_core.package_discovery:discover_packages(path) using defaults
[0.706s] Level 1:colcon.colcon_core.package_discovery:discover_packages(prefix_path) check parameters
[0.706s] Level 1:colcon.colcon_core.package_discovery:discover_packages(prefix_path) discover
[0.708s] DEBUG:colcon.colcon_installed_package_information.package_discovery:Found 387 installed packages in /opt/ros/iron
[0.709s] Level 1:colcon.colcon_core.package_discovery:discover_packages(prefix_path) using defaults
[0.748s] Level 5:colcon.colcon_core.verb:set package 'bumperbot_controller' build argument 'cmake_args' from command line to 'None'
[0.748s] Level 5:colcon.colcon_core.verb:set package 'bumperbot_controller' build argument 'cmake_target' from command line to 'None'
[0.748s] Level 5:colcon.colcon_core.verb:set package 'bumperbot_controller' build argument 'cmake_target_skip_unavailable' from command line to 'False'
[0.748s] Level 5:colcon.colcon_core.verb:set package 'bumperbot_controller' build argument 'cmake_clean_cache' from command line to 'False'
[0.748s] Level 5:colcon.colcon_core.verb:set package 'bumperbot_controller' build argument 'cmake_clean_first' from command line to 'False'
[0.748s] Level 5:colcon.colcon_core.verb:set package 'bumperbot_controller' build argument 'cmake_force_configure' from command line to 'False'
[0.748s] Level 5:colcon.colcon_core.verb:set package 'bumperbot_controller' build argument 'ament_cmake_args' from command line to 'None'
[0.748s] Level 5:colcon.colcon_core.verb:set package 'bumperbot_controller' build argument 'catkin_cmake_args' from command line to 'None'
[0.748s] Level 5:colcon.colcon_core.verb:set package 'bumperbot_controller' build argument 'catkin_skip_building_tests' from command line to 'False'
[0.748s] DEBUG:colcon.colcon_core.verb:Building package 'bumperbot_controller' with the following arguments: {'ament_cmake_args': None, 'build_base': '/home/wapush/AGV/bumperbot_ws/build/bumperbot_controller', 'catkin_cmake_args': None, 'catkin_skip_building_tests': False, 'cmake_args': None, 'cmake_clean_cache': False, 'cmake_clean_first': False, 'cmake_force_configure': False, 'cmake_target': None, 'cmake_target_skip_unavailable': False, 'install_base': '/home/wapush/AGV/bumperbot_ws/install/bumperbot_controller', 'merge_install': False, 'path': '/home/wapush/AGV/bumperbot_ws/src/bumperbot_controller', 'symlink_install': False, 'test_result_base': None}
[0.748s] Level 5:colcon.colcon_core.verb:set package 'bumperbot_cpp_examples' build argument 'cmake_args' from command line to 'None'
[0.748s] Level 5:colcon.colcon_core.verb:set package 'bumperbot_cpp_examples' build argument 'cmake_target' from command line to 'None'
[0.748s] Level 5:colcon.colcon_core.verb:set package 'bumperbot_cpp_examples' build argument 'cmake_target_skip_unavailable' from command line to 'False'
[0.748s] Level 5:colcon.colcon_core.verb:set package 'bumperbot_cpp_examples' build argument 'cmake_clean_cache' from command line to 'False'
[0.748s] Level 5:colcon.colcon_core.verb:set package 'bumperbot_cpp_examples' build argument 'cmake_clean_first' from command line to 'False'
[0.748s] Level 5:colcon.colcon_core.verb:set package 'bumperbot_cpp_examples' build argument 'cmake_force_configure' from command line to 'False'
[0.748s] Level 5:colcon.colcon_core.verb:set package 'bumperbot_cpp_examples' build argument 'ament_cmake_args' from command line to 'None'
[0.748s] Level 5:colcon.colcon_core.verb:set package 'bumperbot_cpp_examples' build argument 'catkin_cmake_args' from command line to 'None'
[0.748s] Level 5:colcon.colcon_core.verb:set package 'bumperbot_cpp_examples' build argument 'catkin_skip_building_tests' from command line to 'False'
[0.748s] DEBUG:colcon.colcon_core.verb:Building package 'bumperbot_cpp_examples' with the following arguments: {'ament_cmake_args': None, 'build_base': '/home/wapush/AGV/bumperbot_ws/build/bumperbot_cpp_examples', 'catkin_cmake_args': None, 'catkin_skip_building_tests': False, 'cmake_args': None, 'cmake_clean_cache': False, 'cmake_clean_first': False, 'cmake_force_configure': False, 'cmake_target': None, 'cmake_target_skip_unavailable': False, 'install_base': '/home/wapush/AGV/bumperbot_ws/install/bumperbot_cpp_examples', 'merge_install': False, 'path': '/home/wapush/AGV/bumperbot_ws/src/bumperbot_cpp_examples', 'symlink_install': False, 'test_result_base': None}
[0.749s] Level 5:colcon.colcon_core.verb:set package 'bumperbot_description' build argument 'cmake_args' from command line to 'None'
[0.749s] Level 5:colcon.colcon_core.verb:set package 'bumperbot_description' build argument 'cmake_target' from command line to 'None'
[0.749s] Level 5:colcon.colcon_core.verb:set package 'bumperbot_description' build argument 'cmake_target_skip_unavailable' from command line to 'False'
[0.749s] Level 5:colcon.colcon_core.verb:set package 'bumperbot_description' build argument 'cmake_clean_cache' from command line to 'False'
[0.749s] Level 5:colcon.colcon_core.verb:set package 'bumperbot_description' build argument 'cmake_clean_first' from command line to 'False'
[0.749s] Level 5:colcon.colcon_core.verb:set package 'bumperbot_description' build argument 'cmake_force_configure' from command line to 'False'
[0.749s] Level 5:colcon.colcon_core.verb:set package 'bumperbot_description' build argument 'ament_cmake_args' from command line to 'None'
[0.749s] Level 5:colcon.colcon_core.verb:set package 'bumperbot_description' build argument 'catkin_cmake_args' from command line to 'None'
[0.749s] Level 5:colcon.colcon_core.verb:set package 'bumperbot_description' build argument 'catkin_skip_building_tests' from command line to 'False'
[0.749s] DEBUG:colcon.colcon_core.verb:Building package 'bumperbot_description' with the following arguments: {'ament_cmake_args': None, 'build_base': '/home/wapush/AGV/bumperbot_ws/build/bumperbot_description', 'catkin_cmake_args': None, 'catkin_skip_building_tests': False, 'cmake_args': None, 'cmake_clean_cache': False, 'cmake_clean_first': False, 'cmake_force_configure': False, 'cmake_target': None, 'cmake_target_skip_unavailable': False, 'install_base': '/home/wapush/AGV/bumperbot_ws/install/bumperbot_description', 'merge_install': False, 'path': '/home/wapush/AGV/bumperbot_ws/src/bumperbot_description', 'symlink_install': False, 'test_result_base': None}
[0.749s] Level 5:colcon.colcon_core.verb:set package 'bumperbot_firmware' build argument 'cmake_args' from command line to 'None'
[0.749s] Level 5:colcon.colcon_core.verb:set package 'bumperbot_firmware' build argument 'cmake_target' from command line to 'None'
[0.749s] Level 5:colcon.colcon_core.verb:set package 'bumperbot_firmware' build argument 'cmake_target_skip_unavailable' from command line to 'False'
[0.749s] Level 5:colcon.colcon_core.verb:set package 'bumperbot_firmware' build argument 'cmake_clean_cache' from command line to 'False'
[0.749s] Level 5:colcon.colcon_core.verb:set package 'bumperbot_firmware' build argument 'cmake_clean_first' from command line to 'False'
[0.749s] Level 5:colcon.colcon_core.verb:set package 'bumperbot_firmware' build argument 'cmake_force_configure' from command line to 'False'
[0.749s] Level 5:colcon.colcon_core.verb:set package 'bumperbot_firmware' build argument 'ament_cmake_args' from command line to 'None'
[0.749s] Level 5:colcon.colcon_core.verb:set package 'bumperbot_firmware' build argument 'catkin_cmake_args' from command line to 'None'
[0.749s] Level 5:colcon.colcon_core.verb:set package 'bumperbot_firmware' build argument 'catkin_skip_building_tests' from command line to 'False'
[0.749s] DEBUG:colcon.colcon_core.verb:Building package 'bumperbot_firmware' with the following arguments: {'ament_cmake_args': None, 'build_base': '/home/wapush/AGV/bumperbot_ws/build/bumperbot_firmware', 'catkin_cmake_args': None, 'catkin_skip_building_tests': False, 'cmake_args': None, 'cmake_clean_cache': False, 'cmake_clean_first': False, 'cmake_force_configure': False, 'cmake_target': None, 'cmake_target_skip_unavailable': False, 'install_base': '/home/wapush/AGV/bumperbot_ws/install/bumperbot_firmware', 'merge_install': False, 'path': '/home/wapush/AGV/bumperbot_ws/src/bumperbot_firmware', 'symlink_install': False, 'test_result_base': None}
[0.750s] Level 5:colcon.colcon_core.verb:set package 'bumperbot_localization' build argument 'cmake_args' from command line to 'None'
[0.750s] Level 5:colcon.colcon_core.verb:set package 'bumperbot_localization' build argument 'cmake_target' from command line to 'None'
[0.750s] Level 5:colcon.colcon_core.verb:set package 'bumperbot_localization' build argument 'cmake_target_skip_unavailable' from command line to 'False'
[0.750s] Level 5:colcon.colcon_core.verb:set package 'bumperbot_localization' build argument 'cmake_clean_cache' from command line to 'False'
[0.750s] Level 5:colcon.colcon_core.verb:set package 'bumperbot_localization' build argument 'cmake_clean_first' from command line to 'False'
[0.750s] Level 5:colcon.colcon_core.verb:set package 'bumperbot_localization' build argument 'cmake_force_configure' from command line to 'False'
[0.750s] Level 5:colcon.colcon_core.verb:set package 'bumperbot_localization' build argument 'ament_cmake_args' from command line to 'None'
[0.750s] Level 5:colcon.colcon_core.verb:set package 'bumperbot_localization' build argument 'catkin_cmake_args' from command line to 'None'
[0.750s] Level 5:colcon.colcon_core.verb:set package 'bumperbot_localization' build argument 'catkin_skip_building_tests' from command line to 'False'
[0.750s] DEBUG:colcon.colcon_core.verb:Building package 'bumperbot_localization' with the following arguments: {'ament_cmake_args': None, 'build_base': '/home/wapush/AGV/bumperbot_ws/build/bumperbot_localization', 'catkin_cmake_args': None, 'catkin_skip_building_tests': False, 'cmake_args': None, 'cmake_clean_cache': False, 'cmake_clean_first': False, 'cmake_force_configure': False, 'cmake_target': None, 'cmake_target_skip_unavailable': False, 'install_base': '/home/wapush/AGV/bumperbot_ws/install/bumperbot_localization', 'merge_install': False, 'path': '/home/wapush/AGV/bumperbot_ws/src/bumperbot_localization', 'symlink_install': False, 'test_result_base': None}
[0.750s] Level 5:colcon.colcon_core.verb:set package 'bumperbot_mapping' build argument 'cmake_args' from command line to 'None'
[0.750s] Level 5:colcon.colcon_core.verb:set package 'bumperbot_mapping' build argument 'cmake_target' from command line to 'None'
[0.750s] Level 5:colcon.colcon_core.verb:set package 'bumperbot_mapping' build argument 'cmake_target_skip_unavailable' from command line to 'False'
[0.750s] Level 5:colcon.colcon_core.verb:set package 'bumperbot_mapping' build argument 'cmake_clean_cache' from command line to 'False'
[0.750s] Level 5:colcon.colcon_core.verb:set package 'bumperbot_mapping' build argument 'cmake_clean_first' from command line to 'False'
[0.750s] Level 5:colcon.colcon_core.verb:set package 'bumperbot_mapping' build argument 'cmake_force_configure' from command line to 'False'
[0.750s] Level 5:colcon.colcon_core.verb:set package 'bumperbot_mapping' build argument 'ament_cmake_args' from command line to 'None'
[0.750s] Level 5:colcon.colcon_core.verb:set package 'bumperbot_mapping' build argument 'catkin_cmake_args' from command line to 'None'
[0.750s] Level 5:colcon.colcon_core.verb:set package 'bumperbot_mapping' build argument 'catkin_skip_building_tests' from command line to 'False'
[0.750s] DEBUG:colcon.colcon_core.verb:Building package 'bumperbot_mapping' with the following arguments: {'ament_cmake_args': None, 'build_base': '/home/wapush/AGV/bumperbot_ws/build/bumperbot_mapping', 'catkin_cmake_args': None, 'catkin_skip_building_tests': False, 'cmake_args': None, 'cmake_clean_cache': False, 'cmake_clean_first': False, 'cmake_force_configure': False, 'cmake_target': None, 'cmake_target_skip_unavailable': False, 'install_base': '/home/wapush/AGV/bumperbot_ws/install/bumperbot_mapping', 'merge_install': False, 'path': '/home/wapush/AGV/bumperbot_ws/src/bumperbot_mapping', 'symlink_install': False, 'test_result_base': None}
[0.750s] Level 5:colcon.colcon_core.verb:set package 'bumperbot_py_examples' build argument 'cmake_args' from command line to 'None'
[0.750s] Level 5:colcon.colcon_core.verb:set package 'bumperbot_py_examples' build argument 'cmake_target' from command line to 'None'
[0.750s] Level 5:colcon.colcon_core.verb:set package 'bumperbot_py_examples' build argument 'cmake_target_skip_unavailable' from command line to 'False'
[0.750s] Level 5:colcon.colcon_core.verb:set package 'bumperbot_py_examples' build argument 'cmake_clean_cache' from command line to 'False'
[0.750s] Level 5:colcon.colcon_core.verb:set package 'bumperbot_py_examples' build argument 'cmake_clean_first' from command line to 'False'
[0.750s] Level 5:colcon.colcon_core.verb:set package 'bumperbot_py_examples' build argument 'cmake_force_configure' from command line to 'False'
[0.751s] Level 5:colcon.colcon_core.verb:set package 'bumperbot_py_examples' build argument 'ament_cmake_args' from command line to 'None'
[0.751s] Level 5:colcon.colcon_core.verb:set package 'bumperbot_py_examples' build argument 'catkin_cmake_args' from command line to 'None'
[0.751s] Level 5:colcon.colcon_core.verb:set package 'bumperbot_py_examples' build argument 'catkin_skip_building_tests' from command line to 'False'
[0.751s] DEBUG:colcon.colcon_core.verb:Building package 'bumperbot_py_examples' with the following arguments: {'ament_cmake_args': None, 'build_base': '/home/wapush/AGV/bumperbot_ws/build/bumperbot_py_examples', 'catkin_cmake_args': None, 'catkin_skip_building_tests': False, 'cmake_args': None, 'cmake_clean_cache': False, 'cmake_clean_first': False, 'cmake_force_configure': False, 'cmake_target': None, 'cmake_target_skip_unavailable': False, 'install_base': '/home/wapush/AGV/bumperbot_ws/install/bumperbot_py_examples', 'merge_install': False, 'path': '/home/wapush/AGV/bumperbot_ws/src/bumperbot_py_examples', 'symlink_install': False, 'test_result_base': None}
[0.751s] Level 5:colcon.colcon_core.verb:set package 'bumperbot_utils' build argument 'cmake_args' from command line to 'None'
[0.751s] Level 5:colcon.colcon_core.verb:set package 'bumperbot_utils' build argument 'cmake_target' from command line to 'None'
[0.751s] Level 5:colcon.colcon_core.verb:set package 'bumperbot_utils' build argument 'cmake_target_skip_unavailable' from command line to 'False'
[0.751s] Level 5:colcon.colcon_core.verb:set package 'bumperbot_utils' build argument 'cmake_clean_cache' from command line to 'False'
[0.751s] Level 5:colcon.colcon_core.verb:set package 'bumperbot_utils' build argument 'cmake_clean_first' from command line to 'False'
[0.751s] Level 5:colcon.colcon_core.verb:set package 'bumperbot_utils' build argument 'cmake_force_configure' from command line to 'False'
[0.751s] Level 5:colcon.colcon_core.verb:set package 'bumperbot_utils' build argument 'ament_cmake_args' from command line to 'None'
[0.751s] Level 5:colcon.colcon_core.verb:set package 'bumperbot_utils' build argument 'catkin_cmake_args' from command line to 'None'
[0.751s] Level 5:colcon.colcon_core.verb:set package 'bumperbot_utils' build argument 'catkin_skip_building_tests' from command line to 'False'
[0.751s] DEBUG:colcon.colcon_core.verb:Building package 'bumperbot_utils' with the following arguments: {'ament_cmake_args': None, 'build_base': '/home/wapush/AGV/bumperbot_ws/build/bumperbot_utils', 'catkin_cmake_args': None, 'catkin_skip_building_tests': False, 'cmake_args': None, 'cmake_clean_cache': False, 'cmake_clean_first': False, 'cmake_force_configure': False, 'cmake_target': None, 'cmake_target_skip_unavailable': False, 'install_base': '/home/wapush/AGV/bumperbot_ws/install/bumperbot_utils', 'merge_install': False, 'path': '/home/wapush/AGV/bumperbot_ws/src/bumperbot_utils', 'symlink_install': False, 'test_result_base': None}
[0.751s] Level 5:colcon.colcon_core.verb:set package 'nav2_straightline_planner' build argument 'cmake_args' from command line to 'None'
[0.751s] Level 5:colcon.colcon_core.verb:set package 'nav2_straightline_planner' build argument 'cmake_target' from command line to 'None'
[0.751s] Level 5:colcon.colcon_core.verb:set package 'nav2_straightline_planner' build argument 'cmake_target_skip_unavailable' from command line to 'False'
[0.751s] Level 5:colcon.colcon_core.verb:set package 'nav2_straightline_planner' build argument 'cmake_clean_cache' from command line to 'False'
[0.751s] Level 5:colcon.colcon_core.verb:set package 'nav2_straightline_planner' build argument 'cmake_clean_first' from command line to 'False'
[0.751s] Level 5:colcon.colcon_core.verb:set package 'nav2_straightline_planner' build argument 'cmake_force_configure' from command line to 'False'
[0.751s] Level 5:colcon.colcon_core.verb:set package 'nav2_straightline_planner' build argument 'ament_cmake_args' from command line to 'None'
[0.751s] Level 5:colcon.colcon_core.verb:set package 'nav2_straightline_planner' build argument 'catkin_cmake_args' from command line to 'None'
[0.751s] Level 5:colcon.colcon_core.verb:set package 'nav2_straightline_planner' build argument 'catkin_skip_building_tests' from command line to 'False'
[0.751s] DEBUG:colcon.colcon_core.verb:Building package 'nav2_straightline_planner' with the following arguments: {'ament_cmake_args': None, 'build_base': '/home/wapush/AGV/bumperbot_ws/build/nav2_straightline_planner', 'catkin_cmake_args': None, 'catkin_skip_building_tests': False, 'cmake_args': None, 'cmake_clean_cache': False, 'cmake_clean_first': False, 'cmake_force_configure': False, 'cmake_target': None, 'cmake_target_skip_unavailable': False, 'install_base': '/home/wapush/AGV/bumperbot_ws/install/nav2_straightline_planner', 'merge_install': False, 'path': '/home/wapush/AGV/bumperbot_ws/src/nav2_straightline_planner', 'symlink_install': False, 'test_result_base': None}
[0.751s] INFO:colcon.colcon_core.executor:Executing jobs using 'parallel' executor
[0.752s] DEBUG:colcon.colcon_parallel_executor.executor.parallel:run_until_complete
[0.753s] INFO:colcon.colcon_ros.task.ament_cmake.build:Building ROS package in '/home/wapush/AGV/bumperbot_ws/src/bumperbot_controller' with build type 'ament_cmake'
[0.753s] INFO:colcon.colcon_cmake.task.cmake.build:Building CMake package in '/home/wapush/AGV/bumperbot_ws/src/bumperbot_controller'
[0.756s] INFO:colcon.colcon_core.plugin_system:Skipping extension 'colcon_core.shell.bat': Not used on non-Windows systems
[0.756s] INFO:colcon.colcon_core.shell:Skip shell extension 'powershell' for command environment: Not usable outside of PowerShell
[0.756s] DEBUG:colcon.colcon_core.shell:Skip shell extension 'dsv' for command environment
[0.760s] INFO:colcon.colcon_ros.task.ament_cmake.build:Building ROS package in '/home/wapush/AGV/bumperbot_ws/src/bumperbot_cpp_examples' with build type 'ament_cmake'
[0.760s] INFO:colcon.colcon_cmake.task.cmake.build:Building CMake package in '/home/wapush/AGV/bumperbot_ws/src/bumperbot_cpp_examples'
[0.760s] INFO:colcon.colcon_core.shell:Skip shell extension 'powershell' for command environment: Not usable outside of PowerShell
[0.761s] DEBUG:colcon.colcon_core.shell:Skip shell extension 'dsv' for command environment
[0.764s] INFO:colcon.colcon_ros.task.ament_cmake.build:Building ROS package in '/home/wapush/AGV/bumperbot_ws/src/bumperbot_description' with build type 'ament_cmake'
[0.764s] INFO:colcon.colcon_cmake.task.cmake.build:Building CMake package in '/home/wapush/AGV/bumperbot_ws/src/bumperbot_description'
[0.764s] INFO:colcon.colcon_core.shell:Skip shell extension 'powershell' for command environment: Not usable outside of PowerShell
[0.764s] DEBUG:colcon.colcon_core.shell:Skip shell extension 'dsv' for command environment
[0.767s] INFO:colcon.colcon_ros.task.ament_cmake.build:Building ROS package in '/home/wapush/AGV/bumperbot_ws/src/bumperbot_firmware' with build type 'ament_cmake'
[0.767s] INFO:colcon.colcon_cmake.task.cmake.build:Building CMake package in '/home/wapush/AGV/bumperbot_ws/src/bumperbot_firmware'
[0.768s] INFO:colcon.colcon_core.shell:Skip shell extension 'powershell' for command environment: Not usable outside of PowerShell
[0.768s] DEBUG:colcon.colcon_core.shell:Skip shell extension 'dsv' for command environment
[0.770s] INFO:colcon.colcon_ros.task.ament_cmake.build:Building ROS package in '/home/wapush/AGV/bumperbot_ws/src/bumperbot_localization' with build type 'ament_cmake'
[0.770s] INFO:colcon.colcon_cmake.task.cmake.build:Building CMake package in '/home/wapush/AGV/bumperbot_ws/src/bumperbot_localization'
[0.771s] INFO:colcon.colcon_core.shell:Skip shell extension 'powershell' for command environment: Not usable outside of PowerShell
[0.771s] DEBUG:colcon.colcon_core.shell:Skip shell extension 'dsv' for command environment
[0.775s] INFO:colcon.colcon_ros.task.ament_cmake.build:Building ROS package in '/home/wapush/AGV/bumperbot_ws/src/bumperbot_mapping' with build type 'ament_cmake'
[0.775s] INFO:colcon.colcon_cmake.task.cmake.build:Building CMake package in '/home/wapush/AGV/bumperbot_ws/src/bumperbot_mapping'
[0.775s] INFO:colcon.colcon_core.shell:Skip shell extension 'powershell' for command environment: Not usable outside of PowerShell
[0.776s] DEBUG:colcon.colcon_core.shell:Skip shell extension 'dsv' for command environment
[0.780s] INFO:colcon.colcon_ros.task.ament_python.build:Building ROS package in '/home/wapush/AGV/bumperbot_ws/src/bumperbot_py_examples' with build type 'ament_python'
[0.780s] Level 1:colcon.colcon_core.shell:create_environment_hook('bumperbot_py_examples', 'ament_prefix_path')
[0.781s] INFO:colcon.colcon_core.shell:Creating environment hook '/home/wapush/AGV/bumperbot_ws/install/bumperbot_py_examples/share/bumperbot_py_examples/hook/ament_prefix_path.ps1'
[0.781s] INFO:colcon.colcon_core.shell:Creating environment descriptor '/home/wapush/AGV/bumperbot_ws/install/bumperbot_py_examples/share/bumperbot_py_examples/hook/ament_prefix_path.dsv'
[0.782s] INFO:colcon.colcon_core.shell:Creating environment hook '/home/wapush/AGV/bumperbot_ws/install/bumperbot_py_examples/share/bumperbot_py_examples/hook/ament_prefix_path.sh'
[0.783s] INFO:colcon.colcon_core.shell:Skip shell extension 'powershell' for command environment: Not usable outside of PowerShell
[0.783s] DEBUG:colcon.colcon_core.shell:Skip shell extension 'dsv' for command environment
[0.786s] INFO:colcon.colcon_ros.task.ament_cmake.build:Building ROS package in '/home/wapush/AGV/bumperbot_ws/src/bumperbot_utils' with build type 'ament_cmake'
[0.786s] INFO:colcon.colcon_cmake.task.cmake.build:Building CMake package in '/home/wapush/AGV/bumperbot_ws/src/bumperbot_utils'
[0.786s] INFO:colcon.colcon_core.shell:Skip shell extension 'powershell' for command environment: Not usable outside of PowerShell
[0.787s] DEBUG:colcon.colcon_core.shell:Skip shell extension 'dsv' for command environment
[0.789s] INFO:colcon.colcon_ros.task.ament_cmake.build:Building ROS package in '/home/wapush/AGV/bumperbot_ws/src/nav2_straightline_planner' with build type 'ament_cmake'
[0.789s] INFO:colcon.colcon_cmake.task.cmake.build:Building CMake package in '/home/wapush/AGV/bumperbot_ws/src/nav2_straightline_planner'
[0.789s] INFO:colcon.colcon_core.shell:Skip shell extension 'powershell' for command environment: Not usable outside of PowerShell
[0.790s] DEBUG:colcon.colcon_core.shell:Skip shell extension 'dsv' for command environment
[0.804s] DEBUG:colcon.colcon_core.event_handler.log_command:Invoking command in '/home/wapush/AGV/bumperbot_ws/build/bumperbot_controller': CMAKE_PREFIX_PATH=/opt/ros/iron /usr/bin/cmake --build /home/wapush/AGV/bumperbot_ws/build/bumperbot_controller -- -j20 -l20
[0.807s] DEBUG:colcon.colcon_core.event_handler.log_command:Invoking command in '/home/wapush/AGV/bumperbot_ws/build/bumperbot_cpp_examples': CMAKE_PREFIX_PATH=/opt/ros/iron /usr/bin/cmake --build /home/wapush/AGV/bumperbot_ws/build/bumperbot_cpp_examples -- -j20 -l20
[0.810s] DEBUG:colcon.colcon_core.event_handler.log_command:Invoking command in '/home/wapush/AGV/bumperbot_ws/build/bumperbot_description': CMAKE_PREFIX_PATH=/opt/ros/iron /usr/bin/cmake --build /home/wapush/AGV/bumperbot_ws/build/bumperbot_description -- -j20 -l20
[0.813s] DEBUG:colcon.colcon_core.event_handler.log_command:Invoking command in '/home/wapush/AGV/bumperbot_ws/build/bumperbot_firmware': CMAKE_PREFIX_PATH=/opt/ros/iron /usr/bin/cmake --build /home/wapush/AGV/bumperbot_ws/build/bumperbot_firmware -- -j20 -l20
[0.822s] DEBUG:colcon.colcon_core.event_handler.log_command:Invoking command in '/home/wapush/AGV/bumperbot_ws/build/bumperbot_localization': CMAKE_PREFIX_PATH=/opt/ros/iron /usr/bin/cmake --build /home/wapush/AGV/bumperbot_ws/build/bumperbot_localization -- -j20 -l20
[0.826s] DEBUG:colcon.colcon_core.event_handler.log_command:Invoking command in '/home/wapush/AGV/bumperbot_ws/build/bumperbot_mapping': CMAKE_PREFIX_PATH=/opt/ros/iron /usr/bin/cmake --build /home/wapush/AGV/bumperbot_ws/build/bumperbot_mapping -- -j20 -l20
[1.072s] INFO:colcon.colcon_core.task.python.build:Building Python package in '/home/wapush/AGV/bumperbot_ws/src/bumperbot_py_examples'
[1.072s] INFO:colcon.colcon_core.shell:Skip shell extension 'powershell' for command environment: Not usable outside of PowerShell
[1.072s] DEBUG:colcon.colcon_core.shell:Skip shell extension 'dsv' for command environment
[1.080s] DEBUG:colcon.colcon_core.event_handler.log_command:Invoking command in '/home/wapush/AGV/bumperbot_ws/build/bumperbot_utils': CMAKE_PREFIX_PATH=/opt/ros/iron /usr/bin/cmake --build /home/wapush/AGV/bumperbot_ws/build/bumperbot_utils -- -j20 -l20
[1.091s] DEBUG:colcon.colcon_core.event_handler.log_command:Invoking command in '/home/wapush/AGV/bumperbot_ws/build/nav2_straightline_planner': CMAKE_PREFIX_PATH=/opt/ros/iron /usr/bin/cmake --build /home/wapush/AGV/bumperbot_ws/build/nav2_straightline_planner -- -j20 -l20
[1.101s] DEBUG:colcon.colcon_core.event_handler.log_command:Invoked command in '/home/wapush/AGV/bumperbot_ws/build/bumperbot_description' returned '0': CMAKE_PREFIX_PATH=/opt/ros/iron /usr/bin/cmake --build /home/wapush/AGV/bumperbot_ws/build/bumperbot_description -- -j20 -l20
[1.114s] DEBUG:colcon.colcon_core.event_handler.log_command:Invoking command in '/home/wapush/AGV/bumperbot_ws/build/bumperbot_description': CMAKE_PREFIX_PATH=/opt/ros/iron /usr/bin/cmake --install /home/wapush/AGV/bumperbot_ws/build/bumperbot_description
[1.117s] DEBUG:colcon.colcon_core.event_handler.log_command:Invoked command in '/home/wapush/AGV/bumperbot_ws/build/bumperbot_cpp_examples' returned '0': CMAKE_PREFIX_PATH=/opt/ros/iron /usr/bin/cmake --build /home/wapush/AGV/bumperbot_ws/build/bumperbot_cpp_examples -- -j20 -l20
[1.118s] DEBUG:colcon.colcon_core.event_handler.log_command:Invoking command in '/home/wapush/AGV/bumperbot_ws/build/bumperbot_cpp_examples': CMAKE_PREFIX_PATH=/opt/ros/iron /usr/bin/cmake --install /home/wapush/AGV/bumperbot_ws/build/bumperbot_cpp_examples
[1.121s] DEBUG:colcon.colcon_core.event_handler.log_command:Invoked command in '/home/wapush/AGV/bumperbot_ws/build/bumperbot_mapping' returned '0': CMAKE_PREFIX_PATH=/opt/ros/iron /usr/bin/cmake --build /home/wapush/AGV/bumperbot_ws/build/bumperbot_mapping -- -j20 -l20
[1.122s] DEBUG:colcon.colcon_core.event_handler.log_command:Invoking command in '/home/wapush/AGV/bumperbot_ws/build/bumperbot_mapping': CMAKE_PREFIX_PATH=/opt/ros/iron /usr/bin/cmake --install /home/wapush/AGV/bumperbot_ws/build/bumperbot_mapping
[1.151s] Level 1:colcon.colcon_core.environment:create_environment_scripts_only(bumperbot_mapping)
[1.165s] Level 1:colcon.colcon_core.environment:checking '/home/wapush/AGV/bumperbot_ws/install/bumperbot_mapping' for CMake module files
[1.190s] Level 1:colcon.colcon_core.environment:checking '/home/wapush/AGV/bumperbot_ws/install/bumperbot_mapping' for CMake config files
[1.202s] Level 1:colcon.colcon_core.shell:create_environment_hook('bumperbot_mapping', 'cmake_prefix_path')
[1.202s] INFO:colcon.colcon_core.shell:Creating environment hook '/home/wapush/AGV/bumperbot_ws/install/bumperbot_mapping/share/bumperbot_mapping/hook/cmake_prefix_path.ps1'
[1.204s] INFO:colcon.colcon_core.shell:Creating environment descriptor '/home/wapush/AGV/bumperbot_ws/install/bumperbot_mapping/share/bumperbot_mapping/hook/cmake_prefix_path.dsv'
[1.207s] INFO:colcon.colcon_core.shell:Creating environment hook '/home/wapush/AGV/bumperbot_ws/install/bumperbot_mapping/share/bumperbot_mapping/hook/cmake_prefix_path.sh'
[1.224s] Level 1:colcon.colcon_core.environment:checking '/home/wapush/AGV/bumperbot_ws/install/bumperbot_mapping/bin'
[1.225s] Level 1:colcon.colcon_core.environment:checking '/home/wapush/AGV/bumperbot_ws/install/bumperbot_mapping/lib/pkgconfig/bumperbot_mapping.pc'
[1.225s] Level 1:colcon.colcon_core.environment:checking '/home/wapush/AGV/bumperbot_ws/install/bumperbot_mapping/lib/python3.10/site-packages'
[1.227s] Level 1:colcon.colcon_core.environment:checking '/home/wapush/AGV/bumperbot_ws/install/bumperbot_mapping/bin'
[1.227s] INFO:colcon.colcon_core.shell:Creating package script '/home/wapush/AGV/bumperbot_ws/install/bumperbot_mapping/share/bumperbot_mapping/package.ps1'
[1.229s] INFO:colcon.colcon_core.shell:Creating package descriptor '/home/wapush/AGV/bumperbot_ws/install/bumperbot_mapping/share/bumperbot_mapping/package.dsv'
[1.236s] INFO:colcon.colcon_core.shell:Creating package script '/home/wapush/AGV/bumperbot_ws/install/bumperbot_mapping/share/bumperbot_mapping/package.sh'
[1.240s] INFO:colcon.colcon_core.shell:Creating package script '/home/wapush/AGV/bumperbot_ws/install/bumperbot_mapping/share/bumperbot_mapping/package.bash'
[1.245s] DEBUG:colcon.colcon_core.event_handler.log_command:Invoked command in '/home/wapush/AGV/bumperbot_ws/build/bumperbot_mapping' returned '0': CMAKE_PREFIX_PATH=/opt/ros/iron /usr/bin/cmake --install /home/wapush/AGV/bumperbot_ws/build/bumperbot_mapping
[1.248s] INFO:colcon.colcon_core.shell:Creating package script '/home/wapush/AGV/bumperbot_ws/install/bumperbot_mapping/share/bumperbot_mapping/package.zsh'
[1.257s] Level 1:colcon.colcon_core.environment:create_file_with_runtime_dependencies(/home/wapush/AGV/bumperbot_ws/install/bumperbot_mapping/share/colcon-core/packages/bumperbot_mapping)
[1.263s] Level 1:colcon.colcon_core.environment:create_environment_scripts_only(bumperbot_mapping)
[1.263s] Level 1:colcon.colcon_core.environment:checking '/home/wapush/AGV/bumperbot_ws/install/bumperbot_mapping' for CMake module files
[1.268s] Level 1:colcon.colcon_core.environment:checking '/home/wapush/AGV/bumperbot_ws/install/bumperbot_mapping' for CMake config files
[1.279s] Level 1:colcon.colcon_core.shell:create_environment_hook('bumperbot_mapping', 'cmake_prefix_path')
[1.280s] INFO:colcon.colcon_core.shell:Creating environment hook '/home/wapush/AGV/bumperbot_ws/install/bumperbot_mapping/share/bumperbot_mapping/hook/cmake_prefix_path.ps1'
[1.282s] INFO:colcon.colcon_core.shell:Creating environment descriptor '/home/wapush/AGV/bumperbot_ws/install/bumperbot_mapping/share/bumperbot_mapping/hook/cmake_prefix_path.dsv'
[1.286s] INFO:colcon.colcon_core.shell:Creating environment hook '/home/wapush/AGV/bumperbot_ws/install/bumperbot_mapping/share/bumperbot_mapping/hook/cmake_prefix_path.sh'
[1.290s] Level 1:colcon.colcon_core.environment:checking '/home/wapush/AGV/bumperbot_ws/install/bumperbot_mapping/bin'
[1.290s] Level 1:colcon.colcon_core.environment:checking '/home/wapush/AGV/bumperbot_ws/install/bumperbot_mapping/lib/pkgconfig/bumperbot_mapping.pc'
[1.290s] Level 1:colcon.colcon_core.environment:checking '/home/wapush/AGV/bumperbot_ws/install/bumperbot_mapping/lib/python3.10/site-packages'
[1.291s] Level 1:colcon.colcon_core.environment:checking '/home/wapush/AGV/bumperbot_ws/install/bumperbot_mapping/bin'
[1.291s] INFO:colcon.colcon_core.shell:Creating package script '/home/wapush/AGV/bumperbot_ws/install/bumperbot_mapping/share/bumperbot_mapping/package.ps1'
[1.292s] INFO:colcon.colcon_core.shell:Creating package descriptor '/home/wapush/AGV/bumperbot_ws/install/bumperbot_mapping/share/bumperbot_mapping/package.dsv'
[1.295s] INFO:colcon.colcon_core.shell:Creating package script '/home/wapush/AGV/bumperbot_ws/install/bumperbot_mapping/share/bumperbot_mapping/package.sh'
[1.296s] INFO:colcon.colcon_core.shell:Creating package script '/home/wapush/AGV/bumperbot_ws/install/bumperbot_mapping/share/bumperbot_mapping/package.bash'
[1.303s] INFO:colcon.colcon_core.shell:Creating package script '/home/wapush/AGV/bumperbot_ws/install/bumperbot_mapping/share/bumperbot_mapping/package.zsh'
[1.306s] Level 1:colcon.colcon_core.environment:create_file_with_runtime_dependencies(/home/wapush/AGV/bumperbot_ws/install/bumperbot_mapping/share/colcon-core/packages/bumperbot_mapping)
[1.314s] Level 1:colcon.colcon_core.environment:create_environment_scripts_only(bumperbot_cpp_examples)
[1.315s] Level 1:colcon.colcon_core.environment:checking '/home/wapush/AGV/bumperbot_ws/install/bumperbot_cpp_examples' for CMake module files
[1.323s] Level 1:colcon.colcon_core.environment:checking '/home/wapush/AGV/bumperbot_ws/install/bumperbot_cpp_examples' for CMake config files
[1.328s] Level 1:colcon.colcon_core.shell:create_environment_hook('bumperbot_cpp_examples', 'cmake_prefix_path')
[1.328s] INFO:colcon.colcon_core.shell:Creating environment hook '/home/wapush/AGV/bumperbot_ws/install/bumperbot_cpp_examples/share/bumperbot_cpp_examples/hook/cmake_prefix_path.ps1'
[1.331s] INFO:colcon.colcon_core.shell:Creating environment descriptor '/home/wapush/AGV/bumperbot_ws/install/bumperbot_cpp_examples/share/bumperbot_cpp_examples/hook/cmake_prefix_path.dsv'
[1.334s] INFO:colcon.colcon_core.shell:Creating environment hook '/home/wapush/AGV/bumperbot_ws/install/bumperbot_cpp_examples/share/bumperbot_cpp_examples/hook/cmake_prefix_path.sh'
[1.336s] Level 1:colcon.colcon_core.environment:checking '/home/wapush/AGV/bumperbot_ws/install/bumperbot_cpp_examples/bin'
[1.336s] Level 1:colcon.colcon_core.environment:checking '/home/wapush/AGV/bumperbot_ws/install/bumperbot_cpp_examples/lib/pkgconfig/bumperbot_cpp_examples.pc'
[1.337s] Level 1:colcon.colcon_core.environment:checking '/home/wapush/AGV/bumperbot_ws/install/bumperbot_cpp_examples/lib/python3.10/site-packages'
[1.337s] Level 1:colcon.colcon_core.environment:checking '/home/wapush/AGV/bumperbot_ws/install/bumperbot_cpp_examples/bin'
[1.337s] INFO:colcon.colcon_core.shell:Creating package script '/home/wapush/AGV/bumperbot_ws/install/bumperbot_cpp_examples/share/bumperbot_cpp_examples/package.ps1'
[1.340s] INFO:colcon.colcon_core.shell:Creating package descriptor '/home/wapush/AGV/bumperbot_ws/install/bumperbot_cpp_examples/share/bumperbot_cpp_examples/package.dsv'
[1.341s] INFO:colcon.colcon_core.shell:Creating package script '/home/wapush/AGV/bumperbot_ws/install/bumperbot_cpp_examples/share/bumperbot_cpp_examples/package.sh'
[1.343s] INFO:colcon.colcon_core.shell:Creating package script '/home/wapush/AGV/bumperbot_ws/install/bumperbot_cpp_examples/share/bumperbot_cpp_examples/package.bash'
[1.346s] INFO:colcon.colcon_core.shell:Creating package script '/home/wapush/AGV/bumperbot_ws/install/bumperbot_cpp_examples/share/bumperbot_cpp_examples/package.zsh'
[1.352s] Level 1:colcon.colcon_core.environment:create_file_with_runtime_dependencies(/home/wapush/AGV/bumperbot_ws/install/bumperbot_cpp_examples/share/colcon-core/packages/bumperbot_cpp_examples)
[1.357s] Level 1:colcon.colcon_core.environment:create_environment_scripts_only(bumperbot_cpp_examples)
[1.358s] Level 1:colcon.colcon_core.environment:checking '/home/wapush/AGV/bumperbot_ws/install/bumperbot_cpp_examples' for CMake module files
[1.365s] Level 1:colcon.colcon_core.environment:checking '/home/wapush/AGV/bumperbot_ws/install/bumperbot_cpp_examples' for CMake config files
[1.365s] Level 1:colcon.colcon_core.shell:create_environment_hook('bumperbot_cpp_examples', 'cmake_prefix_path')
[1.366s] INFO:colcon.colcon_core.shell:Creating environment hook '/home/wapush/AGV/bumperbot_ws/install/bumperbot_cpp_examples/share/bumperbot_cpp_examples/hook/cmake_prefix_path.ps1'
[1.367s] DEBUG:colcon.colcon_core.event_handler.log_command:Invoked command in '/home/wapush/AGV/bumperbot_ws/build/bumperbot_cpp_examples' returned '0': CMAKE_PREFIX_PATH=/opt/ros/iron /usr/bin/cmake --install /home/wapush/AGV/bumperbot_ws/build/bumperbot_cpp_examples
[1.367s] INFO:colcon.colcon_core.shell:Creating environment descriptor '/home/wapush/AGV/bumperbot_ws/install/bumperbot_cpp_examples/share/bumperbot_cpp_examples/hook/cmake_prefix_path.dsv'
[1.367s] INFO:colcon.colcon_core.shell:Creating environment hook '/home/wapush/AGV/bumperbot_ws/install/bumperbot_cpp_examples/share/bumperbot_cpp_examples/hook/cmake_prefix_path.sh'
[1.368s] Level 1:colcon.colcon_core.environment:checking '/home/wapush/AGV/bumperbot_ws/install/bumperbot_cpp_examples/bin'
[1.368s] Level 1:colcon.colcon_core.environment:checking '/home/wapush/AGV/bumperbot_ws/install/bumperbot_cpp_examples/lib/pkgconfig/bumperbot_cpp_examples.pc'
[1.368s] Level 1:colcon.colcon_core.environment:checking '/home/wapush/AGV/bumperbot_ws/install/bumperbot_cpp_examples/lib/python3.10/site-packages'
[1.368s] Level 1:colcon.colcon_core.environment:checking '/home/wapush/AGV/bumperbot_ws/install/bumperbot_cpp_examples/bin'
[1.368s] INFO:colcon.colcon_core.shell:Creating package script '/home/wapush/AGV/bumperbot_ws/install/bumperbot_cpp_examples/share/bumperbot_cpp_examples/package.ps1'
[1.369s] INFO:colcon.colcon_core.shell:Creating package descriptor '/home/wapush/AGV/bumperbot_ws/install/bumperbot_cpp_examples/share/bumperbot_cpp_examples/package.dsv'
[1.369s] INFO:colcon.colcon_core.shell:Creating package script '/home/wapush/AGV/bumperbot_ws/install/bumperbot_cpp_examples/share/bumperbot_cpp_examples/package.sh'
[1.369s] INFO:colcon.colcon_core.shell:Creating package script '/home/wapush/AGV/bumperbot_ws/install/bumperbot_cpp_examples/share/bumperbot_cpp_examples/package.bash'
[1.370s] INFO:colcon.colcon_core.shell:Creating package script '/home/wapush/AGV/bumperbot_ws/install/bumperbot_cpp_examples/share/bumperbot_cpp_examples/package.zsh'
[1.370s] Level 1:colcon.colcon_core.environment:create_file_with_runtime_dependencies(/home/wapush/AGV/bumperbot_ws/install/bumperbot_cpp_examples/share/colcon-core/packages/bumperbot_cpp_examples)
[1.373s] DEBUG:colcon.colcon_core.event_handler.log_command:Invoked command in '/home/wapush/AGV/bumperbot_ws/build/nav2_straightline_planner' returned '0': CMAKE_PREFIX_PATH=/opt/ros/iron /usr/bin/cmake --build /home/wapush/AGV/bumperbot_ws/build/nav2_straightline_planner -- -j20 -l20
[1.376s] DEBUG:colcon.colcon_core.event_handler.log_command:Invoking command in '/home/wapush/AGV/bumperbot_ws/build/nav2_straightline_planner': CMAKE_PREFIX_PATH=/opt/ros/iron /usr/bin/cmake --install /home/wapush/AGV/bumperbot_ws/build/nav2_straightline_planner
[1.376s] DEBUG:colcon.colcon_core.event_handler.log_command:Invoked command in '/home/wapush/AGV/bumperbot_ws/build/bumperbot_localization' returned '0': CMAKE_PREFIX_PATH=/opt/ros/iron /usr/bin/cmake --build /home/wapush/AGV/bumperbot_ws/build/bumperbot_localization -- -j20 -l20
[1.378s] Level 1:colcon.colcon_core.environment:create_environment_scripts_only(bumperbot_description)
[1.378s] Level 1:colcon.colcon_core.environment:checking '/home/wapush/AGV/bumperbot_ws/install/bumperbot_description' for CMake module files
[1.379s] DEBUG:colcon.colcon_core.event_handler.log_command:Invoking command in '/home/wapush/AGV/bumperbot_ws/build/bumperbot_localization': CMAKE_PREFIX_PATH=/opt/ros/iron /usr/bin/cmake --install /home/wapush/AGV/bumperbot_ws/build/bumperbot_localization
[1.379s] DEBUG:colcon.colcon_core.event_handler.log_command:Invoked command in '/home/wapush/AGV/bumperbot_ws/build/bumperbot_description' returned '0': CMAKE_PREFIX_PATH=/opt/ros/iron /usr/bin/cmake --install /home/wapush/AGV/bumperbot_ws/build/bumperbot_description
[1.380s] Level 1:colcon.colcon_core.environment:checking '/home/wapush/AGV/bumperbot_ws/install/bumperbot_description' for CMake config files
[1.380s] Level 1:colcon.colcon_core.shell:create_environment_hook('bumperbot_description', 'cmake_prefix_path')
[1.380s] INFO:colcon.colcon_core.shell:Creating environment hook '/home/wapush/AGV/bumperbot_ws/install/bumperbot_description/share/bumperbot_description/hook/cmake_prefix_path.ps1'
[1.381s] INFO:colcon.colcon_core.shell:Creating environment descriptor '/home/wapush/AGV/bumperbot_ws/install/bumperbot_description/share/bumperbot_description/hook/cmake_prefix_path.dsv'
[1.381s] INFO:colcon.colcon_core.shell:Creating environment hook '/home/wapush/AGV/bumperbot_ws/install/bumperbot_description/share/bumperbot_description/hook/cmake_prefix_path.sh'
[1.381s] Level 1:colcon.colcon_core.environment:checking '/home/wapush/AGV/bumperbot_ws/install/bumperbot_description/bin'
[1.382s] Level 1:colcon.colcon_core.environment:checking '/home/wapush/AGV/bumperbot_ws/install/bumperbot_description/lib/pkgconfig/bumperbot_description.pc'
[1.382s] Level 1:colcon.colcon_core.environment:checking '/home/wapush/AGV/bumperbot_ws/install/bumperbot_description/lib/python3.10/site-packages'
[1.382s] Level 1:colcon.colcon_core.environment:checking '/home/wapush/AGV/bumperbot_ws/install/bumperbot_description/bin'
[1.382s] INFO:colcon.colcon_core.shell:Creating package script '/home/wapush/AGV/bumperbot_ws/install/bumperbot_description/share/bumperbot_description/package.ps1'
[1.383s] INFO:colcon.colcon_core.shell:Creating package descriptor '/home/wapush/AGV/bumperbot_ws/install/bumperbot_description/share/bumperbot_description/package.dsv'
[1.383s] INFO:colcon.colcon_core.shell:Creating package script '/home/wapush/AGV/bumperbot_ws/install/bumperbot_description/share/bumperbot_description/package.sh'
[1.384s] INFO:colcon.colcon_core.shell:Creating package script '/home/wapush/AGV/bumperbot_ws/install/bumperbot_description/share/bumperbot_description/package.bash'
[1.384s] INFO:colcon.colcon_core.shell:Creating package script '/home/wapush/AGV/bumperbot_ws/install/bumperbot_description/share/bumperbot_description/package.zsh'
[1.385s] Level 1:colcon.colcon_core.environment:create_file_with_runtime_dependencies(/home/wapush/AGV/bumperbot_ws/install/bumperbot_description/share/colcon-core/packages/bumperbot_description)
[1.385s] Level 1:colcon.colcon_core.environment:create_environment_scripts_only(bumperbot_description)
[1.386s] Level 1:colcon.colcon_core.environment:checking '/home/wapush/AGV/bumperbot_ws/install/bumperbot_description' for CMake module files
[1.386s] Level 1:colcon.colcon_core.environment:checking '/home/wapush/AGV/bumperbot_ws/install/bumperbot_description' for CMake config files
[1.386s] Level 1:colcon.colcon_core.shell:create_environment_hook('bumperbot_description', 'cmake_prefix_path')
[1.387s] INFO:colcon.colcon_core.shell:Creating environment hook '/home/wapush/AGV/bumperbot_ws/install/bumperbot_description/share/bumperbot_description/hook/cmake_prefix_path.ps1'
[1.387s] INFO:colcon.colcon_core.shell:Creating environment descriptor '/home/wapush/AGV/bumperbot_ws/install/bumperbot_description/share/bumperbot_description/hook/cmake_prefix_path.dsv'
[1.387s] INFO:colcon.colcon_core.shell:Creating environment hook '/home/wapush/AGV/bumperbot_ws/install/bumperbot_description/share/bumperbot_description/hook/cmake_prefix_path.sh'
[1.388s] Level 1:colcon.colcon_core.environment:checking '/home/wapush/AGV/bumperbot_ws/install/bumperbot_description/bin'
[1.388s] Level 1:colcon.colcon_core.environment:checking '/home/wapush/AGV/bumperbot_ws/install/bumperbot_description/lib/pkgconfig/bumperbot_description.pc'
[1.388s] Level 1:colcon.colcon_core.environment:checking '/home/wapush/AGV/bumperbot_ws/install/bumperbot_description/lib/python3.10/site-packages'
[1.389s] Level 1:colcon.colcon_core.environment:checking '/home/wapush/AGV/bumperbot_ws/install/bumperbot_description/bin'
[1.389s] INFO:colcon.colcon_core.shell:Creating package script '/home/wapush/AGV/bumperbot_ws/install/bumperbot_description/share/bumperbot_description/package.ps1'
[1.390s] INFO:colcon.colcon_core.shell:Creating package descriptor '/home/wapush/AGV/bumperbot_ws/install/bumperbot_description/share/bumperbot_description/package.dsv'
[1.390s] INFO:colcon.colcon_core.shell:Creating package script '/home/wapush/AGV/bumperbot_ws/install/bumperbot_description/share/bumperbot_description/package.sh'
[1.391s] INFO:colcon.colcon_core.shell:Creating package script '/home/wapush/AGV/bumperbot_ws/install/bumperbot_description/share/bumperbot_description/package.bash'
[1.391s] INFO:colcon.colcon_core.shell:Creating package script '/home/wapush/AGV/bumperbot_ws/install/bumperbot_description/share/bumperbot_description/package.zsh'
[1.392s] Level 1:colcon.colcon_core.environment:create_file_with_runtime_dependencies(/home/wapush/AGV/bumperbot_ws/install/bumperbot_description/share/colcon-core/packages/bumperbot_description)
[1.395s] DEBUG:colcon.colcon_core.event_handler.log_command:Invoked command in '/home/wapush/AGV/bumperbot_ws/build/bumperbot_firmware' returned '0': CMAKE_PREFIX_PATH=/opt/ros/iron /usr/bin/cmake --build /home/wapush/AGV/bumperbot_ws/build/bumperbot_firmware -- -j20 -l20
[1.395s] DEBUG:colcon.colcon_core.event_handler.log_command:Invoking command in '/home/wapush/AGV/bumperbot_ws/build/bumperbot_firmware': CMAKE_PREFIX_PATH=/opt/ros/iron /usr/bin/cmake --install /home/wapush/AGV/bumperbot_ws/build/bumperbot_firmware
[1.397s] DEBUG:colcon.colcon_core.event_handler.log_command:Invoked command in '/home/wapush/AGV/bumperbot_ws/build/bumperbot_controller' returned '0': CMAKE_PREFIX_PATH=/opt/ros/iron /usr/bin/cmake --build /home/wapush/AGV/bumperbot_ws/build/bumperbot_controller -- -j20 -l20
[1.409s] DEBUG:colcon.colcon_core.event_handler.log_command:Invoking command in '/home/wapush/AGV/bumperbot_ws/build/bumperbot_controller': CMAKE_PREFIX_PATH=/opt/ros/iron /usr/bin/cmake --install /home/wapush/AGV/bumperbot_ws/build/bumperbot_controller
[1.410s] Level 1:colcon.colcon_core.environment:create_environment_scripts_only(nav2_straightline_planner)
[1.411s] DEBUG:colcon.colcon_core.event_handler.log_command:Invoked command in '/home/wapush/AGV/bumperbot_ws/build/nav2_straightline_planner' returned '0': CMAKE_PREFIX_PATH=/opt/ros/iron /usr/bin/cmake --install /home/wapush/AGV/bumperbot_ws/build/nav2_straightline_planner
[1.411s] Level 1:colcon.colcon_core.environment:checking '/home/wapush/AGV/bumperbot_ws/install/nav2_straightline_planner' for CMake module files
[1.412s] Level 1:colcon.colcon_core.environment:checking '/home/wapush/AGV/bumperbot_ws/install/nav2_straightline_planner' for CMake config files
[1.412s] Level 1:colcon.colcon_core.shell:create_environment_hook('nav2_straightline_planner', 'cmake_prefix_path')
[1.412s] INFO:colcon.colcon_core.shell:Creating environment hook '/home/wapush/AGV/bumperbot_ws/install/nav2_straightline_planner/share/nav2_straightline_planner/hook/cmake_prefix_path.ps1'
[1.413s] INFO:colcon.colcon_core.shell:Creating environment descriptor '/home/wapush/AGV/bumperbot_ws/install/nav2_straightline_planner/share/nav2_straightline_planner/hook/cmake_prefix_path.dsv'
[1.417s] INFO:colcon.colcon_core.shell:Creating environment hook '/home/wapush/AGV/bumperbot_ws/install/nav2_straightline_planner/share/nav2_straightline_planner/hook/cmake_prefix_path.sh'
[1.418s] Level 1:colcon.colcon_core.environment:checking '/home/wapush/AGV/bumperbot_ws/install/nav2_straightline_planner/lib'
[1.418s] Level 1:colcon.colcon_core.shell:create_environment_hook('nav2_straightline_planner', 'ld_library_path_lib')
[1.418s] INFO:colcon.colcon_core.shell:Creating environment hook '/home/wapush/AGV/bumperbot_ws/install/nav2_straightline_planner/share/nav2_straightline_planner/hook/ld_library_path_lib.ps1'
[1.419s] INFO:colcon.colcon_core.shell:Creating environment descriptor '/home/wapush/AGV/bumperbot_ws/install/nav2_straightline_planner/share/nav2_straightline_planner/hook/ld_library_path_lib.dsv'
[1.419s] INFO:colcon.colcon_core.shell:Creating environment hook '/home/wapush/AGV/bumperbot_ws/install/nav2_straightline_planner/share/nav2_straightline_planner/hook/ld_library_path_lib.sh'
[1.420s] Level 1:colcon.colcon_core.environment:checking '/home/wapush/AGV/bumperbot_ws/install/nav2_straightline_planner/bin'
[1.420s] Level 1:colcon.colcon_core.environment:checking '/home/wapush/AGV/bumperbot_ws/install/nav2_straightline_planner/lib/pkgconfig/nav2_straightline_planner.pc'
[1.420s] Level 1:colcon.colcon_core.environment:checking '/home/wapush/AGV/bumperbot_ws/install/nav2_straightline_planner/lib/python3.10/site-packages'
[1.420s] Level 1:colcon.colcon_core.environment:checking '/home/wapush/AGV/bumperbot_ws/install/nav2_straightline_planner/bin'
[1.421s] INFO:colcon.colcon_core.shell:Creating package script '/home/wapush/AGV/bumperbot_ws/install/nav2_straightline_planner/share/nav2_straightline_planner/package.ps1'
[1.421s] INFO:colcon.colcon_core.shell:Creating package descriptor '/home/wapush/AGV/bumperbot_ws/install/nav2_straightline_planner/share/nav2_straightline_planner/package.dsv'
[1.423s] INFO:colcon.colcon_core.shell:Creating package script '/home/wapush/AGV/bumperbot_ws/install/nav2_straightline_planner/share/nav2_straightline_planner/package.sh'
[1.424s] INFO:colcon.colcon_core.shell:Creating package script '/home/wapush/AGV/bumperbot_ws/install/nav2_straightline_planner/share/nav2_straightline_planner/package.bash'
[1.426s] INFO:colcon.colcon_core.shell:Creating package script '/home/wapush/AGV/bumperbot_ws/install/nav2_straightline_planner/share/nav2_straightline_planner/package.zsh'
[1.429s] Level 1:colcon.colcon_core.environment:create_file_with_runtime_dependencies(/home/wapush/AGV/bumperbot_ws/install/nav2_straightline_planner/share/colcon-core/packages/nav2_straightline_planner)
[1.430s] Level 1:colcon.colcon_core.environment:create_environment_scripts_only(nav2_straightline_planner)
[1.430s] Level 1:colcon.colcon_core.environment:checking '/home/wapush/AGV/bumperbot_ws/install/nav2_straightline_planner' for CMake module files
[1.430s] Level 1:colcon.colcon_core.environment:checking '/home/wapush/AGV/bumperbot_ws/install/nav2_straightline_planner' for CMake config files
[1.431s] Level 1:colcon.colcon_core.shell:create_environment_hook('nav2_straightline_planner', 'cmake_prefix_path')
[1.431s] INFO:colcon.colcon_core.shell:Creating environment hook '/home/wapush/AGV/bumperbot_ws/install/nav2_straightline_planner/share/nav2_straightline_planner/hook/cmake_prefix_path.ps1'
[1.432s] INFO:colcon.colcon_core.shell:Creating environment descriptor '/home/wapush/AGV/bumperbot_ws/install/nav2_straightline_planner/share/nav2_straightline_planner/hook/cmake_prefix_path.dsv'
[1.432s] INFO:colcon.colcon_core.shell:Creating environment hook '/home/wapush/AGV/bumperbot_ws/install/nav2_straightline_planner/share/nav2_straightline_planner/hook/cmake_prefix_path.sh'
[1.432s] Level 1:colcon.colcon_core.environment:checking '/home/wapush/AGV/bumperbot_ws/install/nav2_straightline_planner/lib'
[1.432s] Level 1:colcon.colcon_core.shell:create_environment_hook('nav2_straightline_planner', 'ld_library_path_lib')
[1.433s] INFO:colcon.colcon_core.shell:Creating environment hook '/home/wapush/AGV/bumperbot_ws/install/nav2_straightline_planner/share/nav2_straightline_planner/hook/ld_library_path_lib.ps1'
[1.433s] INFO:colcon.colcon_core.shell:Creating environment descriptor '/home/wapush/AGV/bumperbot_ws/install/nav2_straightline_planner/share/nav2_straightline_planner/hook/ld_library_path_lib.dsv'
[1.433s] INFO:colcon.colcon_core.shell:Creating environment hook '/home/wapush/AGV/bumperbot_ws/install/nav2_straightline_planner/share/nav2_straightline_planner/hook/ld_library_path_lib.sh'
[1.433s] Level 1:colcon.colcon_core.environment:checking '/home/wapush/AGV/bumperbot_ws/install/nav2_straightline_planner/bin'
[1.433s] Level 1:colcon.colcon_core.environment:checking '/home/wapush/AGV/bumperbot_ws/install/nav2_straightline_planner/lib/pkgconfig/nav2_straightline_planner.pc'
[1.433s] Level 1:colcon.colcon_core.environment:checking '/home/wapush/AGV/bumperbot_ws/install/nav2_straightline_planner/lib/python3.10/site-packages'
[1.434s] Level 1:colcon.colcon_core.environment:checking '/home/wapush/AGV/bumperbot_ws/install/nav2_straightline_planner/bin'
[1.434s] INFO:colcon.colcon_core.shell:Creating package script '/home/wapush/AGV/bumperbot_ws/install/nav2_straightline_planner/share/nav2_straightline_planner/package.ps1'
[1.436s] INFO:colcon.colcon_core.shell:Creating package descriptor '/home/wapush/AGV/bumperbot_ws/install/nav2_straightline_planner/share/nav2_straightline_planner/package.dsv'
[1.438s] INFO:colcon.colcon_core.shell:Creating package script '/home/wapush/AGV/bumperbot_ws/install/nav2_straightline_planner/share/nav2_straightline_planner/package.sh'
[1.441s] INFO:colcon.colcon_core.shell:Creating package script '/home/wapush/AGV/bumperbot_ws/install/nav2_straightline_planner/share/nav2_straightline_planner/package.bash'
[1.443s] INFO:colcon.colcon_core.shell:Creating package script '/home/wapush/AGV/bumperbot_ws/install/nav2_straightline_planner/share/nav2_straightline_planner/package.zsh'
[1.443s] Level 1:colcon.colcon_core.environment:create_file_with_runtime_dependencies(/home/wapush/AGV/bumperbot_ws/install/nav2_straightline_planner/share/colcon-core/packages/nav2_straightline_planner)
[1.447s] DEBUG:colcon.colcon_core.event_handler.log_command:Invoked command in '/home/wapush/AGV/bumperbot_ws/build/bumperbot_utils' returned '0': CMAKE_PREFIX_PATH=/opt/ros/iron /usr/bin/cmake --build /home/wapush/AGV/bumperbot_ws/build/bumperbot_utils -- -j20 -l20
[1.449s] Level 1:colcon.colcon_core.environment:create_environment_scripts_only(bumperbot_localization)
[1.449s] Level 1:colcon.colcon_core.environment:checking '/home/wapush/AGV/bumperbot_ws/install/bumperbot_localization' for CMake module files
[1.449s] DEBUG:colcon.colcon_core.event_handler.log_command:Invoking command in '/home/wapush/AGV/bumperbot_ws/build/bumperbot_utils': CMAKE_PREFIX_PATH=/opt/ros/iron /usr/bin/cmake --install /home/wapush/AGV/bumperbot_ws/build/bumperbot_utils
[1.450s] DEBUG:colcon.colcon_core.event_handler.log_command:Invoked command in '/home/wapush/AGV/bumperbot_ws/build/bumperbot_localization' returned '0': CMAKE_PREFIX_PATH=/opt/ros/iron /usr/bin/cmake --install /home/wapush/AGV/bumperbot_ws/build/bumperbot_localization
[1.451s] Level 1:colcon.colcon_core.environment:checking '/home/wapush/AGV/bumperbot_ws/install/bumperbot_localization' for CMake config files
[1.458s] Level 1:colcon.colcon_core.shell:create_environment_hook('bumperbot_localization', 'cmake_prefix_path')
[1.459s] INFO:colcon.colcon_core.shell:Creating environment hook '/home/wapush/AGV/bumperbot_ws/install/bumperbot_localization/share/bumperbot_localization/hook/cmake_prefix_path.ps1'
[1.459s] INFO:colcon.colcon_core.shell:Creating environment descriptor '/home/wapush/AGV/bumperbot_ws/install/bumperbot_localization/share/bumperbot_localization/hook/cmake_prefix_path.dsv'
[1.459s] INFO:colcon.colcon_core.shell:Creating environment hook '/home/wapush/AGV/bumperbot_ws/install/bumperbot_localization/share/bumperbot_localization/hook/cmake_prefix_path.sh'
[1.460s] Level 1:colcon.colcon_core.environment:checking '/home/wapush/AGV/bumperbot_ws/install/bumperbot_localization/lib'
[1.460s] Level 1:colcon.colcon_core.environment:checking '/home/wapush/AGV/bumperbot_ws/install/bumperbot_localization/bin'
[1.460s] Level 1:colcon.colcon_core.environment:checking '/home/wapush/AGV/bumperbot_ws/install/bumperbot_localization/lib/pkgconfig/bumperbot_localization.pc'
[1.460s] Level 1:colcon.colcon_core.environment:checking '/home/wapush/AGV/bumperbot_ws/install/bumperbot_localization/lib/python3.10/site-packages'
[1.460s] Level 1:colcon.colcon_core.shell:create_environment_hook('bumperbot_localization', 'pythonpath')
[1.460s] INFO:colcon.colcon_core.shell:Creating environment hook '/home/wapush/AGV/bumperbot_ws/install/bumperbot_localization/share/bumperbot_localization/hook/pythonpath.ps1'
[1.461s] INFO:colcon.colcon_core.shell:Creating environment descriptor '/home/wapush/AGV/bumperbot_ws/install/bumperbot_localization/share/bumperbot_localization/hook/pythonpath.dsv'
[1.461s] INFO:colcon.colcon_core.shell:Creating environment hook '/home/wapush/AGV/bumperbot_ws/install/bumperbot_localization/share/bumperbot_localization/hook/pythonpath.sh'
[1.461s] Level 1:colcon.colcon_core.environment:checking '/home/wapush/AGV/bumperbot_ws/install/bumperbot_localization/bin'
[1.462s] INFO:colcon.colcon_core.shell:Creating package script '/home/wapush/AGV/bumperbot_ws/install/bumperbot_localization/share/bumperbot_localization/package.ps1'
[1.462s] INFO:colcon.colcon_core.shell:Creating package descriptor '/home/wapush/AGV/bumperbot_ws/install/bumperbot_localization/share/bumperbot_localization/package.dsv'
[1.463s] INFO:colcon.colcon_core.shell:Creating package script '/home/wapush/AGV/bumperbot_ws/install/bumperbot_localization/share/bumperbot_localization/package.sh'
[1.463s] INFO:colcon.colcon_core.shell:Creating package script '/home/wapush/AGV/bumperbot_ws/install/bumperbot_localization/share/bumperbot_localization/package.bash'
[1.464s] INFO:colcon.colcon_core.shell:Creating package script '/home/wapush/AGV/bumperbot_ws/install/bumperbot_localization/share/bumperbot_localization/package.zsh'
[1.464s] Level 1:colcon.colcon_core.environment:create_file_with_runtime_dependencies(/home/wapush/AGV/bumperbot_ws/install/bumperbot_localization/share/colcon-core/packages/bumperbot_localization)
[1.465s] Level 1:colcon.colcon_core.environment:create_environment_scripts_only(bumperbot_localization)
[1.465s] Level 1:colcon.colcon_core.environment:checking '/home/wapush/AGV/bumperbot_ws/install/bumperbot_localization' for CMake module files
[1.465s] Level 1:colcon.colcon_core.environment:checking '/home/wapush/AGV/bumperbot_ws/install/bumperbot_localization' for CMake config files
[1.466s] Level 1:colcon.colcon_core.shell:create_environment_hook('bumperbot_localization', 'cmake_prefix_path')
[1.466s] INFO:colcon.colcon_core.shell:Creating environment hook '/home/wapush/AGV/bumperbot_ws/install/bumperbot_localization/share/bumperbot_localization/hook/cmake_prefix_path.ps1'
[1.466s] INFO:colcon.colcon_core.shell:Creating environment descriptor '/home/wapush/AGV/bumperbot_ws/install/bumperbot_localization/share/bumperbot_localization/hook/cmake_prefix_path.dsv'
[1.467s] INFO:colcon.colcon_core.shell:Creating environment hook '/home/wapush/AGV/bumperbot_ws/install/bumperbot_localization/share/bumperbot_localization/hook/cmake_prefix_path.sh'
[1.467s] Level 1:colcon.colcon_core.environment:checking '/home/wapush/AGV/bumperbot_ws/install/bumperbot_localization/lib'
[1.467s] Level 1:colcon.colcon_core.environment:checking '/home/wapush/AGV/bumperbot_ws/install/bumperbot_localization/bin'
[1.467s] Level 1:colcon.colcon_core.environment:checking '/home/wapush/AGV/bumperbot_ws/install/bumperbot_localization/lib/pkgconfig/bumperbot_localization.pc'
[1.468s] Level 1:colcon.colcon_core.environment:checking '/home/wapush/AGV/bumperbot_ws/install/bumperbot_localization/lib/python3.10/site-packages'
[1.468s] Level 1:colcon.colcon_core.shell:create_environment_hook('bumperbot_localization', 'pythonpath')
[1.468s] INFO:colcon.colcon_core.shell:Creating environment hook '/home/wapush/AGV/bumperbot_ws/install/bumperbot_localization/share/bumperbot_localization/hook/pythonpath.ps1'
[1.468s] INFO:colcon.colcon_core.shell:Creating environment descriptor '/home/wapush/AGV/bumperbot_ws/install/bumperbot_localization/share/bumperbot_localization/hook/pythonpath.dsv'
[1.468s] INFO:colcon.colcon_core.shell:Creating environment hook '/home/wapush/AGV/bumperbot_ws/install/bumperbot_localization/share/bumperbot_localization/hook/pythonpath.sh'
[1.469s] Level 1:colcon.colcon_core.environment:checking '/home/wapush/AGV/bumperbot_ws/install/bumperbot_localization/bin'
[1.469s] INFO:colcon.colcon_core.shell:Creating package script '/home/wapush/AGV/bumperbot_ws/install/bumperbot_localization/share/bumperbot_localization/package.ps1'
[1.470s] INFO:colcon.colcon_core.shell:Creating package descriptor '/home/wapush/AGV/bumperbot_ws/install/bumperbot_localization/share/bumperbot_localization/package.dsv'
[1.470s] INFO:colcon.colcon_core.shell:Creating package script '/home/wapush/AGV/bumperbot_ws/install/bumperbot_localization/share/bumperbot_localization/package.sh'
[1.471s] INFO:colcon.colcon_core.shell:Creating package script '/home/wapush/AGV/bumperbot_ws/install/bumperbot_localization/share/bumperbot_localization/package.bash'
[1.472s] INFO:colcon.colcon_core.shell:Creating package script '/home/wapush/AGV/bumperbot_ws/install/bumperbot_localization/share/bumperbot_localization/package.zsh'
[1.472s] Level 1:colcon.colcon_core.environment:create_file_with_runtime_dependencies(/home/wapush/AGV/bumperbot_ws/install/bumperbot_localization/share/colcon-core/packages/bumperbot_localization)
[1.473s] Level 1:colcon.colcon_core.environment:create_environment_scripts_only(bumperbot_firmware)
[1.474s] Level 1:colcon.colcon_core.environment:checking '/home/wapush/AGV/bumperbot_ws/install/bumperbot_firmware' for CMake module files
[1.476s] Level 1:colcon.colcon_core.environment:checking '/home/wapush/AGV/bumperbot_ws/install/bumperbot_firmware' for CMake config files
[1.476s] DEBUG:colcon.colcon_core.event_handler.log_command:Invoked command in '/home/wapush/AGV/bumperbot_ws/build/bumperbot_firmware' returned '0': CMAKE_PREFIX_PATH=/opt/ros/iron /usr/bin/cmake --install /home/wapush/AGV/bumperbot_ws/build/bumperbot_firmware
[1.478s] Level 1:colcon.colcon_core.shell:create_environment_hook('bumperbot_firmware', 'cmake_prefix_path')
[1.478s] INFO:colcon.colcon_core.shell:Creating environment hook '/home/wapush/AGV/bumperbot_ws/install/bumperbot_firmware/share/bumperbot_firmware/hook/cmake_prefix_path.ps1'
[1.479s] INFO:colcon.colcon_core.shell:Creating environment descriptor '/home/wapush/AGV/bumperbot_ws/install/bumperbot_firmware/share/bumperbot_firmware/hook/cmake_prefix_path.dsv'
[1.479s] INFO:colcon.colcon_core.shell:Creating environment hook '/home/wapush/AGV/bumperbot_ws/install/bumperbot_firmware/share/bumperbot_firmware/hook/cmake_prefix_path.sh'
[1.480s] Level 1:colcon.colcon_core.environment:checking '/home/wapush/AGV/bumperbot_ws/install/bumperbot_firmware/lib'
[1.480s] Level 1:colcon.colcon_core.shell:create_environment_hook('bumperbot_firmware', 'ld_library_path_lib')
[1.480s] INFO:colcon.colcon_core.shell:Creating environment hook '/home/wapush/AGV/bumperbot_ws/install/bumperbot_firmware/share/bumperbot_firmware/hook/ld_library_path_lib.ps1'
[1.480s] INFO:colcon.colcon_core.shell:Creating environment descriptor '/home/wapush/AGV/bumperbot_ws/install/bumperbot_firmware/share/bumperbot_firmware/hook/ld_library_path_lib.dsv'
[1.481s] INFO:colcon.colcon_core.shell:Creating environment hook '/home/wapush/AGV/bumperbot_ws/install/bumperbot_firmware/share/bumperbot_firmware/hook/ld_library_path_lib.sh'
[1.481s] Level 1:colcon.colcon_core.environment:checking '/home/wapush/AGV/bumperbot_ws/install/bumperbot_firmware/bin'
[1.481s] Level 1:colcon.colcon_core.environment:checking '/home/wapush/AGV/bumperbot_ws/install/bumperbot_firmware/lib/pkgconfig/bumperbot_firmware.pc'
[1.481s] Level 1:colcon.colcon_core.environment:checking '/home/wapush/AGV/bumperbot_ws/install/bumperbot_firmware/lib/python3.10/site-packages'
[1.481s] Level 1:colcon.colcon_core.shell:create_environment_hook('bumperbot_firmware', 'pythonpath')
[1.482s] INFO:colcon.colcon_core.shell:Creating environment hook '/home/wapush/AGV/bumperbot_ws/install/bumperbot_firmware/share/bumperbot_firmware/hook/pythonpath.ps1'
[1.482s] INFO:colcon.colcon_core.shell:Creating environment descriptor '/home/wapush/AGV/bumperbot_ws/install/bumperbot_firmware/share/bumperbot_firmware/hook/pythonpath.dsv'
[1.483s] INFO:colcon.colcon_core.shell:Creating environment hook '/home/wapush/AGV/bumperbot_ws/install/bumperbot_firmware/share/bumperbot_firmware/hook/pythonpath.sh'
[1.483s] Level 1:colcon.colcon_core.environment:checking '/home/wapush/AGV/bumperbot_ws/install/bumperbot_firmware/bin'
[1.484s] INFO:colcon.colcon_core.shell:Creating package script '/home/wapush/AGV/bumperbot_ws/install/bumperbot_firmware/share/bumperbot_firmware/package.ps1'
[1.484s] INFO:colcon.colcon_core.shell:Creating package descriptor '/home/wapush/AGV/bumperbot_ws/install/bumperbot_firmware/share/bumperbot_firmware/package.dsv'
[1.484s] INFO:colcon.colcon_core.shell:Creating package script '/home/wapush/AGV/bumperbot_ws/install/bumperbot_firmware/share/bumperbot_firmware/package.sh'
[1.485s] INFO:colcon.colcon_core.shell:Creating package script '/home/wapush/AGV/bumperbot_ws/install/bumperbot_firmware/share/bumperbot_firmware/package.bash'
[1.485s] INFO:colcon.colcon_core.shell:Creating package script '/home/wapush/AGV/bumperbot_ws/install/bumperbot_firmware/share/bumperbot_firmware/package.zsh'
[1.485s] Level 1:colcon.colcon_core.environment:create_file_with_runtime_dependencies(/home/wapush/AGV/bumperbot_ws/install/bumperbot_firmware/share/colcon-core/packages/bumperbot_firmware)
[1.486s] Level 1:colcon.colcon_core.environment:create_environment_scripts_only(bumperbot_firmware)
[1.486s] Level 1:colcon.colcon_core.environment:checking '/home/wapush/AGV/bumperbot_ws/install/bumperbot_firmware' for CMake module files
[1.490s] Level 1:colcon.colcon_core.environment:checking '/home/wapush/AGV/bumperbot_ws/install/bumperbot_firmware' for CMake config files
[1.491s] Level 1:colcon.colcon_core.shell:create_environment_hook('bumperbot_firmware', 'cmake_prefix_path')
[1.491s] INFO:colcon.colcon_core.shell:Creating environment hook '/home/wapush/AGV/bumperbot_ws/install/bumperbot_firmware/share/bumperbot_firmware/hook/cmake_prefix_path.ps1'
[1.491s] INFO:colcon.colcon_core.shell:Creating environment descriptor '/home/wapush/AGV/bumperbot_ws/install/bumperbot_firmware/share/bumperbot_firmware/hook/cmake_prefix_path.dsv'
[1.492s] INFO:colcon.colcon_core.shell:Creating environment hook '/home/wapush/AGV/bumperbot_ws/install/bumperbot_firmware/share/bumperbot_firmware/hook/cmake_prefix_path.sh'
[1.492s] Level 1:colcon.colcon_core.environment:checking '/home/wapush/AGV/bumperbot_ws/install/bumperbot_firmware/lib'
[1.492s] Level 1:colcon.colcon_core.shell:create_environment_hook('bumperbot_firmware', 'ld_library_path_lib')
[1.492s] INFO:colcon.colcon_core.shell:Creating environment hook '/home/wapush/AGV/bumperbot_ws/install/bumperbot_firmware/share/bumperbot_firmware/hook/ld_library_path_lib.ps1'
[1.493s] INFO:colcon.colcon_core.shell:Creating environment descriptor '/home/wapush/AGV/bumperbot_ws/install/bumperbot_firmware/share/bumperbot_firmware/hook/ld_library_path_lib.dsv'
[1.493s] INFO:colcon.colcon_core.shell:Creating environment hook '/home/wapush/AGV/bumperbot_ws/install/bumperbot_firmware/share/bumperbot_firmware/hook/ld_library_path_lib.sh'
[1.494s] Level 1:colcon.colcon_core.environment:checking '/home/wapush/AGV/bumperbot_ws/install/bumperbot_firmware/bin'
[1.494s] Level 1:colcon.colcon_core.environment:checking '/home/wapush/AGV/bumperbot_ws/install/bumperbot_firmware/lib/pkgconfig/bumperbot_firmware.pc'
[1.494s] Level 1:colcon.colcon_core.environment:checking '/home/wapush/AGV/bumperbot_ws/install/bumperbot_firmware/lib/python3.10/site-packages'
[1.494s] Level 1:colcon.colcon_core.shell:create_environment_hook('bumperbot_firmware', 'pythonpath')
[1.494s] INFO:colcon.colcon_core.shell:Creating environment hook '/home/wapush/AGV/bumperbot_ws/install/bumperbot_firmware/share/bumperbot_firmware/hook/pythonpath.ps1'
[1.495s] INFO:colcon.colcon_core.shell:Creating environment descriptor '/home/wapush/AGV/bumperbot_ws/install/bumperbot_firmware/share/bumperbot_firmware/hook/pythonpath.dsv'
[1.495s] INFO:colcon.colcon_core.shell:Creating environment hook '/home/wapush/AGV/bumperbot_ws/install/bumperbot_firmware/share/bumperbot_firmware/hook/pythonpath.sh'
[1.496s] Level 1:colcon.colcon_core.environment:checking '/home/wapush/AGV/bumperbot_ws/install/bumperbot_firmware/bin'
[1.496s] INFO:colcon.colcon_core.shell:Creating package script '/home/wapush/AGV/bumperbot_ws/install/bumperbot_firmware/share/bumperbot_firmware/package.ps1'
[1.496s] INFO:colcon.colcon_core.shell:Creating package descriptor '/home/wapush/AGV/bumperbot_ws/install/bumperbot_firmware/share/bumperbot_firmware/package.dsv'
[1.497s] INFO:colcon.colcon_core.shell:Creating package script '/home/wapush/AGV/bumperbot_ws/install/bumperbot_firmware/share/bumperbot_firmware/package.sh'
[1.497s] INFO:colcon.colcon_core.shell:Creating package script '/home/wapush/AGV/bumperbot_ws/install/bumperbot_firmware/share/bumperbot_firmware/package.bash'
[1.498s] INFO:colcon.colcon_core.shell:Creating package script '/home/wapush/AGV/bumperbot_ws/install/bumperbot_firmware/share/bumperbot_firmware/package.zsh'
[1.498s] Level 1:colcon.colcon_core.environment:create_file_with_runtime_dependencies(/home/wapush/AGV/bumperbot_ws/install/bumperbot_firmware/share/colcon-core/packages/bumperbot_firmware)
[1.500s] Level 1:colcon.colcon_core.environment:create_environment_scripts_only(bumperbot_controller)
[1.501s] Level 1:colcon.colcon_core.environment:checking '/home/wapush/AGV/bumperbot_ws/install/bumperbot_controller' for CMake module files
[1.502s] DEBUG:colcon.colcon_core.event_handler.log_command:Invoked command in '/home/wapush/AGV/bumperbot_ws/build/bumperbot_controller' returned '0': CMAKE_PREFIX_PATH=/opt/ros/iron /usr/bin/cmake --install /home/wapush/AGV/bumperbot_ws/build/bumperbot_controller
[1.502s] Level 1:colcon.colcon_core.environment:checking '/home/wapush/AGV/bumperbot_ws/install/bumperbot_controller' for CMake config files
[1.502s] Level 1:colcon.colcon_core.shell:create_environment_hook('bumperbot_controller', 'cmake_prefix_path')
[1.503s] INFO:colcon.colcon_core.shell:Creating environment hook '/home/wapush/AGV/bumperbot_ws/install/bumperbot_controller/share/bumperbot_controller/hook/cmake_prefix_path.ps1'
[1.503s] INFO:colcon.colcon_core.shell:Creating environment descriptor '/home/wapush/AGV/bumperbot_ws/install/bumperbot_controller/share/bumperbot_controller/hook/cmake_prefix_path.dsv'
[1.503s] INFO:colcon.colcon_core.shell:Creating environment hook '/home/wapush/AGV/bumperbot_ws/install/bumperbot_controller/share/bumperbot_controller/hook/cmake_prefix_path.sh'
[1.504s] Level 1:colcon.colcon_core.environment:checking '/home/wapush/AGV/bumperbot_ws/install/bumperbot_controller/lib'
[1.504s] Level 1:colcon.colcon_core.environment:checking '/home/wapush/AGV/bumperbot_ws/install/bumperbot_controller/bin'
[1.504s] Level 1:colcon.colcon_core.environment:checking '/home/wapush/AGV/bumperbot_ws/install/bumperbot_controller/lib/pkgconfig/bumperbot_controller.pc'
[1.504s] Level 1:colcon.colcon_core.environment:checking '/home/wapush/AGV/bumperbot_ws/install/bumperbot_controller/lib/python3.10/site-packages'
[1.504s] Level 1:colcon.colcon_core.shell:create_environment_hook('bumperbot_controller', 'pythonpath')
[1.504s] INFO:colcon.colcon_core.shell:Creating environment hook '/home/wapush/AGV/bumperbot_ws/install/bumperbot_controller/share/bumperbot_controller/hook/pythonpath.ps1'
[1.505s] INFO:colcon.colcon_core.shell:Creating environment descriptor '/home/wapush/AGV/bumperbot_ws/install/bumperbot_controller/share/bumperbot_controller/hook/pythonpath.dsv'
[1.505s] INFO:colcon.colcon_core.shell:Creating environment hook '/home/wapush/AGV/bumperbot_ws/install/bumperbot_controller/share/bumperbot_controller/hook/pythonpath.sh'
[1.506s] Level 1:colcon.colcon_core.environment:checking '/home/wapush/AGV/bumperbot_ws/install/bumperbot_controller/bin'
[1.506s] INFO:colcon.colcon_core.shell:Creating package script '/home/wapush/AGV/bumperbot_ws/install/bumperbot_controller/share/bumperbot_controller/package.ps1'
[1.507s] INFO:colcon.colcon_core.shell:Creating package descriptor '/home/wapush/AGV/bumperbot_ws/install/bumperbot_controller/share/bumperbot_controller/package.dsv'
[1.507s] INFO:colcon.colcon_core.shell:Creating package script '/home/wapush/AGV/bumperbot_ws/install/bumperbot_controller/share/bumperbot_controller/package.sh'
[1.507s] INFO:colcon.colcon_core.shell:Creating package script '/home/wapush/AGV/bumperbot_ws/install/bumperbot_controller/share/bumperbot_controller/package.bash'
[1.508s] INFO:colcon.colcon_core.shell:Creating package script '/home/wapush/AGV/bumperbot_ws/install/bumperbot_controller/share/bumperbot_controller/package.zsh'
[1.508s] Level 1:colcon.colcon_core.environment:create_file_with_runtime_dependencies(/home/wapush/AGV/bumperbot_ws/install/bumperbot_controller/share/colcon-core/packages/bumperbot_controller)
[1.508s] Level 1:colcon.colcon_core.environment:create_environment_scripts_only(bumperbot_controller)
[1.509s] Level 1:colcon.colcon_core.environment:checking '/home/wapush/AGV/bumperbot_ws/install/bumperbot_controller' for CMake module files
[1.509s] Level 1:colcon.colcon_core.environment:checking '/home/wapush/AGV/bumperbot_ws/install/bumperbot_controller' for CMake config files
[1.510s] Level 1:colcon.colcon_core.shell:create_environment_hook('bumperbot_controller', 'cmake_prefix_path')
[1.510s] INFO:colcon.colcon_core.shell:Creating environment hook '/home/wapush/AGV/bumperbot_ws/install/bumperbot_controller/share/bumperbot_controller/hook/cmake_prefix_path.ps1'
[1.511s] INFO:colcon.colcon_core.shell:Creating environment descriptor '/home/wapush/AGV/bumperbot_ws/install/bumperbot_controller/share/bumperbot_controller/hook/cmake_prefix_path.dsv'
[1.511s] INFO:colcon.colcon_core.shell:Creating environment hook '/home/wapush/AGV/bumperbot_ws/install/bumperbot_controller/share/bumperbot_controller/hook/cmake_prefix_path.sh'
[1.511s] Level 1:colcon.colcon_core.environment:checking '/home/wapush/AGV/bumperbot_ws/install/bumperbot_controller/lib'
[1.511s] Level 1:colcon.colcon_core.environment:checking '/home/wapush/AGV/bumperbot_ws/install/bumperbot_controller/bin'
[1.511s] Level 1:colcon.colcon_core.environment:checking '/home/wapush/AGV/bumperbot_ws/install/bumperbot_controller/lib/pkgconfig/bumperbot_controller.pc'
[1.512s] Level 1:colcon.colcon_core.environment:checking '/home/wapush/AGV/bumperbot_ws/install/bumperbot_controller/lib/python3.10/site-packages'
[1.512s] Level 1:colcon.colcon_core.shell:create_environment_hook('bumperbot_controller', 'pythonpath')
[1.512s] INFO:colcon.colcon_core.shell:Creating environment hook '/home/wapush/AGV/bumperbot_ws/install/bumperbot_controller/share/bumperbot_controller/hook/pythonpath.ps1'
[1.512s] INFO:colcon.colcon_core.shell:Creating environment descriptor '/home/wapush/AGV/bumperbot_ws/install/bumperbot_controller/share/bumperbot_controller/hook/pythonpath.dsv'
[1.512s] INFO:colcon.colcon_core.shell:Creating environment hook '/home/wapush/AGV/bumperbot_ws/install/bumperbot_controller/share/bumperbot_controller/hook/pythonpath.sh'
[1.513s] Level 1:colcon.colcon_core.environment:checking '/home/wapush/AGV/bumperbot_ws/install/bumperbot_controller/bin'
[1.513s] INFO:colcon.colcon_core.shell:Creating package script '/home/wapush/AGV/bumperbot_ws/install/bumperbot_controller/share/bumperbot_controller/package.ps1'
[1.514s] INFO:colcon.colcon_core.shell:Creating package descriptor '/home/wapush/AGV/bumperbot_ws/install/bumperbot_controller/share/bumperbot_controller/package.dsv'
[1.514s] INFO:colcon.colcon_core.shell:Creating package script '/home/wapush/AGV/bumperbot_ws/install/bumperbot_controller/share/bumperbot_controller/package.sh'
[1.515s] INFO:colcon.colcon_core.shell:Creating package script '/home/wapush/AGV/bumperbot_ws/install/bumperbot_controller/share/bumperbot_controller/package.bash'
[1.515s] INFO:colcon.colcon_core.shell:Creating package script '/home/wapush/AGV/bumperbot_ws/install/bumperbot_controller/share/bumperbot_controller/package.zsh'
[1.515s] Level 1:colcon.colcon_core.environment:create_file_with_runtime_dependencies(/home/wapush/AGV/bumperbot_ws/install/bumperbot_controller/share/colcon-core/packages/bumperbot_controller)
[1.518s] Level 1:colcon.colcon_core.environment:create_environment_scripts_only(bumperbot_utils)
[1.518s] Level 1:colcon.colcon_core.environment:checking '/home/wapush/AGV/bumperbot_ws/install/bumperbot_utils' for CMake module files
[1.520s] Level 1:colcon.colcon_core.environment:checking '/home/wapush/AGV/bumperbot_ws/install/bumperbot_utils' for CMake config files
[1.520s] DEBUG:colcon.colcon_core.event_handler.log_command:Invoking command in '/home/wapush/AGV/bumperbot_ws/src/bumperbot_py_examples': PYTHONPATH=/home/wapush/AGV/bumperbot_ws/build/bumperbot_py_examples/prefix_override:/usr/lib/python3/dist-packages/colcon_core/task/python/colcon_distutils_commands:/home/wapush/AGV/bumperbot_ws/install/bumperbot_py_examples/lib/python3.10/site-packages:${PYTHONPATH} /usr/bin/python3 -W ignore:setup.py install is deprecated -W ignore:easy_install command is deprecated setup.py egg_info --egg-base ../../build/bumperbot_py_examples build --build-base /home/wapush/AGV/bumperbot_ws/build/bumperbot_py_examples/build install --record /home/wapush/AGV/bumperbot_ws/build/bumperbot_py_examples/install.log --single-version-externally-managed install_data
[1.521s] DEBUG:colcon.colcon_core.event_handler.log_command:Invoked command in '/home/wapush/AGV/bumperbot_ws/build/bumperbot_utils' returned '0': CMAKE_PREFIX_PATH=/opt/ros/iron /usr/bin/cmake --install /home/wapush/AGV/bumperbot_ws/build/bumperbot_utils
[1.521s] Level 1:colcon.colcon_core.shell:create_environment_hook('bumperbot_utils', 'cmake_prefix_path')
[1.522s] INFO:colcon.colcon_core.shell:Creating environment hook '/home/wapush/AGV/bumperbot_ws/install/bumperbot_utils/share/bumperbot_utils/hook/cmake_prefix_path.ps1'
[1.522s] INFO:colcon.colcon_core.shell:Creating environment descriptor '/home/wapush/AGV/bumperbot_ws/install/bumperbot_utils/share/bumperbot_utils/hook/cmake_prefix_path.dsv'
[1.522s] INFO:colcon.colcon_core.shell:Creating environment hook '/home/wapush/AGV/bumperbot_ws/install/bumperbot_utils/share/bumperbot_utils/hook/cmake_prefix_path.sh'
[1.523s] Level 1:colcon.colcon_core.environment:checking '/home/wapush/AGV/bumperbot_ws/install/bumperbot_utils/lib'
[1.523s] Level 1:colcon.colcon_core.environment:checking '/home/wapush/AGV/bumperbot_ws/install/bumperbot_utils/bin'
[1.523s] Level 1:colcon.colcon_core.environment:checking '/home/wapush/AGV/bumperbot_ws/install/bumperbot_utils/lib/pkgconfig/bumperbot_utils.pc'
[1.523s] Level 1:colcon.colcon_core.environment:checking '/home/wapush/AGV/bumperbot_ws/install/bumperbot_utils/lib/python3.10/site-packages'
[1.523s] Level 1:colcon.colcon_core.shell:create_environment_hook('bumperbot_utils', 'pythonpath')
[1.524s] INFO:colcon.colcon_core.shell:Creating environment hook '/home/wapush/AGV/bumperbot_ws/install/bumperbot_utils/share/bumperbot_utils/hook/pythonpath.ps1'
[1.524s] INFO:colcon.colcon_core.shell:Creating environment descriptor '/home/wapush/AGV/bumperbot_ws/install/bumperbot_utils/share/bumperbot_utils/hook/pythonpath.dsv'
[1.524s] INFO:colcon.colcon_core.shell:Creating environment hook '/home/wapush/AGV/bumperbot_ws/install/bumperbot_utils/share/bumperbot_utils/hook/pythonpath.sh'
[1.525s] Level 1:colcon.colcon_core.environment:checking '/home/wapush/AGV/bumperbot_ws/install/bumperbot_utils/bin'
[1.526s] INFO:colcon.colcon_core.shell:Creating package script '/home/wapush/AGV/bumperbot_ws/install/bumperbot_utils/share/bumperbot_utils/package.ps1'
[1.526s] INFO:colcon.colcon_core.shell:Creating package descriptor '/home/wapush/AGV/bumperbot_ws/install/bumperbot_utils/share/bumperbot_utils/package.dsv'
[1.527s] INFO:colcon.colcon_core.shell:Creating package script '/home/wapush/AGV/bumperbot_ws/install/bumperbot_utils/share/bumperbot_utils/package.sh'
[1.527s] INFO:colcon.colcon_core.shell:Creating package script '/home/wapush/AGV/bumperbot_ws/install/bumperbot_utils/share/bumperbot_utils/package.bash'
[1.527s] INFO:colcon.colcon_core.shell:Creating package script '/home/wapush/AGV/bumperbot_ws/install/bumperbot_utils/share/bumperbot_utils/package.zsh'
[1.528s] Level 1:colcon.colcon_core.environment:create_file_with_runtime_dependencies(/home/wapush/AGV/bumperbot_ws/install/bumperbot_utils/share/colcon-core/packages/bumperbot_utils)
[1.528s] Level 1:colcon.colcon_core.environment:create_environment_scripts_only(bumperbot_utils)
[1.529s] Level 1:colcon.colcon_core.environment:checking '/home/wapush/AGV/bumperbot_ws/install/bumperbot_utils' for CMake module files
[1.529s] Level 1:colcon.colcon_core.environment:checking '/home/wapush/AGV/bumperbot_ws/install/bumperbot_utils' for CMake config files
[1.529s] Level 1:colcon.colcon_core.shell:create_environment_hook('bumperbot_utils', 'cmake_prefix_path')
[1.530s] INFO:colcon.colcon_core.shell:Creating environment hook '/home/wapush/AGV/bumperbot_ws/install/bumperbot_utils/share/bumperbot_utils/hook/cmake_prefix_path.ps1'
[1.530s] INFO:colcon.colcon_core.shell:Creating environment descriptor '/home/wapush/AGV/bumperbot_ws/install/bumperbot_utils/share/bumperbot_utils/hook/cmake_prefix_path.dsv'
[1.530s] INFO:colcon.colcon_core.shell:Creating environment hook '/home/wapush/AGV/bumperbot_ws/install/bumperbot_utils/share/bumperbot_utils/hook/cmake_prefix_path.sh'
[1.531s] Level 1:colcon.colcon_core.environment:checking '/home/wapush/AGV/bumperbot_ws/install/bumperbot_utils/lib'
[1.531s] Level 1:colcon.colcon_core.environment:checking '/home/wapush/AGV/bumperbot_ws/install/bumperbot_utils/bin'
[1.531s] Level 1:colcon.colcon_core.environment:checking '/home/wapush/AGV/bumperbot_ws/install/bumperbot_utils/lib/pkgconfig/bumperbot_utils.pc'
[1.531s] Level 1:colcon.colcon_core.environment:checking '/home/wapush/AGV/bumperbot_ws/install/bumperbot_utils/lib/python3.10/site-packages'
[1.531s] Level 1:colcon.colcon_core.shell:create_environment_hook('bumperbot_utils', 'pythonpath')
[1.531s] INFO:colcon.colcon_core.shell:Creating environment hook '/home/wapush/AGV/bumperbot_ws/install/bumperbot_utils/share/bumperbot_utils/hook/pythonpath.ps1'
[1.532s] INFO:colcon.colcon_core.shell:Creating environment descriptor '/home/wapush/AGV/bumperbot_ws/install/bumperbot_utils/share/bumperbot_utils/hook/pythonpath.dsv'
[1.532s] INFO:colcon.colcon_core.shell:Creating environment hook '/home/wapush/AGV/bumperbot_ws/install/bumperbot_utils/share/bumperbot_utils/hook/pythonpath.sh'
[1.533s] Level 1:colcon.colcon_core.environment:checking '/home/wapush/AGV/bumperbot_ws/install/bumperbot_utils/bin'
[1.533s] INFO:colcon.colcon_core.shell:Creating package script '/home/wapush/AGV/bumperbot_ws/install/bumperbot_utils/share/bumperbot_utils/package.ps1'
[1.534s] INFO:colcon.colcon_core.shell:Creating package descriptor '/home/wapush/AGV/bumperbot_ws/install/bumperbot_utils/share/bumperbot_utils/package.dsv'
[1.534s] INFO:colcon.colcon_core.shell:Creating package script '/home/wapush/AGV/bumperbot_ws/install/bumperbot_utils/share/bumperbot_utils/package.sh'
[1.534s] INFO:colcon.colcon_core.shell:Creating package script '/home/wapush/AGV/bumperbot_ws/install/bumperbot_utils/share/bumperbot_utils/package.bash'
[1.535s] INFO:colcon.colcon_core.shell:Creating package script '/home/wapush/AGV/bumperbot_ws/install/bumperbot_utils/share/bumperbot_utils/package.zsh'
[1.535s] Level 1:colcon.colcon_core.environment:create_file_with_runtime_dependencies(/home/wapush/AGV/bumperbot_ws/install/bumperbot_utils/share/colcon-core/packages/bumperbot_utils)
[1.770s] Level 1:colcon.colcon_core.environment:checking '/home/wapush/AGV/bumperbot_ws/install/bumperbot_py_examples' for CMake module files
[1.771s] DEBUG:colcon.colcon_core.event_handler.log_command:Invoked command in '/home/wapush/AGV/bumperbot_ws/src/bumperbot_py_examples' returned '0': PYTHONPATH=/home/wapush/AGV/bumperbot_ws/build/bumperbot_py_examples/prefix_override:/usr/lib/python3/dist-packages/colcon_core/task/python/colcon_distutils_commands:/home/wapush/AGV/bumperbot_ws/install/bumperbot_py_examples/lib/python3.10/site-packages:${PYTHONPATH} /usr/bin/python3 -W ignore:setup.py install is deprecated -W ignore:easy_install command is deprecated setup.py egg_info --egg-base ../../build/bumperbot_py_examples build --build-base /home/wapush/AGV/bumperbot_ws/build/bumperbot_py_examples/build install --record /home/wapush/AGV/bumperbot_ws/build/bumperbot_py_examples/install.log --single-version-externally-managed install_data
[1.771s] Level 1:colcon.colcon_core.environment:checking '/home/wapush/AGV/bumperbot_ws/install/bumperbot_py_examples' for CMake config files
[1.772s] Level 1:colcon.colcon_core.environment:checking '/home/wapush/AGV/bumperbot_ws/install/bumperbot_py_examples/lib'
[1.772s] Level 1:colcon.colcon_core.environment:checking '/home/wapush/AGV/bumperbot_ws/install/bumperbot_py_examples/bin'
[1.772s] Level 1:colcon.colcon_core.environment:checking '/home/wapush/AGV/bumperbot_ws/install/bumperbot_py_examples/lib/pkgconfig/bumperbot_py_examples.pc'
[1.772s] Level 1:colcon.colcon_core.environment:checking '/home/wapush/AGV/bumperbot_ws/install/bumperbot_py_examples/lib/python3.10/site-packages'
[1.772s] Level 1:colcon.colcon_core.shell:create_environment_hook('bumperbot_py_examples', 'pythonpath')
[1.773s] INFO:colcon.colcon_core.shell:Creating environment hook '/home/wapush/AGV/bumperbot_ws/install/bumperbot_py_examples/share/bumperbot_py_examples/hook/pythonpath.ps1'
[1.773s] INFO:colcon.colcon_core.shell:Creating environment descriptor '/home/wapush/AGV/bumperbot_ws/install/bumperbot_py_examples/share/bumperbot_py_examples/hook/pythonpath.dsv'
[1.773s] INFO:colcon.colcon_core.shell:Creating environment hook '/home/wapush/AGV/bumperbot_ws/install/bumperbot_py_examples/share/bumperbot_py_examples/hook/pythonpath.sh'
[1.774s] Level 1:colcon.colcon_core.environment:checking '/home/wapush/AGV/bumperbot_ws/install/bumperbot_py_examples/bin'
[1.774s] Level 1:colcon.colcon_core.environment:create_environment_scripts_only(bumperbot_py_examples)
[1.774s] INFO:colcon.colcon_core.shell:Creating package script '/home/wapush/AGV/bumperbot_ws/install/bumperbot_py_examples/share/bumperbot_py_examples/package.ps1'
[1.775s] INFO:colcon.colcon_core.shell:Creating package descriptor '/home/wapush/AGV/bumperbot_ws/install/bumperbot_py_examples/share/bumperbot_py_examples/package.dsv'
[1.775s] INFO:colcon.colcon_core.shell:Creating package script '/home/wapush/AGV/bumperbot_ws/install/bumperbot_py_examples/share/bumperbot_py_examples/package.sh'
[1.776s] INFO:colcon.colcon_core.shell:Creating package script '/home/wapush/AGV/bumperbot_ws/install/bumperbot_py_examples/share/bumperbot_py_examples/package.bash'
[1.776s] INFO:colcon.colcon_core.shell:Creating package script '/home/wapush/AGV/bumperbot_ws/install/bumperbot_py_examples/share/bumperbot_py_examples/package.zsh'
[1.776s] Level 1:colcon.colcon_core.environment:create_file_with_runtime_dependencies(/home/wapush/AGV/bumperbot_ws/install/bumperbot_py_examples/share/colcon-core/packages/bumperbot_py_examples)
[1.776s] DEBUG:colcon.colcon_parallel_executor.executor.parallel:closing loop
[1.777s] DEBUG:colcon.colcon_parallel_executor.executor.parallel:loop closed
[1.777s] DEBUG:colcon.colcon_parallel_executor.executor.parallel:run_until_complete finished with '0'
[1.777s] DEBUG:colcon.colcon_core.event_reactor:joining thread
[1.837s] INFO:colcon.colcon_core.plugin_system:Skipping extension 'colcon_notification.desktop_notification.notify_send': Could not find 'notify-send'
[1.837s] INFO:colcon.colcon_core.plugin_system:Skipping extension 'colcon_notification.desktop_notification.terminal_notifier': Not used on non-Darwin systems
[1.837s] INFO:colcon.colcon_core.plugin_system:Skipping extension 'colcon_notification.desktop_notification.win32': Not used on non-Windows systems
[1.837s] INFO:colcon.colcon_notification.desktop_notification:Sending desktop notification using 'notify2'
[1.837s] DEBUG:colcon.colcon_notification.desktop_notification.notify2:Failed to initialize notify2: org.freedesktop.DBus.Error.FileNotFound: Failed to connect to socket /run/user/1000/bus: No such file or directory
[1.837s] DEBUG:colcon.colcon_core.event_reactor:joined thread
[1.838s] INFO:colcon.colcon_core.shell:Creating prefix script '/home/wapush/AGV/bumperbot_ws/install/local_setup.ps1'
[1.839s] INFO:colcon.colcon_core.shell:Creating prefix util module '/home/wapush/AGV/bumperbot_ws/install/_local_setup_util_ps1.py'
[1.840s] INFO:colcon.colcon_core.shell:Creating prefix chain script '/home/wapush/AGV/bumperbot_ws/install/setup.ps1'
[1.841s] INFO:colcon.colcon_core.shell:Creating prefix script '/home/wapush/AGV/bumperbot_ws/install/local_setup.sh'
[1.841s] INFO:colcon.colcon_core.shell:Creating prefix util module '/home/wapush/AGV/bumperbot_ws/install/_local_setup_util_sh.py'
[1.842s] INFO:colcon.colcon_core.shell:Creating prefix chain script '/home/wapush/AGV/bumperbot_ws/install/setup.sh'
[1.843s] INFO:colcon.colcon_core.shell:Creating prefix script '/home/wapush/AGV/bumperbot_ws/install/local_setup.bash'
[1.843s] INFO:colcon.colcon_core.shell:Creating prefix chain script '/home/wapush/AGV/bumperbot_ws/install/setup.bash'
[1.844s] INFO:colcon.colcon_core.shell:Creating prefix script '/home/wapush/AGV/bumperbot_ws/install/local_setup.zsh'
[1.845s] INFO:colcon.colcon_core.shell:Creating prefix chain script '/home/wapush/AGV/bumperbot_ws/install/setup.zsh'
